smiles,accession_a,accession_b,pic50_a,pic50_b,relation_a,relation_b,assay_measure,pair_type
C=CC(=O)Nc1cc2c(Nc3ccc(F)c(Cl)c3)ncnc2cc1OCc1cn(CCCC(=O)NO)nn1,P04626,Q13547,8.2441,7.1249,=,=,IC50,across
O=C1c2ccccc2C(=O)N1CCCCN1CC=C(c2c[nH]c3ccc(F)cc23)CC1,P31645,P41595,9.1,8.8,=,=,Ki,across
O=c1[nH]c2ccccc2n1CCCN1CCC(n2c(=O)[nH]c3cc(Cl)ccc32)CC1,P31645,P18825,5.515,5.9952,=,=,IC50,across
O=C(c1cc([C@H]2CCCN2c2cc(F)cc(F)c2)c2oc(N3CCOCC3)cc(=O)c2c1)N1CCOCC1,P42345,P42338,4.3768,8.5537,=,=,IC50,across
CC(=O)O[C@H]1CC[C@]2(C)[C@H]3C(=O)C=C4[C@@H]5C[C@@](C)(C(=O)O)CC[C@]5(C)CC[C@@]4(C)[C@]3(C)CC[C@H]2C1(C)C,O00748,P37059,4.3924,5.4225,=,=,IC50,across
CN1C/C=C/CCOc2cccc(c2)-c2ccnc(n2)Nc2cccc(c2)C1,Q8IVH8,P22830,6.0706,6.6144,=,=,Kd,across
COCC(=O)O[C@]1(CCN(C)CCCc2nc3ccccc3[nH]2)CCc2cc(F)ccc2[C@@H]1C(C)C,P11712,Q12809,4.5467,5.8539,=,=,IC50,across
O=c1c2cc(Cl)ccc2oc2ccc(OCCCCCN3CCCCCC3)cc12,P27338,P06276,6.0472,5.7972,=,=,IC50,across
Cc1ccc(-c2ccc3ncc4c(c3n2)n([C@H]2CC[C@H](OCCO)CC2)c(=O)n4C)cn1,P42336,P42345,8.7747,7.9431,=,=,Ki,across
CNC[C@]1(O)Cc2ccccc2[C@@H]1Oc1ccccc1Cl,P31645,P10635,6.1549,5.699,=,=,IC50,across
Cl.Nc1ncccc1-c1nc2ccc(-c3cccnc3)nc2n1-c1ccc(C2(N)CCC2)cc1,P31749,P08684,7.2518,4.7447,=,=,IC50,across
Fc1cccc(Cl)c1Oc1ncccc1C1CCNCC1,P08908,P31645,7.9586,6.7122,=,=,Ki,across
Cc1cnc(-c2nc3c(F)c(-c4cccc(Cl)c4C)c(CCC#N)cc3c3c2cc([C@@H](C)N2CCOCC2=O)n3[C@H]2[C@H]3CN[C@@H]2C3)cn1,Q12809,P01116,4.9508,7.5224,=,=,IC50,across
COc1cccc(C(=O)COc2ccc(CC3SC(=O)NC3=O)cc2)c1,P11712,O95563,4.6383,5.9208,=,=,IC50,across
Nc1nc2[nH]cnc2c(=S)[nH]1,O75604,P23219,4.3768,6.2211,=,=,IC50,across
COc1ccc2c(c1)[C@]1(C[C@H]1c1ccc3c(/C=C/c4ccc(CN(C)C)cc4)n[nH]c3c1)C(=O)N2,Q96GD4,P08684,7.8239,5.1249,=,=,IC50,across
CC(=O)Nc1cc(Nc2ccccc2)cc(-c2ccnc(NC(=O)C3CCOCC3)c2)c1,Q15118,P42356,5.7212,4.7696,=,=,IC50,across
CCC(=O)N(Cc1ccc(C(F)(F)F)cc1)c1cc(F)cc(-c2nnn[nH]2)c1,Q9Y5Y4,P11712,7.4318,6.5528,=,=,IC50,across
COc1cc(/C=C/C(=O)c2ccc(OCCCCCC(=O)NO)cc2)cc(OC)c1OC,Q13547,P00533,7.2218,7.2007,=,=,IC50,across
OC1(c2ccc(Cl)c(C(F)(F)F)c2)CCN(CCCC(c2ccc(F)cc2)c2ccc(F)cc2)CC1,P21728,P23975,6.8327,6.2306,=,=,Ki,across
CS(=O)(=O)N1CCN(Cc2cn3nc(-c4cnc(N)nc4)nc(N4CCOCC4)c3n2)CC1,P42345,P48736,5.7352,7.3915,=,=,Ki,across
CCCCCCCc1cn(Cc2cc(OC)c(O)cc2I)nn1,Q8NER1,P21554,9.1612,6.3565,=,=,Ki,across
CCn1cc(-c2ccnc3[nH]c(-c4cccc(CN(C)C)c4)cc23)c(-c2ccc(NC(=O)N(C)C)cc2)n1,P35916,P10635,7.1308,4.9208,=,=,IC50,across
O=C(CCCCCCNC(=O)c1ccc(CNC2(c3ccccc3)CC2)cc1)NO,P21397,Q92769,4.6755,7.6383,=,=,IC50,across
Cc1[nH]nc2c1c(=O)n(C[C@H](F)CN)c1cc(C3CCCCC3)c(C3CCCCC3)cc21,Q12809,O14757,4.8794,8.5086,=,=,IC50,across
Cc1nc2cc(/C=C/C(=O)NO)ccc2c(=O)n1CCc1ccccc1,P11712,Q96DB2,5.041,5.3893,=,=,IC50,across
Cc1cc(C(C)(C)C)c(O)c(C)c1CC1=NCCN1,P25100,P10635,5.5461,6.699,=,=,IC50,across
CN(C)CCCc1c[nH]c2ccc(F)cc12,P05164,P31645,7.0979,8.3979,=,=,IC50,across
Nc1ccccc1NC(=O)c1ccc(C(=O)NCCNc2nonc2/C(=N/O)Nc2ccc(F)c(Br)c2)cc1,O15379,P14902,7.3468,7.1612,=,=,IC50,across
CC(C)c1ccc(OC[C@@H]2CCc3cc([C@H]4CC[C@](N)(COP(=O)(O)O)C4)ccc3C2)cc1,O95470,P21453,5.2596,6.2596,=,=,IC50,across
CN[C@H]1CC[C@@H](c2ccc(Cl)c(Cl)c2)c2ccccc21,P20813,P41595,4.9031,5.4694,=,=,IC50,across
Cc1cc(-c2cnc3ccn(Cc4ncco4)c3c2)ccc1F,Q13224,P05177,5.3,5.8239,=,=,IC50,across
COc1cc(-c2nn(C(C)C)c3ncnc(N)c23)cc(OC)c1OC,O00329,P00519,5.7212,6.0809,=,=,IC50,across
CC(C)(C)c1cccc(CN[C@H]2C[S@+]([O-])C[C@@H](Cc3cc(F)c(N)c(OCC(F)(F)F)c3)[C@@H]2O)c1,P56817,P08684,7.6523,6.5229,=,=,IC50,across
CC(/C=C/C(=O)NO)=C\[C@@H](C)[C@H]1CC[C@H]2/C(=C/C=C3\C[C@@H](O)C[C@@H](O)C3)CCC[C@]12C,P11473,Q92769,7.0605,4.983,=,=,IC50,across
O=C(Cn1nc(C(=O)Nc2ccccn2)c2ccccc21)Nc1cc(Cl)ccc1Cl,P33527,O15244,6.308,4.2984,=,=,IC50,across
CN(C)C(=O)C(CCN1CCC(O)(c2ccc(Cl)cc2)CC1)(c1ccccc1)c1ccccc1,O95342,P10635,4.1739,5.699,=,=,IC50,across
Cc1ccc(C)c(-n2sc3cc(F)ccc3c2=O)c1,O15305,Q8TCT1,5.1367,5.4815,=,=,IC50,across
CC1CN(C(=O)Cc2nc(N3CCOCC3)cc(=O)[nH]2)c2ccccc21,O00329,P31749,7.0605,7.8861,=,=,IC50,across
O=C(c1cc(Cc2n[nH]c(=O)c3ccccc23)ccc1F)N1CCN(Cc2ccnc(Nc3cc(-c4ccc(F)c5ccoc45)c(F)cn3)c2)CC1,P50750,P09874,7.2676,6.9281,=,=,IC50,across
C[C@H](CN)n1nc(-c2ccc(Cl)c(O)c2)c2c(N)ncnc21,P42336,P54760,5.7905,6.0,=,=,IC50,across
CNC(=O)CN1CCC(Oc2cc3c(Nc4cccc(Cl)c4F)ncnc3cc2OC)CC1,P21709,P55263,7.8239,5.8526,=,=,Kd,across
Br.CN1CCc2cc(Br)c(O)cc2C(c2ccccc2)C1,Q01959,P18825,5.6224,6.0964,=,=,Ki,across
CCn1c(-c2ccc(OCCCN3CCCCC3)cc2)nc2ccccc2c1=O,P35348,Q12809,5.8861,5.7696,=,=,IC50,across
O=C(CCCCC(=O)Nc1ccc2c(c1)/C(=C/c1ccc[nH]1)C(=O)N2)NO,P35968,Q92769,6.5376,7.6904,=,=,IC50,across
CN1CCCC1CCOc1ccc(/C(=C(/CCCO)c2ccccc2)c2ccc(Br)cc2)cc1.Cl,Q12809,P03372,5.7696,5.5272,=,=,IC50,across
CCn1cc(-c2ccnc3[nH]c(-c4cccc(CN(C)C)c4)cc23)c(-c2ccc(NC(=O)N(C)C)cc2)n1,P33261,P11362,4.0915,7.1135,=,=,IC50,across
COc1cc(Nc2cc(-c3cccc(C#N)c3)ccn2)ccc1N1CCOCC1,Q12809,Q9UKE5,5.1135,7.2596,=,=,IC50,across
CNC(=O)CCCCCCCn1nc(-c2ccc3oc(N)nc3c2)c2c(N)ncnc21,Q13547,P42345,8.6021,8.3925,=,=,IC50,across
C[C@@H](c1ccc(-c2ccc(F)cc2)cc1)[C@H](N)C(=O)N1CC[C@H](F)C1.O=C(O)C(F)(F)F,P27487,Q12809,7.1938,5.9586,=,=,IC50,across
COc1c(O)cc2oc3cc(O)c(CC=C(C)C)c(O)c3c(=O)c2c1CC=C(C)C,P36639,O60341,6.3279,5.5513,=,=,IC50,across
CN(C)CCCOc1ccc(-c2cc3c(cc2F)ncc2c3n([C@@H]3CCCOC3)c(=O)n2C)cn1,P42336,P42345,5.0,5.2291,=,=,IC50,across
O=c1cc(-c2ccccc2)oc2cc(O)ccc12,P11511,P15121,6.678,4.9101,=,=,IC50,across
O=C(CCCc1ccccc1)N1c2ccccc2Sc2ccccc21,P31645,P13945,5.4202,5.7696,=,=,Ki,across
CNC[C@H]1COc2ccccc2[C@@H]1Oc1ccccc1C,P10635,P23975,6.6778,6.699,=,=,IC50,across
COc1cc(-c2nn(C3CCCC3)c3ncnc(N)c23)ccc1N,P48736,P08631,6.567,8.699,=,=,IC50,across
Cc1nc(Nc2n[nH]c3c2CN(C(=O)N[C@H](CN(C)C)c2ccccc2)C3(C)C)c2sccc2n1,P49841,P18074,6.1759,8.699,=,=,Kd,across
CCCCc1nc(Cl)c(CO)n1Cc1ccc(-c2ccccc2-c2nnn[nH]2)cc1,P30556,Q9UNQ0,7.7905,4.4559,=,=,IC50,across
CC(=O)Nc1c(C(C)=O)c(=O)n(C)c2nc(-c3ccc(Cl)cc3Cl)c(-c3ccc(Cl)cc3)cc12,P09917,P21554,5.8729,8.1249,=,=,IC50,across
O=C(O)C(Sc1nc(Cl)cc(Nc2ccc(Cc3ccccc3)cc2)n1)c1cccc2ccccc12,P09917,O14684,6.0902,5.8239,=,=,IC50,across
CN(C)CCCN1c2ccccc2Sc2ccc(Cl)cc21,P33261,P18089,4.4672,7.585,=,=,IC50,across
CO[C@H]1C[C@@H](n2c(=O)n(C)c3cnc4cc(F)c(-c5ccc(OCCCN(C)C)nc5F)cc4c32)C1,Q12809,P42345,4.6576,4.8633,=,=,IC50,across
COCC(=O)N1CCC[C@@H](c2nc(-c3ccc(C(=O)Nc4cc(C(F)(F)F)ccn4)cc3F)c3c(N)nccn23)C1,Q12809,Q13882,5.3468,7.2218,=,=,IC50,across
CN(C)C(=O)C(CCN1CCC(O)(c2ccc(Cl)cc2)CC1)(c1ccccc1)c1ccccc1,O00748,P35372,5.8239,9.2757,=,=,Ki,across
Cc1ccc2c(c1)C(=O)N(C)c1cnc(Nc3cccc(S(=O)(=O)N4CCC(O)CC4)c3)nc1N2C,O60885,P42338,4.9666,5.321,=,=,IC50,across
O=C1NCN(c2ccccc2)C12CCN(CCCOc1ccc(F)cc1)CC2,Q01959,P18825,5.5614,6.1171,=,=,Ki,across
CCCC/C(=C\c1cc(OC/C=C/c2ccccc2)ccc1OCc1ccc(C(F)(F)F)cc1)C(=O)O,P09917,O14684,6.1249,5.301,=,=,IC50,across
Cc1cnc(Nc2ccc(OCCCCCCC(=O)NO)c(F)c2)nc1Nc1cccc(S(=O)(=O)NC(C)(C)C)c1,P23458,Q92769,7.387,6.5239,=,=,IC50,across
COC(=O)C1=C(C)NC(C)=C(C(=O)OCCN(C)Cc2ccccc2)C1c1cccc([N+](=O)[O-])c1,P10632,Q13936,5.8069,5.0177,=,=,IC50,across
CCOc1cc(N2CCC(O)CC2)ccc1Nc1ncc2c(n1)N(C)c1ccccc1C(=O)N2C,Q13470,Q9UBF8,5.0,4.4685,=,=,IC50,across
COC(=O)[C@@H]1[C@H]2C[C@H]3c4[nH]c5ccccc5c4CCN3C[C@@H]2CC[C@@H]1O,P11387,P08913,4.5229,8.0536,=,=,IC50,across
COc1ccc(-c2nn(C[C@@H](C)CO)c3ncnc(N)c23)cc1OC,O00329,P35968,7.1739,5.0,=,=,IC50,across
O=c1[nH]c2ccccc2n1CCCN1CCC(n2c(=O)[nH]c3cc(Cl)ccc32)CC1,Q12809,P35462,6.79,7.7447,=,=,IC50,across
NCCc1cn(S(=O)(=O)c2c(Cl)nc3sccn23)c2ccccc12.O=C(O)C(=O)O,Q01959,P46098,5.7646,6.1793,=,=,Ki,across
O=c1[nH]c2ccccc2n1CCCN1CCC(n2c(=O)[nH]c3cc(Cl)ccc32)CC1,P18825,O15244,5.9952,5.1024,=,=,IC50,across
CCCNCc1ccc(CCn2ccc(OCc3ccc(F)cc3)cc2=O)nc1,Q99705,Q12809,7.8618,5.2924,=,=,IC50,across
COc1cc(O)cc(/C=C/c2ccc(O)cc2)c1,Q16678,P09917,5.6778,5.3969,=,=,IC50,across
COCCOc1cc(CC2CCN(CCc3ccc4c(c3)C(=O)CCO4)CC2)ccc1I,P31645,P08908,9.3872,8.0575,=,=,Ki,across
O=c1cc(OCc2ccccc2)ccn1-c1ccc(OCCN2CCCCC2)cc1,Q99705,Q12809,8.0389,8.2366,=,=,IC50,across
CC(=O)[C@H]1CC[C@H]2[C@@H]3CCC4=CC(=O)CC[C@]4(C)[C@H]3CC[C@]12C,Q8TDU6,P08183,5.5575,4.6737,=,=,EC50,across
NCCc1cn(S(=O)(=O)c2c(Cl)nc3sccn23)c2ccccc12.O=C(O)C(=O)O,Q5T601,P21453,5.3911,5.3974,=,=,IC50,across
O=c1c(O)c(-c2ccccc2)oc2cc(O)cc(O)c12,P0DMS8,P37231,5.5017,5.2518,=,=,Ki,across
Cc1nc(COc2ccc(Cl)cc2OC2CNC2)cs1,P28223,P31645,6.6478,7.5686,=,=,Ki,across
COc1c(O)cc2oc3cc(O)c(CC=C(C)C)c(O)c3c(=O)c2c1CC=C(C)C,P18031,P36639,5.2596,6.3279,=,=,IC50,across
COc1nc(Nc2cccc3c2nc(-c2ccc(F)cc2)n3C)ccc1-n1cnc(C)c1,P33261,Q12809,5.4559,5.0706,=,=,IC50,across
O=C(O)C1CN(Cc2ccc3c(c2)CCc2c-3noc2-c2onc(-c3ccccc3)c2C(F)(F)F)C1,Q12809,P21453,5.699,8.3322,=,=,IC50,across
CCCCc1nc(Cl)c(CO)n1Cc1ccc(-c2ccccc2-c2nnn[nH]2)cc1,Q9NPD5,P21731,5.94,4.699,=,=,IC50,across
Cc1c(CCC(=O)O)cccc1NC(=O)C(c1ccc(-c2cncc(Cl)c2)cc1)C1CCCC1,O14684,P35354,7.2218,7.2248,=,=,IC50,across
O=c1[nH]c2ccccc2n1CCCN1CCC(n2c(=O)[nH]c3cc(Cl)ccc32)CC1,P23975,P18825,5.5862,6.8327,=,=,Ki,across
O=C(O)CC(O)(CC(=O)O)C(=O)O,Q9UGL1,Q9H6Z9,3.0969,3.2596,=,=,IC50,across
Cc1nc(Nc2n[nH]c3c2CN(C(=O)N[C@H](CN(C)C)c2ccccc2)C3(C)C)c2sccc2n1,P18074,Q9UGJ0,8.699,8.301,=,=,Kd,across
CN(C)C(=O)COC(=O)Cc1ccc(OC(=O)c2ccc(NC(=N)N)cc2)cc1,Q96FL8,Q04756,5.5376,4.4949,=,=,IC50,across
CN(C)CCCN1c2ccccc2Sc2ccc(Cl)cc21,Q01959,P11229,5.6778,7.2995,=,=,Ki,across
CCCCCCCCCC(=O)O,P37231,Q96DB2,4.5229,4.0177,=,=,IC50,across
O=C(c1cc([C@H]2CCCN2c2cc(F)cc(F)c2)c2oc(N3CCOCC3)cc(=O)c2c1)N1CCOCC1,Q12809,P42338,4.3468,8.5537,=,=,IC50,across
O=C(C1CCN(c2ccncc2)CC1)N1CC[C@@H](CNS(=O)(=O)/C=C/c2ccc(-c3ccc(Cl)s3)s2)C1,P00742,P08684,7.7447,5.8163,=,=,IC50,across
OC1(c2ccc(Cl)c(C(F)(F)F)c2)CCN(CCCC(c2ccc(F)cc2)c2ccc(F)cc2)CC1,P21918,Q01959,6.9031,5.766,=,=,Ki,across
CCN(CC)CCN(Cc1ccc(-c2ccc(C(F)(F)F)cc2)cc1)C(=O)Cn1cc(Br)c(=O)nc1SCc1ccc(F)cc1,P10635,Q13093,4.2518,9.0,=,=,IC50,across
CS(=O)(=O)Nc1ccc(-c2ccnc(Nc3ccc(N4CCN(CC(=O)Nc5ccc(/C=C/C(=O)NO)cc5)CC4)cc3)n2)cc1,Q92769,O60674,6.5376,9.1427,=,=,IC50,across
Cc1ccc(Nc2nccc(N(C)c3ccc4c(C)n(C)nc4c3)n2)cc1S(N)(=O)=O,Q86TW2,Q9H0K1,4.79,5.1367,=,=,Kd,across
O=C([C@H]1CNCC[C@@]12OCc1cc(F)c(F)cc12)N(Cc1nccc2ccccc12)C1CC1,P08684,P00797,5.0315,8.912,=,=,IC50,across
O=C(O)C1(c2ccc(-c3ccc(Cl)c(Cl)c3)c(F)c2)CC1,P52895,P11712,5.9586,4.4202,=,=,IC50,across
Cn1cncc1C(=O)N(Cc1cc(=O)[nH]c2c(F)c(F)ccc12)c1cccc(Cl)c1,P29475,P11712,7.1549,4.6021,=,=,EC50,across
CC(C)n1nc(-c2ccc3cn[nH]c3c2)c2c(N)ncnc21,O00329,P78527,6.9208,7.1135,=,=,IC50,across
O=C(Nc1ccc(-c2nnn[nH]2)cc1F)[C@H](C1CCCCC1)n1c(-c2ccc(Cl)cc2)nc2cc(F)c(F)cc21,P10635,Q96RI1,4.5086,8.0969,=,=,IC50,across
Cc1nn(-c2cccnc2)c(C)c1-c1cc(N2CC3CCC(C2)O3)nc2c(-c3ccn[nH]3)cnn12.O=C(O)/C=C/C(=O)O,P11712,P42336,4.4837,5.4465,=,=,IC50,across
Nc1ncc(-c2nc(N3CCOCC3)c3ccn(CCCCCCC(=O)NO)c3n2)cn1,P42338,Q13547,7.0605,8.8239,=,=,IC50,across
Cc1nsc(-c2nnc3n2CCN(C(=O)c2ccc(-c4cccs4)cc2)[C@@H]3C)n1,P33261,Q12809,4.7212,5.0969,=,=,IC50,across
COc1cc(-c2nn(C(C)C)c3ncnc(N)c23)cc(OC)c1OC,Q9UBF8,P42345,5.5229,4.0,=,=,IC50,across
CCC(CC)CNc1c(C(N)=O)cnc2ccc(-c3cccnc3)cc12,Q13315,Q12809,7.1367,6.1739,=,=,IC50,across
COc1c(Cl)cccc1Nc1c(-c2ccncc2F)[nH]c2c1C(=O)NC[C@@H]2C[C@@H]1COCCO1,Q12809,P11712,5.5086,4.9208,=,=,IC50,across
COc1c(O)cc(O)c2c(=O)cc(-c3ccccc3)oc12,P35354,P24941,4.3372,5.8356,=,=,IC50,across
Cc1ccc(-c2n[nH]c3ncnc(N)c23)cc1OCc1ccccc1,P48736,P00519,5.4763,4.8861,=,=,IC50,across
Cc1nn(-c2cccnc2)c(C)c1-c1cc(N2CC3CCC(C2)O3)nc2c(-c3ccn[nH]3)cnn12.O=C(O)/C=C/C(=O)O,P42336,Q13315,5.4465,5.0,=,=,IC50,across
CC(=O)NCCc1cccc2ccc(S(N)(=O)=O)cc12,P16083,P49286,7.4924,6.4306,=,=,IC50,across
O=C(Nc1ccc(C(=O)NCCN2CCCCC2)cc1)Nc1ccc(-c2nc(O[C@H]3CCOC3)nc(N3CCOCC3)n2)cc1,P42336,P42345,8.8539,9.3979,=,=,IC50,across
Nc1ncc(-c2nc(N3CCOCC3)c3ncn(CCCCCCC(=O)NO)c3n2)cn1,P42338,Q13547,6.1884,8.6383,=,=,IC50,across
NC(=O)[C@@H]1CC(O)CN1C(=O)c1ccc(NC(=O)Nc2ccc(-c3nc(N4CCOCC4)nc(N4CCOCC4)n3)cc2)cc1,P42345,P48736,8.6576,7.0052,=,=,IC50,across
Cc1nc(NC(=O)NCCc2cn(CC(F)F)cn2)sc1C#Cc1cccnc1,Q12809,P48736,4.8861,6.8861,=,=,IC50,across
O=C(O)c1cnc(SCCCc2ccccc2)[nH]c1=O,O15054,Q9NWT6,4.1549,4.5258,=,=,IC50,across
O=C(Nc1cc(-c2cccc(O)c2)cc2[nH]ncc12)C1CC1,P48736,P49841,5.1,5.9,=,=,IC50,across
C[C@H](CN)n1nc(-c2ccc(Cl)c(O)c2)c2c(N)ncnc21,Q9UBF8,P42345,4.8356,5.699,=,=,IC50,across
O=C(Nc1ccc(Oc2ccc(F)cc2)cc1)[C@@H]1C[C@@H](c2ccccc2)CN1C(=O)Cc1cnc[nH]1,P08684,P21453,6.5214,6.8013,=,=,IC50,across
Cc1cc(C2=NCCCN2)cc2[nH]c(-c3c(NCC(O)c4cccc(Cl)c4)cc[nH]c3=O)nc12,P08069,P33261,7.1675,5.0706,=,=,IC50,across
Cc1ccc2c(N3CCN(CCc4cccc5c4OCC(=O)N5C)[C@H](C)C3)cc(F)cc2n1,P28221,P31645,9.5,8.7001,=,=,Ki,across
NC(=O)c1cc(Cl)c2c(Cl)c(C#CC3CC3)n(C3CCCNC3)c2n1,P11309,Q12809,8.1399,6.0,=,=,IC50,across
C=CC(=O)N1CCC([C@@H]2CCNc3c(C(N)=O)c(-c4ccc(Oc5ccccc5)cc4)nn32)CC1,P08684,Q06187,4.5311,8.7447,=,=,IC50,across
C=CC(=O)N1CCC[C@@H](n2nc(-c3ccc(Oc4ccccc4)cc3)c3c(N)ncnc32)C1,Q12809,P12931,5.9586,7.1608,=,=,IC50,across
CN1CCC(=C2c3ccccc3C=Cc3ccccc32)CC1,P25021,P23975,6.7033,6.2487,=,=,IC50,across
COc1cc2c(cc1OC)C1=NO[C@@H](CN3CCN(C/C=C(\C)c4ccc(F)cc4)CC3)[C@@H]1CO2,P18825,P31645,9.5229,8.8861,=,=,Ki,across
C[C@@H]1CCNC(=O)c2cc3ccc(C(=O)Nc4nc5ccccc5n4CCCN(C)C)cc3n21,P36888,P35368,6.1463,7.284,=,=,IC50,across
CNC(=O)c1cc(C(=O)N[C@H]2CC[C@H](O)CC2)c([C@@H](C)c2ccccc2)o1,O60885,O95342,7.7001,3.9,=,=,IC50,across
C=C(C)[C@@H]1CCC(C)=C[C@H]1c1c(O)cc(CCCCC)cc1O,P20815,P18089,6.7212,5.4949,=,=,Ki,across
Nc1ncc(-n2c3ccc(F)cc3c3[nH]ncc32)cc1Cl,P05177,P50579,6.8,8.1,=,=,IC50,across
CC(C)(C(=O)O)c1ccc(CCCN2CCC(=C3c4ccc(Cl)cc4CCc4cccnc43)CC2)c(F)c1,P35367,Q12809,7.6613,4.5214,=,=,IC50,across
CC(C)c1cc(COc2ccccc2CC(=O)O)cc(-c2ccc3c(c2)[C@H](N)CO3)c1,P23219,P00734,5.4815,7.0458,=,=,IC50,across
Cc1ccc(NC(=O)Nc2cc(-c3ccccc3-c3nnn[nH]3)ccc2N(CC(C)C)CC(C)C)cc1,P05177,P14902,5.0223,8.2764,=,=,IC50,across
O=C1c2ccccc2C(=O)N1CCCCN1CC=C(c2c[nH]c3ccc(F)cc23)CC1,P31645,P21917,9.1,7.1,=,=,Ki,across
Nc1ccc(S(N)(=O)=O)cc1,P06276,Q16790,3.8576,5.7233,=,=,IC50,across
Nc1nc2ccn(CCCCCc3ccc(C(=O)N[C@@H](CCC(=O)O)C(=O)O)cc3)c2c(=O)[nH]1,P34897,P22102,7.0969,6.4202,=,=,Ki,across
CN[C@H]1CC[C@@H](c2ccc(Cl)c(Cl)c2)c2ccccc21,P08684,P11229,5.4817,5.89,=,=,IC50,across
Cc1c(O)c(O)c2c(c1C=O)[C@@H]1O[C@H](O2)c2c(C)c(O)c(O)c(O)c2C1=O,Q13547,Q9UM73,5.0655,6.7447,=,=,IC50,across
Cc1cccc(C2CCN(CCNC(=O)C3CCOCC3)CC2)n1,P21917,Q12809,6.9547,4.3536,=,=,IC50,across
C=C(C)[C@@H]1CCC(C)=C[C@H]1c1c(O)cc(CCCCC)cc1O,Q9Y2T6,Q15858,6.3516,5.7399,=,=,IC50,across
Cl.Nc1ncccc1-c1nc2ccc(-c3cccnc3)nc2n1-c1ccc(C2(N)CCC2)cc1,P11712,P31749,5.0,7.2518,=,=,IC50,across
Cc1ccc(C(C)(C)CC(O)(Cc2cc3cc(S(C)(=O)=O)ncc3[nH]2)C(F)(F)F)c(C(N)=O)c1,P04150,P08684,7.1527,5.2218,=,=,IC50,across
COc1ccc(-c2cnc3c(-c4cccc5ncccc45)cnn3c2)cc1,P12644,O00238,5.5229,5.0074,=,=,IC50,across
CC[C@@H](c1nc2cccc(F)c2c(=O)n1C1CC1)n1nc(-c2ccc(OC)c(F)c2)c2c(N)ncnc21,Q12809,O00329,4.8601,7.8539,=,=,IC50,across
CC(N)Cc1c[nH]c2ccccc12,Q01959,P28223,6.1765,6.4117,=,=,Ki,across
Cc1nsc(-c2nnc3n2CCN(C(=O)c2ccc(-c4cccs4)cc2)[C@@H]3C)n1,Q12809,P05177,5.0969,4.1739,=,=,IC50,across
O=C1Nc2ccccc2/C1=C\c1ccc2c(/C=C/c3ccncc3)n[nH]c2c1,P33261,P36888,6.8861,7.4559,=,=,IC50,across
CC(=O)c1ccc(-c2nn(C(C)C)c3ncnc(N)c23)cc1,O00329,P00519,6.3872,5.699,=,=,IC50,across
Cc1nsc(-c2nnc3n2CCN(C(=O)c2ccc(-c4cccs4)cc2)[C@@H]3C)n1,P08684,P29371,4.0996,8.4,=,=,IC50,across
O=C1CCC(N2Cc3cc(C4CCN(C(=O)CCCCCN5CCC(c6ccc(Oc7nn8cnnc8c8c7CCCC8)cc6)CC5)CC4)ccc3C2=O)C(=O)N1,Q01959,P11229,5.449,5.7786,=,=,Ki,across
Cc1ccc2c(N3CCN(CCc4cccc5c4OCC(=O)N5C)[C@H](C)C3)cc(F)cc2n1,P08908,Q12809,9.7001,5.5,=,=,Ki,across
COCC(=O)O[C@]1(CCN(C)CCCc2nc3ccccc3[nH]2)CCc2cc(F)ccc2[C@@H]1C(C)C,P33261,Q9P0X4,5.8794,6.8861,=,=,IC50,across
CCCCCCCCCCCC1=C(O)C(=O)C=C(O)C1=O,P09917,Q92831,5.9604,5.1427,=,=,IC50,across
COc1cc(NCC2CCNCC2)nc2c1nnn2-c1cccc(N(C)C)c1,P11309,Q12809,8.8239,4.5,=,=,IC50,across
O=C1NCN(c2ccccc2)C12CCN(CCCOc1ccc(F)cc1)CC2,P35367,Q01959,6.511,5.5614,=,=,Ki,across
OCCN(CCO)c1nc(N2CCCCC2)c2nc(N(CCO)CCO)nc(N3CCCCC3)c2n1,O76074,Q99808,6.2411,7.4654,=,=,IC50,across
CC1C(c2ccc(OCCCN3CCCC3)cc2)Oc2ccccc2S1(=O)=O,Q9Y5N1,Q12809,9.2218,5.8861,=,=,IC50,across
O=C(O)/C=C/C(=O)NNC(=O)c1cnccc1Cc1ccccc1,Q6NS38,Q9Y4C1,4.5867,6.3979,=,=,IC50,across
O=C(O)c1ccc2c(c1)nc(NCc1ccccc1)c1ncncc12,O75747,O43293,2.3468,2.8239,=,=,IC50,across
CN(C)CC(c1ccc(O)cc1)C1(O)CCCCC1,Q14524,P23975,3.6,6.0466,=,=,IC50,across
c1ccc(-c2c[nH]c([C@H]3Cc4c([nH]c5ccccc45)C(C4CCCCC4)N3)n2)nc1,P32745,Q12809,7.7491,6.699,=,=,IC50,across
C=CC(=O)N1CCC([C@@H]2CCNc3c(C(N)=O)c(-c4ccc(Oc5ccccc5)cc4)nn32)CC1,P42680,P08684,8.0278,4.5311,=,=,IC50,across
COC(=O)[C@@H]1[C@H]2C[C@H]3c4[nH]c5ccccc5c4CCN3C[C@@H]2CC[C@@H]1O,P08908,O95342,5.0031,3.5952,=,=,IC50,across
CC(C)n1nc(-c2ccc3cn[nH]c3c2)c2c(N)ncnc21,P54760,P48736,5.7959,6.4815,=,=,IC50,across
O=P(O)(O)C(NS(=O)(=O)c1ccc(-c2ccccc2)cc1)P(=O)(O)O,P08253,Q16790,6.8539,6.4597,=,=,IC50,across
CCNc1nccc(-c2n[nH]c3nc(N4CCC5(CC4)CO[C@@H](C)[C@H]5N)cnc23)c1Cl,Q12809,Q06124,4.8861,7.7136,=,=,IC50,across
CC(C)N1CCC(c2ccc(/C(=C(/CCCO)c3ccccc3)c3ccc(O)cc3)cc2)CC1.Cl,Q12809,P03372,4.6576,5.3594,=,=,IC50,across
C=CCN(CC=C)CCc1c[nH]c2ccccc12,P28221,P23975,6.16,6.0,=,=,Ki,across
Cc1nsc(-c2nnc3n2CCN(C(=O)c2ccc(-c4cccs4)cc2)[C@@H]3C)n1,Q12809,P10635,5.0969,4.4089,=,=,IC50,across
Cc1nc2cc(/C=C/C(=O)NO)ccc2c(=O)n1CCc1ccccc1,Q9UBN7,P11712,7.5376,5.041,=,=,IC50,across
OC1(c2ccc(Cl)c(C(F)(F)F)c2)CCN(CCCC(c2ccccc2)c2ccccc2)CC1,P41143,P31645,5.8164,5.9281,=,=,Ki,across
CC[C@@H]1C(=O)N(C)c2cnc(Nc3ccc(-c4nnc(CN5CCN(C)CC5)s4)cc3OC)nc2N1C1CCCC1,P11712,P53350,5.1314,9.5686,=,=,IC50,across
CC(C)(F)CN1CCc2cc(O)ccc2C1c1ccc(OCCCCCCC(=O)NO)cc1,P03372,Q13547,7.0419,6.2348,=,=,IC50,across
Cn1cc(-c2cc3nccnc3c(OCC3CNCCC3(F)F)n2)cn1,Q12809,Q96GD4,4.6,7.3,=,=,IC50,across
Cc1cc(NC2CCc3ccc(Br)cc3C2)n2nc(C(C)(F)F)nc2n1,Q12809,P10632,5.9586,4.7721,=,=,IC50,across
Nc1nc(N)c2nc(-c3cccc(O)c3)c(-c3cccc(O)c3)nc2n1,P49760,O00329,7.3665,6.6021,=,=,Kd,across
Cc1nc(N2CCCC2)nc2ccc(NC(=O)COc3ccc(Cl)cc3)cc12,P41595,Q12809,5.7212,5.0,=,=,IC50,across
NC(=O)c1sc(N2CCOCC2)nc1CC(=O)N1CCc2ccccc21,P42338,P08684,7.3754,4.3979,=,=,IC50,across
Cn1c(=O)n([C@H]2C[C@@H](O)C2)c2c3cc(-c4ccc(OCCCN5CCCC5)nc4)ccc3ncc21,P42336,Q13315,5.6216,9.3497,=,=,IC50,across
CCOC(=O)c1cncc([C@@]2(c3cnn(C)c3)N[C@@H](c3nc(-c4ccc(F)cc4)c[nH]3)Cc3c2[nH]c2ccccc32)c1,P32745,Q12809,8.0467,5.5986,=,=,IC50,across
CC/C(=C(\c1ccc(O)cc1)c1ccc(OCCN(C)C)cc1)c1ccccc1,P11511,P03372,3.2757,8.5229,=,=,IC50,across
Oc1cccc(N2[C@@H]3CC[C@H]2CN(CCCc2ccccc2)C3)c1,P10275,Q14524,5.0964,5.6383,=,=,IC50,across
Nc1ncnc2c1c(-c1ccc(F)c(O)c1)nn2Cc1ocnc1-c1ccccc1,P12931,O00329,7.3768,5.9706,=,=,IC50,across
CS(=O)(=O)NC[C@@H]1CCCN1C(=O)C[C@H](N)Cc1cc(F)c(F)cc1F,P10635,P27487,4.8477,7.5686,=,=,IC50,across
O=c1c(O)c(-c2ccccc2)oc2cc(O)cc(O)c12,P21397,Q16678,6.8861,8.0625,=,=,IC50,across
CCn1cc(-c2ccnc3[nH]c(-c4cccc(CN(C)C)c4)cc23)c(-c2ccc(NC(=O)N(C)C)cc2)n1,P33261,O14965,4.0915,7.178,=,=,IC50,across
COCC(=O)N1CCC[C@@H](c2nc(-c3ccc(C(=O)Nc4cc(C(F)(F)F)ccn4)cc3F)c3c(N)nccn23)C1,P42680,Q12809,7.2007,5.3468,=,=,IC50,across
OC1(c2ccc(Cl)cc2)CCN(Cc2c[nH]c3ccccc23)CC1,Q01959,P14416,5.8534,7.9508,=,=,Ki,across
CCCN1CCC(COc2nc3c(Cl)cccc3c3ccccc23)CC1,P28223,P46098,5.7496,5.6073,=,=,Ki,across
Cc1nc2cnc3ccc(-c4cnc5[nH]ccc5c4)cc3c2n1-c1ccc(C(C)(C)C#N)cc1,O00329,P42345,7.6635,7.5361,=,=,IC50,across
COc1cc(O)c2c(=O)cc(-c3ccccc3)oc2c1OC,P22303,Q9H4B4,5.6091,2.2905,=,=,IC50,across
COc1ccc2c3c([nH]c2c1)-c1nc2ccccc2c(=O)n1CC3,O76074,Q16678,4.6566,6.9586,=,=,IC50,across
CN[C@H]1CC[C@@H](c2ccc(Cl)c(Cl)c2)c2ccccc21,P11229,P20813,5.89,4.9031,=,=,IC50,across
C=C(C)[C@@H]1CCC(C)=C[C@H]1c1c(O)cc(CCCCC)cc1O,P24462,P41145,4.9101,5.6383,=,=,Ki,across
C[C@H](CN)n1nc(-c2ccc(Cl)c(O)c2)c2c(N)ncnc21,O00329,P12931,5.7905,7.1367,=,=,IC50,across
Cc1nc2c(F)cc(-c3nc(Nc4ccc5c(n4)CCN(CCN(C)C)C5)ncc3F)cc2n1C(C)C,Q12809,P35968,5.0,5.4052,=,=,IC50,across
C[C@@H](n1cnc2cc(Cl)ccc2c1=O)[C@](O)(Cn1cncn1)c1ccc(F)cc1F,P11712,Q12809,4.983,4.4577,=,=,IC50,across
O=C(O)CNC(=O)c1ccc(S(=O)(=O)N2CCC(c3ccc(Br)cc3)CC2)cc1F,Q9UBN7,P45974,4.4089,4.8861,=,=,Kd,across
C[C@H]1O[C@@H](O[C@H]2[C@@H](O)C[C@H](O[C@H]3[C@@H](O)C[C@H](O[C@H]4CC[C@@]5(C)[C@H](CC[C@@H]6[C@@H]5C[C@@H](O)[C@]5(C)[C@@H](C7=CC(=O)OC7)CC[C@]65O)C4)O[C@@H]3C)O[C@@H]2C)C[C@H](O)[C@@H]1O,O95342,Q9NPD5,3.5782,4.88,=,=,IC50,across
CCC(c1ccc(O)c(OC)c1)c1ccc(OC)cc1O,P14679,P22303,5.5482,5.3224,=,=,IC50,across
O=C(N[C@@H](c1ccccn1)C1CCCC1)c1ccc2[nH]nc(-c3ccc(N4[C@H]5COC[C@H]4CC(O)C5)cc3)c2c1,P08684,P33981,6.4815,8.6576,=,=,IC50,across
CC(=O)O[C@H]1CC[C@]2(C)[C@H]3C(=O)C=C4[C@@H]5C[C@@](C)(C(=O)O)CC[C@]5(C)CC[C@@]4(C)[C@]3(C)CC[C@H]2C1(C)C,P14061,O00748,4.7258,4.3924,=,=,IC50,across
Cc1nc(Nc2n[nH]c3c2CN(C(=O)N[C@H](CN(C)C)c2ccccc2)C3(C)C)c2sccc2n1,Q9BZL6,Q12809,6.6519,4.3757,=,=,IC50,across
COc1ncc(-c2cc3c(C)nc(N)cc3n(C3CCCC3)c2=O)cc1NS(C)(=O)=O,P42345,P42336,7.2031,7.6356,=,=,IC50,across
CC(=O)Nc1c(C(C)=O)c(=O)n(C)c2nc(-c3ccc(Cl)cc3Cl)c(-c3ccc(Cl)cc3)cc12,P18825,P14867,5.9469,7.0862,=,=,Ki,across
C[C@@H](NCCCc1cccc(C(F)(F)F)c1)c1cccc2ccccc12.Cl,P23975,P50406,5.8383,5.7392,=,=,Ki,across
Nc1ncc(-c2nc(N3CCOCC3)c3ccn(CCCCCCC(=O)NO)c3n2)cn1,P48736,P42345,7.0362,6.9957,=,=,IC50,across
COc1c(O)cc2oc3cc(O)c(CC=C(C)C)c(O)c3c(=O)c2c1CC=C(C)C,P17405,P16050,4.8508,5.5086,=,=,IC50,across
O=c1[nH]nc(-c2ccccc2)o1,P14920,Q6P988,3.5173,6.1383,=,=,IC50,across
O=C(O)CC(O)(CC(=O)O)C(=O)O,Q9C0B1,Q9UGL1,3.4172,3.0969,=,=,IC50,across
Cc1nc(Nc2n[nH]c3c2CN(C(=O)N[C@H](CN(C)C)c2ccccc2)C3(C)C)c2sccc2n1,P18074,Q7KZI7,8.699,6.9431,=,=,Kd,across
Cc1ccc(Nc2nccc(N(C)c3ccc4c(C)n(C)nc4c3)n2)cc1S(N)(=O)=O,P17948,O15439,8.0,5.0915,=,=,IC50,across
O=C(CCCCCC(=O)Nc1cc(-c2ccc3ncn(Cc4cccc(F)c4Cl)c3c2)[nH]n1)NO,Q13547,P36888,7.4921,8.1637,=,=,IC50,across
CNCc1cc(C#CCCN2CCOCC2)ccc1Oc1ccc(Cl)c(C(F)(F)F)c1,P31645,Q9Y5N1,7.7696,7.8861,=,=,Ki,across
Cc1ccc(Nc2nccc(N(C)c3ccc4c(C)n(C)nc4c3)n2)cc1S(N)(=O)=O,P35968,O60331,7.8539,5.7212,=,=,Kd,across
Clc1ccccc1CN1CCc2sccc2C1,O95342,P33261,4.3501,5.8861,=,=,IC50,across
Nc1ncc(-c2nc(N3CCOCC3)c3ncn(CCCCCCC(=O)NO)c3n2)cn1,P42345,Q13547,6.5406,8.6383,=,=,IC50,across
O=S(=O)(c1ccc(F)cc1)c1ccc(CCc2ccc(F)cc2)nc1,Q12809,P28223,5.0862,7.6383,=,=,Ki,across
COc1ccc2[nH]cc(C3CC(=O)N(CCCCN4CCC(c5c[nH]c6ccc(F)cc56)CC4)C3=O)c2c1,P34969,P31645,6.1931,7.757,=,=,Ki,across
O=C(CCCCCCCCCCn1cc(-c2ncnc3[nH]ccc23)cn1)NO,O60674,Q13547,7.3665,5.451,=,=,IC50,across
CCCC/C(=C\c1cc(OCc2cc(C(F)(F)F)cc(C(F)(F)F)c2)ccc1OCc1ccc(C(F)(F)F)cc1)C(=O)O,P49768,P37231,6.0,5.3335,=,=,EC50,across
Cc1coc([C@H]2C[C@H]3CSC(N)=N[C@@]3(c3ccc(F)cc3F)CO2)n1,P10635,P56817,5.2596,7.7368,=,=,IC50,across
Cc1ccc2cc3c(ccc4ccccc43)c3c2c1CC3,P23975,P06239,4.528,4.2561,=,=,IC50,across
CC(=O)[C@H]1CC[C@H]2[C@@H]3CCC4=CC(=O)CC[C@]4(C)[C@H]3CC[C@]12C,P56373,O75751,5.7959,5.3686,=,=,IC50,across
C[C@H]1COC2=C1C(=O)C(=O)c1c2ccc2c1CCCC2(C)C,P14902,P17706,5.0,4.2541,=,=,IC50,across
CN1CCC(=C2c3ccccc3C=Cc3ccccc32)CC1,P31645,P08173,5.3872,8.6603,=,=,Ki,across
Cc1ccc2cc3c(ccc4ccccc43)c3c2c1CC3,P05177,P06239,6.5229,4.2561,=,=,IC50,across
COc1cc2c(Nc3cccc4cccnc34)c(C(N)=O)cnc2cc1-c1c(C)noc1C,Q07343,O60885,7.3,6.1,=,=,IC50,across
CN1CCC(CNc2ccc3ncc(-c4cccc(OC(F)(F)F)c4)n3n2)CC1,Q86V86,Q12809,7.1612,6.0088,=,=,IC50,across
CCCCCCCC(=O)SCC/C=C/[C@@H]1CC(=O)NCc2nc(cs2)C2=N[C@@](C)(CS2)C(=O)N[C@@H](C(C)C)C(=O)O1,P22314,Q92769,4.5376,6.0207,=,=,IC50,across
Nc1nc(N)c2nc(-c3cccc(O)c3)c(-c3cccc(O)c3)nc2n1,P19784,Q8TBX8,5.8239,6.2757,=,=,Kd,across
O=c1c(O)c(-c2ccc(O)c(O)c2)oc2cc(O)ccc12,P24941,Q9UBN7,5.301,5.6368,=,=,IC50,across
Nc1nc(N)c2nc(-c3cccc(O)c3)c(-c3cccc(O)c3)nc2n1,P48426,Q8TDC3,5.1538,6.1367,=,=,Kd,across
O=C1NCN(c2ccccc2)C12CCN(CCCOc1ccc(F)cc1)CC2,P31645,P08912,6.6774,5.8825,=,=,Ki,across
CC(C)n1nc(-c2ccc(O)cc2)c2c(N)ncnc21,P78527,P48736,6.2076,6.1675,=,=,IC50,across
NS(=O)(=O)c1ccc(C(=O)n2[nH]c(=O)c3cc(F)ccc3c2=O)cc1,P22303,P00918,7.2162,8.1993,=,=,Ki,across
CNCc1ccccc1-c1csc([C@H](C)Nc2nc(C)nc3cc(OC)c(OC)cc23)c1,P31645,P34969,5.3735,6.1552,=,=,Ki,across
COc1ccc(Sc2sc3nc(N)nc(N)c3c2C)cc1OC,P09619,P00374,5.5528,5.6011,=,=,IC50,across
Nc1nc(N)c2nc(-c3cccc(O)c3)c(-c3cccc(O)c3)nc2n1,P04626,P27707,6.3565,7.9208,=,=,Kd,across
C=C(C)[C@@H]1CCC(C)=C[C@H]1c1c(O)cc(CCCCC)cc1O,Q9Y2T6,Q8NER1,6.3516,5.4318,=,=,IC50,across
Nc1ncnc2c1c(-c1ccc(Cl)c(O)c1)nn2[C@@H]1CCNC1,P12931,P48736,7.5229,6.4365,=,=,IC50,across
OCCN(CCO)c1nc(N2CCCCC2)c2nc(N(CCO)CCO)nc(N3CCCCC3)c2n1,O00408,Q99808,5.4437,7.4654,=,=,IC50,across
CCOc1nn(C2CCN(C(C)=O)CC2)cc1Nc1ncc(Cl)c(-c2cnn3ccccc23)n1,P24941,Q12809,6.2636,5.1938,=,=,IC50,across
CC(C)(C)NC(=O)[C@H]1CC[C@H]2[C@@H]3CC[C@H]4NC(=O)C=C[C@]4(C)[C@H]3CC[C@]12C,P11712,O15439,5.699,4.2924,=,=,IC50,across
N#CC1CCCN1C(=O)CNCC(O)COc1ccccc1,P27487,P08588,9.0,4.7696,=,=,IC50,across
NC(=O)C1CCC(N[C@H]2C[C@@H]2c2ccc(OCc3cccc(C(F)(F)F)c3)nc2)CC1,O60341,P27338,7.041,5.6021,=,=,IC50,across
Cc1cc(C2=NCCN2C)cc2[nH]c(-c3c(NCC(O)c4cccc(Cl)c4)cc[nH]c3=O)nc12,P08069,P05177,7.0315,4.2757,=,=,IC50,across
Cn1cc(C2=C(c3cn(C4CCN(Cc5ccccn5)CC4)c4ccccc34)C(=O)NC2=O)c2ccccc21,Q9H2G2,O60331,5.5086,5.1805,=,=,Kd,across
Nc1ncnc2c1c(-c1ccc(Cl)c(O)c1)nn2C1CCC1,P00519,P48736,7.4949,6.5331,=,=,IC50,across
CN1CCC(=C2c3ccccc3C=Cc3ccccc32)CC1,P35367,P23975,9.3665,6.3951,=,=,Ki,across
CC(C)Nc1cccnc1N1CCN(C(=O)c2cc3cc(NS(C)(=O)=O)ccc3[nH]2)CC1,P40925,Q9UNQ0,4.0706,4.7282,=,=,IC50,across
NCCc1cn(S(=O)(=O)c2c(Cl)nc3sccn23)c2ccccc12.O=C(O)C(=O)O,P08913,Q5T601,4.9969,5.3911,=,=,IC50,across
CNC(=O)[C@]1(C)CC[C@@H](Nc2ncc3c(Br)nn(-c4ccc(-c5nnc(C)s5)cc4)c3n2)C1,Q5MAI5,Q8IZX4,6.9281,6.9066,=,=,IC50,across
CC(=O)[C@H]1CC[C@H]2[C@@H]3CCC4=CC(=O)CC[C@]4(C)[C@H]3CC[C@]12C,P04150,O15244,6.4815,4.5735,=,=,IC50,across
CN(C)C(=O)C(CCN1CCC(O)(c2ccc(Cl)cc2)CC1)(c1ccccc1)c1ccccc1,Q14524,P07550,6.6216,5.5222,=,=,IC50,across
CN[C@H]1CC[C@@H](c2ccc(Cl)c(Cl)c2)c2ccccc21,P08912,Q12809,6.2947,5.08,=,=,IC50,across
Cc1cc(-c2cc(OC(F)(F)F)ccc2Cl)cc(C)c1OCCCC(=O)O,Q12809,P08684,4.263,5.4841,=,=,IC50,across
CN1C[C@H](C(=O)Nc2ccc(Cl)cc2)[C@@H](c2ccc(/C=C/C(=O)Nc3ccccc3N)cc2F)C1,P05177,Q9UKV0,4.5528,4.3665,=,=,IC50,across
O=C(O)CCCN[C@@H](Cn1c(=O)c(-c2ccccc2Cl)cn(Cc2c(F)cccc2C(F)(F)F)c1=O)c1ccccc1,P30968,P08684,7.9586,4.7848,=,=,IC50,across
COc1ccc(Cl)cc1S(=O)(=O)c1cn(CC(=O)O)c2ccc(C(=O)Nc3ccccc3)cc12,P50416,Q92523,7.4425,4.9539,=,=,IC50,across
O=S(=O)(Nc1cc(-c2cnc3[nH]ncc3c2)cnc1Cl)c1ccccc1,P42345,P48736,7.4927,7.4318,=,=,IC50,across
CN(Cc1cccc(F)c1)[C@H]1C2C3CC4C2C(=O)C2C4C3C21,P08173,Q01959,5.3938,5.3446,=,=,Ki,across
Cc1cc(C(NC(=O)[C@@H]2CC[C@@H](N3CCOCC3)C[C@H]2c2ccc(Br)cc2)c2ccc(Cl)cc2)ccn1,Q12809,P42785,5.8239,8.5831,=,=,IC50,across
CN1CCC(=C2c3ccccc3C=Cc3ccccc32)CC1,Q12809,P21728,4.7683,6.8013,=,=,IC50,across
O=c1c(O)c(-c2ccccc2)oc2cc(O)cc(O)c12,P22748,P07237,6.2454,5.2291,=,=,Ki,across
COCC(=O)O[C@]1(CCN(C)CCCc2nc3ccccc3[nH]2)CCc2cc(F)ccc2[C@@H]1C(C)C,O95342,Q13936,4.6021,5.2843,=,=,IC50,across
Cn1cc(C2=C(c3cn(C4CCN(Cc5ccccn5)CC4)c4ccccc34)C(=O)NC2=O)c2ccccc21,O60331,P30530,5.1805,5.4815,=,=,Kd,across
O=C(NO)[C@H]1C[C@H](CC(=O)N2CCCCC2)CC[C@@H]1C(=O)N1CCN(c2ccccc2)CC1,P04626,O14672,6.7696,6.7825,=,=,IC50,across
CCOc1ccc(-c2nn(C3CCCC3)c3ncnc(N)c23)cc1OC,Q9UBF8,P35968,5.8239,5.684,=,=,IC50,across
CC(=O)[C@H]1CC[C@H]2[C@@H]3CCC4=CC(=O)CC[C@]4(C)[C@H]3CC[C@]12C,Q9UNQ0,Q92731,3.9,3.0,=,=,IC50,across
Cc1nc(N[C@H](C)c2cccc(C(F)F)c2F)c2cc3c(cc2n1)OC[C@H]1CN(C(=O)[C@H]2CCOC2)CCN31,Q12809,P08684,5.6576,4.1024,=,=,IC50,across
OCCN(CCO)c1nc(N2CCCCC2)c2nc(N(CCO)CCO)nc(N3CCCCC3)c2n1,Q9HCR9,Q99808,6.3979,8.0716,=,=,Ki,across
CC(C(=O)Nc1ccccc1)n1nc(C(=O)Nc2ccccc2)c2ccccc21,Q9UNQ0,Q9NPD5,4.9108,5.7496,=,=,IC50,across
CCc1nc(N)nc(N)c1-c1ccc2c(c1)N(CCC(=O)NC)C(=O)C(C)(c1cc(F)cc(F)c1)O2,P00797,P08684,8.2218,6.7959,=,=,IC50,across
CN(C)[C@H]1CCN(c2cccc3c2C[C@H](CN(C)[C@H]2CCCc4cccnc42)NC3)C1,P10635,P61073,4.8125,7.9626,=,=,IC50,across
Cc1nc(-c2cnc(NC(C)C)n(C)c2=O)ccc1Oc1ccnc(-c2cnn(C)c2)c1,P11712,P36888,4.7852,5.5686,=,=,IC50,across
CN(C)C(=O)C(CCN1CCC(O)(c2ccc(Cl)cc2)CC1)(c1ccccc1)c1ccccc1,O00748,P31645,5.8239,5.9318,=,=,Ki,across
Nc1c2c(nc3ccccc13)CCCC2,Q9C0B1,O15245,5.767,4.372,=,=,IC50,across
Br[Se]c1ccccc1,O75936,Q96KQ7,5.4685,6.1024,=,=,IC50,across
C=CCN(CC=C)CCc1c[nH]c2ccccc12,Q01959,P41595,5.9,7.21,=,=,Ki,across
CCc1ccc(OCc2ccccc2C(=O)Nc2ccc3nc(C)cc(N)c3c2)cc1.Cl,Q5NUL3,P43220,4.9857,5.4129,=,=,IC50,across
Nc1ncnc2c1c(-c1ccc(F)c(O)c1)nn2Cc1ocnc1-c1ccccc1,P00519,O00329,6.248,5.9706,=,=,IC50,across
Cc1ccc2c(N3CCN(CCc4cccc5c4OCc4nnc(C)n4-5)CC3)cccc2n1,P28221,P31645,9.8,6.7,=,=,Ki,across
CNC(=O)CCCCCCCn1nc(-c2ccc3oc(N)nc3c2)c2c(N)ncnc21,Q9UBN7,P42345,8.172,8.3925,=,=,IC50,across
CN1C[C@H](C(=O)Nc2ccc(Cl)cc2)[C@@H](c2ccc(/C=C/C(=O)Nc3ccccc3N)cc2F)C1,Q9UQL6,P05177,5.2757,4.5528,=,=,IC50,across
C[C@H]1CN(c2ccc(C#N)c(F)c2)CCN1Cc1ccc2c3c(c(=O)[nH]c2c1)CCCN3,P09874,Q07912,7.9872,8.4572,=,=,IC50,across
Cc1c(C(=O)NCCCN2CCN(c3cccc(Cl)c3Cl)CC2)cc(-c2ccccc2)n1C,Q12809,P11712,6.8539,5.0132,=,=,IC50,across
CCOc1ccc(-c2nn(C3CCCC3)c3ncnc(N)c23)cc1OC,P42336,P00533,6.8697,5.8539,=,=,IC50,across
Nc1cccc(-c2c(O)ccc3cc(-c4cccc(O)c4)ccc23)c1,P33261,P14061,6.1675,7.2757,=,=,IC50,across
Oc1cccc(N2[C@@H]3CC[C@H]2CN(CCCc2ccccc2)C3)c1,P28223,Q01959,5.9469,6.301,=,=,IC50,across
CNCc1cc(C(=O)N2CCN(C3CC3)CC2)ccc1Oc1ccc(Cl)c(Cl)c1,Q9Y5N1,Q01959,7.6383,6.3098,=,=,Ki,across
O=C(c1ccc(/C=C/c2n[nH]c3ccccc23)cc1)N1CCNCC1,P18074,P10721,5.5043,7.1975,=,=,Kd,across
C=CS(=O)(=O)N1CCC[C@@H](Nc2nc(N)nc(Nc3cccc(Oc4ccccc4)c3)n2)C1,P42680,P10635,7.585,4.0862,=,=,IC50,across
O=C(Cn1cc(-c2ccccc2)c2ccccc21)Nc1ccc(C(=O)O)cc1,P23786,Q92523,4.8126,6.2908,=,=,IC50,across
CCCN1C[C@H](CSC)C[C@@H]2c3cccc4[nH]cc(c34)C[C@H]21,P10635,P50406,6.699,7.4089,=,=,IC50,across
O=C(Cc1nc(N2CCOCC2)cc(=O)[nH]1)N1CCc2ccccc21,O00329,P31749,7.5528,6.8761,=,=,IC50,across
CC(C)N(C)Cc1cccc(F)c1CNc1cc(F)c(S(=O)(=O)Nc2cscn2)c(F)c1,P33261,Q14524,4.301,4.5229,=,=,IC50,across
O=C(CCCCC(=O)Nc1ccc2c(c1)/C(=C/c1ccc[nH]1)C(=O)N2)NO,P35968,O15379,6.5376,8.0101,=,=,IC50,across
OC1(c2ccc(Cl)cc2)CCN(Cc2c[nH]c3ccccc23)CC1,P31645,P14416,7.5302,7.9508,=,=,Ki,across
Cc1c(O)c(O)c2c(c1C=O)[C@@H]1O[C@H](O2)c2c(C)c(O)c(O)c(O)c2C1=O,O15379,P30530,4.9066,6.7959,=,=,IC50,across
CCOc1cc(N2CCC(O)CC2)ccc1Nc1ncc2c(n1)N(C)c1ccccc1C(=O)N2C,Q9UBF8,Q13164,4.4685,6.5713,=,=,IC50,across
CC(C)n1nc(-c2ccc(O)cc2)c2c(N)ncnc21,P35968,O00329,5.8386,7.0757,=,=,IC50,across
COc1ccc(NC(=O)C(C)n2nc(C(=O)Nc3ccccc3)c3ccccc32)cc1,P46721,Q9UNQ0,6.0039,4.8663,=,=,IC50,across
CN1CC(=O)N2[C@H](c3ccc4c(c3)OCO4)c3[nH]c4ccccc4c3C[C@@H]2C1=O,P51160,Q14524,6.3958,3.85,=,=,IC50,across
Cn1cc([C@H]2C[C@H]3[C@@H](CF)SC(N)=N[C@@]3(c3ccc(F)cc3F)CO2)cn1,P07339,Q12809,5.1805,4.8601,=,=,IC50,across
Cc1cc(C(C)(C)C)c(O)c(C)c1CC1=NCCN1,P10635,P08913,6.699,7.6383,=,=,IC50,across
O=C(O)CCCCCNn1nnc2ccccc21,Q86W10,Q02928,5.0784,3.1091,=,=,IC50,across
O=C(Cc1ccccc1)N1CCC(C(O)CC2c3ccccc3-c3cncn32)CC1,P10635,P14902,4.71,7.5086,=,=,IC50,across
COc1cc(/C=C/c2ccc(OC)c(OC)c2)cc(OC)c1,Q9UNQ0,Q16678,6.7959,5.5229,=,=,IC50,across
Br.CN1CCc2cc(Br)c(O)cc2C(c2ccccc2)C1,P21728,P23975,8.5346,7.0165,=,=,Ki,across
O=c1c(O)c(-c2ccccc2)oc2cc(O)cc(O)c12,P04798,P21397,7.1135,6.8861,=,=,IC50,across
Nc1nc2ccn(CCCSc3ccc(C(=O)N[C@@H](CCC(=O)O)C(=O)O)cc3)c2c(=O)[nH]1,P34897,P22102,5.0516,5.6676,=,=,Ki,across
c1ccc(N2CCN(CCCc3nc4ccccc4s3)CC2)nc1,P28221,P23975,5.8468,6.1979,=,=,Ki,across
COc1cccc(N2CCN(Cc3nc(N)nc(Nc4ccc(C)c(C)c4)n3)CC2)c1,P04839,Q9HBY0,5.8389,5.9031,=,=,IC50,across
Cc1nc2c(N)cc(N3CCOCC3)nn2c1Nc1cccc(C(F)(F)F)c1C,P42345,O00750,4.6927,8.2218,=,=,Kd,across
CCOc1ccc(-c2nn(C3CCCC3)c3ncnc(N)c23)cc1OC,P48736,P78527,6.9355,6.6162,=,=,IC50,across
COc1ccc(-c2nn(C(C)(C)C)c3ncnc(N)c23)cc1OC,P00519,P42336,5.3565,6.3335,=,=,IC50,across
COc1cc(N2CCC(N3CCN(C)CC3)CC2)ccc1Nc1ncnc(Nc2ccccc2S(=O)(=O)C(C)C)n1,P16591,P16083,6.4401,5.1963,=,=,Kd,across
CN(C)C(=O)C(CCN1CCC(O)(c2ccc(Cl)cc2)CC1)(c1ccccc1)c1ccccc1,Q12809,O00748,7.4815,5.3372,=,=,IC50,across
Cc1ccc(Nc2nccc(N(C)c3ccc4c(C)n(C)nc4c3)n2)cc1S(N)(=O)=O,Q86TW2,P57059,4.79,5.6576,=,=,Kd,across
COc1cc(/C=C/c2ccc(OC)c(OC)c2)cc(OC)c1,P16083,P05177,4.4306,3.2441,=,=,IC50,across
Cc1ccc(NC(=O)Nc2cc(-c3ccccc3-c3nnn[nH]3)ccc2N(CC(C)C)CC(C)C)cc1,P08684,P14902,5.1079,8.2764,=,=,IC50,across
CS(=O)(=O)Nc1ccc(-c2ccnc(Nc3ccc(N4CCN(CC(=O)Nc5ccc(/C=C/C(=O)NO)cc5)CC4)cc3)n2)cc1,Q92769,P23458,6.5376,7.8539,=,=,IC50,across
CN(C)CCCN1c2ccccc2Sc2ccc(Cl)cc21,P21728,Q01959,6.9843,5.6778,=,=,Ki,across
Cn1cc(-c2ccc(N3CCC(C4c5c(F)cccc5-c5cncn54)CC3)cc2F)cn1,P33261,P48775,5.1669,7.1884,=,=,IC50,across
CN1CC[C@@H](Oc2ccc(F)c(-c3nc4c(o3)C(=O)c3ccccc3C4=O)c2Cl)C1,O94782,Q9P275,5.8633,5.0757,=,=,IC50,across
CNC(=O)c1ccc(N2CCN(Cc3ccc4nc(CC(F)(F)F)c(=O)[nH]c4c3)CC2)cn1,Q12809,P09874,4.585,8.1549,=,=,IC50,across
CC(C)C(=O)Nc1cccc(CNC(=O)c2sc3ccccc3c2OCc2ccccc2)c1,Q9P0U3,Q96HI0,4.8729,4.8928,=,=,IC50,across
Cc1nc2cc(-n3ncc(C(=O)c4cc5ccc(CN6CCC(F)(F)CC6)cc5[nH]4)c3N)ccc2[nH]1,P22455,Q12809,6.8861,5.0655,=,=,IC50,across
CCn1cc(-c2ccnc3[nH]c(-c4cccc(CN(C)C)c4)cc23)c(-c2ccc(NC(=O)N(C)C)cc2)n1,P22830,Q9H0K1,5.6171,6.1643,=,=,Kd,across
CNCc1ccccc1-c1csc([C@H](C)Nc2nc(C)nc3cc(OC)c(OC)cc23)c1,P23975,P11229,5.6813,6.5029,=,=,Ki,across
Cc1ncnc(N2CCCOCC2)c1C#Cc1ccc(N)nc1,P42345,P42336,7.1427,6.6091,=,=,IC50,across
COc1cc(-c2nn(C3CCCC3)c3ncnc(N)c23)ccc1N,P35968,Q9UBF8,6.1238,6.2757,=,=,IC50,across
CNCc1cc(F)c(Cl)cc1Oc1ccc(Cl)c(Cl)c1,Q12809,P28223,5.4935,6.6383,=,=,IC50,across
CN[C@H]1CC[C@H](c2c[nH]c3ccc(NC(=N)c4cccs4)cc32)CC1.Cl,P29475,P23975,5.7447,5.699,=,=,IC50,across
Cc1ccsc1C(NC(=O)c1ccccc1)c1cc(Cl)c2cccnc2c1O,Q9Y4C1,Q9GZT9,3.719,4.0177,=,=,IC50,across
COc1cccc([C@@]2(OC)CCCC[C@@H]2CN(C)C)c1,P23975,P35372,6.7932,5.104,=,=,IC50,across
C[C@H]1COC2=C1C(=O)C(=O)c1c2ccc2c1CCCC2(C)C,P48775,Q06124,5.0088,4.6347,=,=,IC50,across
O=S(=O)(c1ccccc1)c1c[nH]c2cccc(CCN3CCCC3)c12,P28223,P23975,6.9318,7.1367,=,=,Ki,across
OCCN(CCO)c1nc(N2CCCCC2)c2nc(N(CCO)CCO)nc(N3CCCCC3)c2n1,Q86VL8,Q9UNQ0,4.1308,5.1938,=,=,IC50,across
CCOC(=O)[C@H]1CC[C@@H](N2CC(NC(=O)CNc3n[nH]c4ccc(C(F)(F)F)cc34)C2)CC1,Q12809,P41597,5.041,7.6963,=,=,IC50,across
CC(=O)N1CCN(c2cnc3ccc(-c4cnc(Cl)c(NS(=O)(=O)c5ccc(F)cc5)c4)cc3n2)CC1,P42338,P42345,8.2708,8.5045,=,=,IC50,across
CNCc1ccccc1-c1csc([C@H](C)Nc2nc(C)nc3cc(OC)c(OC)cc23)c1,P35348,P31645,6.3517,5.3735,=,=,Ki,across
C[C@H]1O[C@@H](O[C@H]2[C@@H](O)C[C@H](O[C@H]3[C@@H](O)C[C@H](O[C@H]4CC[C@@]5(C)[C@H](CC[C@@H]6[C@@H]5C[C@@H](O)[C@]5(C)[C@@H](C7=CC(=O)OC7)CC[C@]65O)C4)O[C@@H]3C)O[C@@H]2C)C[C@H](O)[C@@H]1O,P51449,Q9Y6L6,5.3979,5.49,=,=,IC50,across
CCc1ncnc(-c2ccc(C(=O)N3CCCO3)cc2)c1C#Cc1ccc(N)nc1,P42345,P42336,8.0,7.3768,=,=,IC50,across
COc1ccc2c(c(CCNC(C)=O)c(I)n2C)c1[N+](=O)[O-],P16083,P48039,9.7045,5.7258,=,=,Ki,across
C=C(C)[C@@H]1CCC(C)=C[C@H]1c1c(O)cc(CCCCC)cc1O,P10635,P21728,5.6162,5.5686,=,=,Ki,across
NCCc1cn(S(=O)(=O)c2c(Cl)nc3sccn23)c2ccccc12.O=C(O)C(=O)O,Q8IYL9,Q5T601,5.5318,5.3911,=,=,IC50,across
C=CCNC(=O)CCCCCCCOc1cc(O)cc(C(C)(C)CCCCCC)c1,Q8NER1,P21554,5.1612,6.8589,=,=,EC50,across
NC(=O)c1nnc(N[C@@H]2CCCC[C@@H]2N)nc1Nc1cccc2[nH]ccc12,P43405,Q12809,8.4269,5.4318,=,=,IC50,across
CC[C@H](C(=O)Nc1ccccc1N1CCCC1)c1ccccc1,P10635,O43526,4.7011,7.1549,=,=,IC50,across
OC1(c2ccc(Cl)c(C(F)(F)F)c2)CCN(CCCC(c2ccc(F)cc2)c2ccc(F)cc2)CC1,P41595,P23975,6.7352,6.2306,=,=,Ki,across
CNC(=O)c1cccc(OCCCCN2CCC(c3noc4cc(F)ccc34)CC2)c1,Q12809,P14416,5.9872,8.0706,=,=,IC50,across
CCn1cc(-c2ccnc3[nH]c(-c4cccc(CN(C)C)c4)cc23)c(-c2ccc(NC(=O)N(C)C)cc2)n1,P27707,Q14164,5.6649,6.0035,=,=,Kd,across
NC(=O)c1cccnc1,Q6SZW1,Q9Y6E7,4.3585,4.8861,=,=,IC50,across
CN(C)C(=O)C(CCN1CCC(O)(c2ccc(Cl)cc2)CC1)(c1ccccc1)c1ccccc1,O95342,Q14524,4.1739,6.6216,=,=,IC50,across
CCCc1nn(C)c2c(=O)[nH]c(-c3cc(-c4ccc(C(=O)NO)cc4)ccc3OCC)nc12,Q92769,O76074,5.5935,9.0,=,=,IC50,across
OC1(c2ccc(Cl)c(C(F)(F)F)c2)CCN(CCCC(c2ccc(F)cc2)c2ccc(F)cc2)CC1,P31645,P35462,6.0,6.8665,=,=,Ki,across
O=C(Nc1cc(-c2cccc(O)c2)cc2[nH]ncc12)C1CC1,P42338,P49841,4.7,5.9,=,=,IC50,across
O=c1ncn2nc(Sc3ccc(F)cc3F)ccc2c1-c1c(Cl)cccc1Cl,P23975,P0DMS8,4.6903,5.0682,=,=,IC50,across
CN(C)[C@@H]1C[C@@H](C(N)=O)N(C(=O)c2ccc(NC(=O)Nc3ccc(-c4nc(N5CCOCC5)nc(N5CCOCC5)n4)cc3)cc2)C1,P42345,P42338,8.6576,7.8268,=,=,IC50,across
COc1ccc(-c2nn(C[C@@H](C)CO)c3ncnc(N)c23)cc1OC,O00329,P12931,7.1739,5.4949,=,=,IC50,across
Fc1ccc(-c2noc3c2CCNCC3)cc1,P28335,P46098,6.1051,6.153,=,=,Ki,across
Cc1c(O)c(O)c2c(c1C=O)[C@@H]1O[C@H](O2)c2c(C)c(O)c(O)c(O)c2C1=O,Q16512,Q96DB2,5.3487,4.9318,=,=,IC50,across
C=CC(=O)Nc1cccc(C)c1Nc1ncc2cc(-c3c(Cl)c(OC)cc(OC)c3Cl)ccc2n1,P07333,P10635,5.9586,4.9031,=,=,IC50,across
COC(=O)[C@@H]1[C@H]2C[C@H]3c4[nH]c5ccccc5c4CCN3C[C@@H]2CC[C@@H]1O,P30304,O95342,4.6517,3.5952,=,=,IC50,across
Cc1sc2c(c1C)C(c1ccc(Cl)cc1)=N[C@@H](CC(=O)Nc1ccc(C(=O)NO)cc1)c1nnc(C)n1-2,Q9UBN7,O60885,7.5732,7.9586,=,=,IC50,across
COc1ccc(-c2nn(C(C)(C)C)c3ncnc(N)c23)cc1OC,P42338,P35968,6.2798,4.0,=,=,IC50,across
COC(=O)[C@@H]1[C@H]2C[C@H]3c4[nH]c5ccccc5c4CCN3C[C@@H]2CC[C@@H]1O,P11387,P08908,4.5229,5.0031,=,=,IC50,across
CCN(CC)C(=S)S,P05181,O95342,6.0706,4.1595,=,=,IC50,across
FC(F)(F)c1c(Cl)ccc(-n2ccnn2)c1Cl,P21397,P46098,4.5528,5.3468,=,=,IC50,across
CN1CCC(=C2c3ccccc3C=Cc3ccccc32)CC1,P23975,P25100,6.2487,6.9706,=,=,IC50,across
COc1ccccc1C1c2c(C(C)(C)C)n[nH]c2C(=O)N1c1ccc(F)cc1,P08684,P56373,4.7447,5.0315,=,=,IC50,across
COc1cccc(-c2n[nH]cc2N2CCNCC2)c1,P46098,P34969,5.6788,6.6479,=,=,Ki,across
N[C@H]1C[C@@H](N2Cc3cnc4nnc(C5CC5)n4c3C2)CC[C@@H]1c1cc(F)c(F)cc1F,P10635,Q12884,4.7212,6.5528,=,=,IC50,across
CC(=O)c1ccc(-c2nn(C(C)C)c3ncnc(N)c23)cc1,P42338,P54760,5.4815,4.0,=,=,IC50,across
Cc1nn(C)cc1-c1nc2c(N3CCN(Cc4ccc(Cl)cc4)CC3)c(Cl)cnc2[nH]1,P11712,Q96GD4,7.5229,6.8297,=,=,IC50,across
C[C@H](CN)n1nc(-c2ccc(Cl)c(O)c2)c2c(N)ncnc21,P42338,P00519,5.4413,6.8861,=,=,IC50,across
Cc1nc(Nc2n[nH]c3c2CN(C(=O)N[C@H](CN(C)C)c2ccccc2)C3(C)C)c2sccc2n1,P18074,Q9NQU5,8.699,8.5229,=,=,Kd,across
OC1(c2ccc(Cl)cc2)CCN(Cc2c[nH]c3ccccc23)CC1,P23975,P28223,5.8314,6.1022,=,=,Ki,across
CC(=O)Nc1ccc(-c2nc(Nc3cccc(OCCCCCCC(=O)NO)c3)ncc2C)cc1,Q13547,O60674,6.8097,8.4089,=,=,IC50,across
C[C@@H]1CN(c2sc(C(F)(F)F)nc2-c2cnc(C(F)(F)F)nc2)CCN1C(=O)Cn1cnc(C(F)(F)F)n1,Q12809,P49682,8.4089,6.719,=,=,IC50,across
O=C1[C@@H]2[C@H]3CC[C@H](C3)[C@@H]2C(=O)N1CCCCN1CCN(c2cccc3sccc23)CC1,Q12809,P14416,5.1238,8.2147,=,=,IC50,across
C[C@@H](c1ccc(-c2ccc(F)cc2)cc1)[C@H](N)C(=O)N1CC[C@H](F)C1.O=C(O)C(F)(F)F,Q12809,Q6V1X1,5.9586,4.0605,=,=,IC50,across
CC(=O)c1ccc(-c2nn(C(C)C)c3ncnc(N)c23)cc1,O00329,P12931,6.3872,5.6778,=,=,IC50,across
CCCc1nc(C(=O)NCCCN2CCN(c3cccc(Cl)c3Cl)CC2)c(C)n1-c1ccc(OC)cc1,P31645,P28223,7.0757,8.2865,=,=,IC50,across
CN1C[C@H](C(=O)Nc2ccc(Cl)cc2)[C@@H](c2ccc(/C=C/C(=O)Nc3ccccc3N)cc2F)C1,Q9UKV0,Q12809,4.3665,5.1549,=,=,IC50,across
O=c1[nH]c2ccccc2n1CCCN1CCC(n2c(=O)[nH]c3cc(Cl)ccc32)CC1,Q86VL8,P35367,4.8297,5.8716,=,=,IC50,across
CC(C)n1nc(-c2ccc(O)cc2)c2c(N)ncnc21,P48736,P54760,6.1675,5.9101,=,=,IC50,across
CN1CCC(=C2c3ccccc3C=Cc3ccccc32)CC1,Q12809,P34969,4.8549,7.1,=,=,Ki,across
Cc1c(Nc2c(CN)nc3c(N)cc(N4CCOCC4)nn23)cccc1C(F)(F)F,P48736,P42345,5.1263,5.5717,=,=,Kd,across
O=C(Nc1ccnnc1)c1cc(N2CCOCC2)ccc1OCc1ccccc1,P08684,Q5S007,5.2,7.0,=,=,IC50,across
Cc1c(Nc2c(CN)nc3c(N)cc(N4CCOCC4)nn23)cccc1C(F)(F)F,P42345,O00329,5.5717,7.1249,=,=,Kd,across
CC(C)C[C@H](C=O)NC(=O)[C@@H](NS(=O)(=O)c1ccc(F)cc1)C(C)C,P11712,P07384,3.308,6.2508,=,=,IC50,across
COc1cccc(-c2cccc(C3(C)CCSC(N)=N3)c2)c1,P56817,Q12809,6.0485,5.1192,=,=,IC50,across
CNC(=O)c1ccc(C(c2nnnn2Cc2ccccc2)N2CCCN(C3CCC3)CC2)cc1,Q9Y5N1,P10635,8.5229,5.8539,=,=,IC50,across
CN(CCCCc1ccccc1)C(=O)n1nnc(Cc2ccc(-c3ccccc3)cc2)n1,Q99685,Q8NER1,6.6021,4.3224,=,=,IC50,across
COc1ccc(-c2nn(C(C)(C)C)c3ncnc(N)c23)cc1OC,P42338,P78527,6.2798,5.8861,=,=,IC50,across
FC(F)(F)c1c(Cl)ccc(-n2ccnn2)c1Cl,P21397,P20813,4.5528,5.284,=,=,IC50,across
OCCN(CCO)c1nc(N2CCCCC2)c2nc(N(CCO)CCO)nc(N3CCCCC3)c2n1,O76074,O15245,6.2411,4.0915,=,=,IC50,across
c1ccc(N2CCN(CCCc3nc4ccccc4s3)CC2)nc1,P23975,P21917,6.1979,8.3404,=,=,Ki,across
O=C1c2ccccc2C(=O)N1CCCCN1CC=C(c2c[nH]c3ccc(F)cc23)CC1,P08908,P31645,8.6,9.1,=,=,Ki,across
CCCCCCCCCCCCCC1=CC(=O)C=C(OC)C1=O,P09917,Q9UI32,5.9788,4.4881,=,=,IC50,across
Clc1cccc(Oc2ccccc2C2CCNCC2)c1,P08908,P31645,8.301,6.6757,=,=,Ki,across
Cc1c(C(=O)c2ccc(Cl)cc2)c2ccc(OC(F)(F)F)cc2n1Cc1cccc(O[C@@H](C)C(=O)O)c1,P37231,P11712,9.0,5.2518,=,=,IC50,across
COCc1ccc(-c2cc3c(N[C@@H](C)c4ccn(C)n4)c(C(N)=O)cnc3cc2F)cn1,P78527,Q12809,6.4318,4.6576,=,=,IC50,across
C=CC(=O)Nc1cccc(C)c1Nc1ncc(OCc2c(F)c(OC)cc(OC)c2F)cn1,P33261,P11362,5.8239,5.0655,=,=,IC50,across
C[C@]12CC[C@@H]3c4cc([N+](=O)[O-])c(O)cc4CC[C@H]3[C@@H]1CCC2=O,P08842,P11511,4.7696,4.824,=,=,IC50,across
CCn1cc(-c2ccnc3[nH]c(-c4cccc(CN(C)C)c4)cc23)c(-c2ccc(NC(=O)N(C)C)cc2)n1,P11712,P11362,4.4202,7.1135,=,=,IC50,across
C=CC(=O)N1CCC[C@@H](n2nc(-c3ccc(Oc4ccccc4)cc3)c3c(N)ncnc32)C1,P06241,Q9UKK9,7.0195,6.0791,=,=,IC50,across
CCCN1C[C@H](CSC)C[C@@H]2c3cccc4[nH]cc(c34)C[C@H]21,P35462,Q12809,8.2682,6.92,=,=,IC50,across
Clc1ccccc1CN1CCc2sccc2C1,P20813,P18089,6.2218,6.5171,=,=,IC50,across
O=C(Nc1ccc(Cl)cc1Cl)c1cn[nH]n1,P11712,P16050,6.301,7.1281,=,=,IC50,across
Nc1nc2c(-c3cnc4ccccc4c3)nccc2[nH]1,O76039,O75747,4.3979,6.7959,=,=,Kd,across
CC(C)n1nc(-c2ccc(O)cc2)c2c(N)ncnc21,P54760,P42338,5.9101,6.4202,=,=,IC50,across
COc1cc(NC(=O)[C@@H]2CCCC[C@H]2C(=O)c2ccc(-c3cc[nH]n3)cc2)ncn1,P11712,Q12809,5.3,4.9,=,=,IC50,across
NS(=O)(=O)c1ccccc1,Q13093,O43570,2.4685,4.9031,=,=,Kd,across
N=C(N)Nc1ccc(C(=O)O)cc1,P00749,Q16790,3.1279,5.5918,=,=,Ki,across
Nc1ncc(-c2nc(N3CCOCC3)c3ccn(CCCCCCC(=O)NO)c3n2)cn1,Q9BY41,P42345,6.5686,6.9957,=,=,IC50,across
CC(C)S(=O)(=O)c1cc2cc(CC(O)(CC(C)(C)c3ccc(F)cc3C(N)=O)C(F)(F)F)[nH]c2cn1,P08684,P04150,5.3979,6.338,=,=,IC50,across
COCC(=O)N1CCC[C@@H](c2nc(-c3ccc(C(=O)Nc4cc(C(F)(F)F)ccn4)cc3F)c3c(N)nccn23)C1,Q12809,P07947,5.3468,7.4318,=,=,IC50,across
COC(=O)C1=C(C)NC(C)=C(C(=O)OCCN(C)Cc2ccccc2)C1c1cccc([N+](=O)[O-])c1,P10635,Q9UNQ0,5.7741,5.0494,=,=,IC50,across
COc1cc(-c2nn(C3CCCC3)c3ncnc(N)c23)ccc1N,P12931,O00329,8.6576,6.8416,=,=,IC50,across
COC(=O)[C@@H]1[C@H]2C[C@H]3c4[nH]c5ccccc5c4CCN3C[C@@H]2CC[C@@H]1O,P10635,P30304,6.8839,4.6517,=,=,IC50,across
CNCc1ccccc1-c1csc([C@H](C)Nc2nc(C)nc3cc(OC)c(OC)cc23)c1,Q9H3N8,Q01959,5.7245,5.7767,=,=,Ki,across
Cn1cc(-c2ccc(N3CCC(C4c5c(F)cccc5-c5cncn54)CC3)cc2F)cn1,P33261,P14902,5.1669,8.0969,=,=,IC50,across
Cc1ccc(C(=O)N2CCOC[C@H]2Cc2cc(-c3ncccn3)ccc2F)c(-n2nccn2)c1C,P08684,O43613,4.3979,8.5229,=,=,IC50,across
CCN1C(=O)c2ccccc2N(C)c2nc(Nc3ccc(N4CCN(C)CC4)cc3OC)ncc21,Q13164,O60885,5.9208,6.0809,=,=,IC50,across
CN(C)CCCN1c2ccccc2Sc2ccc(Cl)cc21,P31645,P14416,7.1649,8.5229,=,=,IC50,across
Cc1nc2c(F)cc(-c3nc(Nc4ccc5c(n4)CCN(CCN(C)C)C5)ncc3F)cc2n1C(C)C,Q12809,P53779,5.0,6.3809,=,=,IC50,across
C=CC(=O)N1CCC[C@@H](n2nc(-c3ccc(Oc4ccccc4)cc3)c3c(N)ncnc32)C1,P36888,O75751,6.8865,5.1024,=,=,IC50,across
CC[C@@H]1C(=O)N(C)c2cnc(Nc3ccc(-c4nnc(CN5CCN(C(C)=O)CC5)s4)cc3OC)nc2N1C1CCCC1,P11712,P53350,5.7122,9.8861,=,=,IC50,across
Cc1ccc(NC(=O)Nc2cc(-c3ccccc3-c3nnn[nH]3)ccc2N(CC(C)C)CC(C)C)cc1,P10632,P14902,5.0362,8.2764,=,=,IC50,across
COc1ncc(-c2ccc3nccc(C(=O)NCCCCCC(=O)NO)c3c2)cc1NS(=O)(=O)c1cc(F)cc(F)c1,Q13547,P42336,8.3188,8.8861,=,=,IC50,across
OC1(c2ccc(Cl)cc2)CCN(Cc2c[nH]c3ccccc23)CC1,P28335,P23975,5.1824,5.8314,=,=,Ki,across
COCCOc1cc(CC2CCN(CCc3ccc4c(c3)OCCC4=O)CC2)ccc1Br,P31645,P08908,8.8508,7.3686,=,=,Ki,across
CC(C)n1nc(-c2ccc3cn[nH]c3c2)c2c(N)ncnc21,P48736,P35968,6.4815,6.3768,=,=,IC50,across
Cn1c(SCCCN2CCOC(c3ccc(C(F)(F)F)cc3)C2)nnc1-c1ccc(C(N)=O)cc1,Q12809,P35462,5.25,7.7001,=,=,Ki,across
COC[C@@H](C)Oc1cccc2nc(N)nc(N)c12,P00374,Q96C86,4.6021,7.7905,=,=,IC50,across
COC(=O)N1CC[C@H](N(Cc2ccccc2C)c2ccc(C#N)c(Cl)c2)C1,P06401,P10635,7.9208,4.6576,=,=,IC50,across
Clc1ncccc1CN[C@H]1CC1c1ccccc1,P27338,O60341,4.4647,7.0458,=,=,IC50,across
O=C1NC(=S)S/C1=C\c1ccc2ncccc2c1,P11309,O00329,6.9872,7.7932,=,=,IC50,across
COc1ccc(NC(=O)C(C)n2nc(C(=O)Nc3ccccc3)c3ccccc32)cc1,Q9NPD5,Q9UNQ0,5.4737,4.8663,=,=,IC50,across
COc1ccc(Cl)cc1S(=O)(=O)N1CCCc2ccc(C(=O)Nc3ccc(C(=O)O)c(F)c3)cc21,P23786,Q92523,5.5534,5.5199,=,=,IC50,across
O=C(O)c1cnc(SCc2ccccc2)[nH]c1=O,Q9NWT6,O15054,4.6946,4.1273,=,=,IC50,across
CCNC(=O)c1cc(Cc2cccc3[nH]ccc23)nc(-c2cn(C)nn2)c1,P25440,Q12809,5.95,4.5,=,=,IC50,across
O=c1[nH]c2ccccc2n1CCCN1CCC(n2c(=O)[nH]c3cc(Cl)ccc32)CC1,Q96FL8,P08913,5.6383,5.5622,=,=,IC50,across
CN[C@H]1CC[C@@H](c2ccc(Cl)c(Cl)c2)c2ccccc21,Q12809,P18825,5.1666,6.1868,=,=,Ki,across
COCC(=O)O[C@]1(CCN(C)CCCc2nc3ccccc3[nH]2)CCc2cc(F)ccc2[C@@H]1C(C)C,Q9P0X4,P11712,6.8861,4.5467,=,=,IC50,across
CN[C@H]1CC[C@@H](c2ccc(Cl)c(Cl)c2)c2ccccc21,P28223,P20813,5.5621,4.9031,=,=,IC50,across
C=CC(=O)N1CCC([C@@H]2CCNc3c(C(N)=O)c(-c4ccc(Oc5ccccc5)cc4)nn32)CC1,P51451,P11712,8.9469,5.2441,=,=,IC50,across
C=C(C)[C@@H]1CCC(C)=C[C@H]1c1c(O)cc(CCCCC)cc1O,P35372,P08684,5.8861,6.0,=,=,Ki,across
CN(C)CCCN1c2ccccc2Sc2ccc(Cl)cc21,P08912,Q12809,7.7447,5.3211,=,=,Ki,across
COc1ccc(NC(=O)C(C)n2nc(C(=O)Nc3ccccc3)c3ccccc32)cc1,O15244,P08183,3.9281,5.3374,=,=,IC50,across
O=C(c1ccc(/C=C/c2n[nH]c3ccccc23)cc1)N1CCNCC1,P18074,Q05397,5.5043,5.6778,=,=,Kd,across
COc1ccc(CCCOC(Cn2ccnc2)c2ccc(OC)cc2)cc1,P08684,Q7Z2W7,7.3468,6.0969,=,=,IC50,across
Nc1n[nH]cc1-c1cc(C(F)(F)F)ccc1Oc1cc(F)c(S(=O)(=O)Nc2cscn2)cc1Cl,Q15858,P11712,8.1734,6.2581,=,=,IC50,across
Clc1ccccc1CN1CCc2sccc2C1,P08913,P11712,6.4179,4.5072,=,=,IC50,across
C=CC(=O)N1CCC[C@@H](n2nc(-c3ccc(Oc4ccccc4)cc3)c3c(N)ncnc32)C1,P07948,O95848,7.199,6.0044,=,=,IC50,across
Cc1ccc(-c2n[nH]c3ncnc(N)c23)cc1OCc1ccccc1,P48736,P78527,5.4763,4.6144,=,=,IC50,across
N#Cc1cccc(C(=O)N2CCC(c3ccc(C(=O)NC(=N)N)cc3C(F)(F)F)CC2)c1,P11712,P19634,4.7212,7.2053,=,=,IC50,across
O=C(O)CCCCCNn1nnc2ccccc21,P10632,Q08477,2.8284,2.8407,=,=,IC50,across
Cc1cc(C(C#N)c2ccc(Cl)cc2)c(Cl)cc1NC(=O)c1cc(I)cc(I)c1O,P08684,P28482,5.301,5.8453,=,=,IC50,across
CNCc1ccccc1-c1csc([C@H](C)Nc2nc(C)nc3cc(OC)c(OC)cc23)c1,P31645,P41595,5.3735,7.1275,=,=,Ki,across
Cc1occc1-c1ncc(OC[C@@H](N)Cc2c[nH]c3ccccc23)cc1-c1cnc2[nH]nc(C)c2n1,P08684,P49841,6.2007,6.6778,=,=,IC50,across
Cc1cnc(Nc2ccc(N3CCN(C)CC3)c(F)c2)nc1Nc1cccc(NS(=O)(=O)C(C)(C)C)c1,O60885,P23458,7.8539,8.9431,=,=,IC50,across
C=CC(=O)N1CCC([C@@H]2CCNc3c(C(N)=O)c(-c4ccc(Oc5ccccc5)cc4)nn32)CC1,P51813,P11712,8.2676,5.2441,=,=,IC50,across
CCC(=O)CCCCC[C@H](NC(=O)[C@H]1CC12CCN(C)CC2)c1ncc(-c2cc3ccncc3nc2OC)[nH]1,Q12809,Q9BY41,4.585,5.4437,=,=,IC50,across
OC1(c2ccc(Cl)c(C(F)(F)F)c2)CCN(CCCC(c2ccc(F)cc2)c2ccc(F)cc2)CC1,P23975,P08908,6.2306,6.4486,=,=,Ki,across
CCOc1cccc(-n2cc3nc(-c4cccnc4C)n(C[C@H]4CCCN(C[C@H]5CCCO5)C4)c(=O)c3n2)c1,Q12809,Q92847,4.8539,9.041,=,=,IC50,across
CC(C)CC(c1nnnn1C)N(Cc1ccccc1C(F)(F)F)c1ccc(C#N)c(Cl)c1,P33261,P06401,5.8861,7.6021,=,=,IC50,across
O=S(=O)(c1ccccc1)c1c[nH]c2cccc(CCN3CCCC3)c12,P23975,P28223,6.8928,6.5884,=,=,IC50,across
COC(Cn1nc(-c2ccc3oc(N)nc3c2)c2c(N)ncnc21)OC,P00519,P48736,5.0035,7.0044,=,=,IC50,across
O=C(O)CCCOc1cccc(CCCCCCOc2cc(-c3ccc4c(c3)OCO4)cc(-c3ccccc3F)c2)c1CCC(=O)O,Q15722,P11712,9.2147,5.1192,=,=,IC50,across
COC[C@@H](Oc1cc(C[C@@H]2C[S@@+]([O-])C[C@H](NCc3cc(CC(C)(C)C)on3)[C@H]2O)cc(F)c1N)C(F)(F)F,P56817,P08684,6.9191,5.9586,=,=,IC50,across
CC(=O)[C@H]1CC[C@H]2[C@@H]3CCC4=CC(=O)CC[C@]4(C)[C@H]3CC[C@]12C,P10275,O95342,7.4318,4.2053,=,=,IC50,across
CC(C)N(C)Cc1cccc(F)c1CNc1cc(F)c(S(=O)(=O)Nc2cscn2)c(F)c1,P05177,P35498,4.301,4.5229,=,=,IC50,across
CN(C)CCCN1c2ccccc2Sc2ccc(Cl)cc21,P41145,Q01959,4.9554,5.5779,=,=,IC50,across
COCC(=O)N1CCC[C@@H](c2nc(-c3ccc(C(=O)Nc4cc(C(F)(F)F)ccn4)cc3F)c3c(N)nccn23)C1,Q12809,P51813,5.3468,7.699,=,=,IC50,across
CNCC[C@@H](Oc1cc(OC)ccc1C#N)c1ccccc1.O=C(O)C(=O)O,P10635,P23975,6.5229,4.9208,=,=,IC50,across
Cc1c(O)c(O)c2c(c1C=O)[C@@H]1O[C@H](O2)c2c(C)c(O)c(O)c(O)c2C1=O,Q92769,P08069,5.0,7.1549,=,=,IC50,across
CS(=O)(=O)Nc1ccc(-c2ccnc(Nc3ccc(N4CCN(CC(=O)Nc5ccc(/C=C/C(=O)NO)cc5)CC4)cc3)n2)cc1,P29597,Q9UBN7,8.3565,7.3468,=,=,IC50,across
CN(C)Cc1ccc2c(c1)CC[C@H](N(C)C(=O)c1ccc(-c3ccc(F)cc3)cn1)C2,P28335,Q12809,4.7696,5.284,=,=,IC50,across
CN[C@H]1CC[C@@H](c2ccc(Cl)c(Cl)c2)c2ccccc21,P18825,Q01959,6.1868,7.5884,=,=,Ki,across
O=S(=O)(NCCN1CC=C(c2c[nH]c3ccc(Cl)cc23)CC1)c1cccc(O)c1,P34969,P31645,9.0,8.6576,=,=,Ki,across
Cn1cnc(-c2cnc(O[C@@H]3CCN(C(=O)Cc4ccc(OC(F)(F)F)cc4)C[C@H]3F)c(C(N)=O)c2)c1,Q12809,P04629,5.1549,4.1308,=,=,IC50,across
COc1ccccc1C1=C(c2cn(CCCn3ccnc3)c3cc(Br)ccc23)C(=O)NC1=O,Q16769,P49841,4.6637,7.6778,=,=,IC50,across
OC1(c2ccc(Cl)c(C(F)(F)F)c2)CCN(CCCC(c2ccccc2)c2ccccc2)CC1,P31645,P21728,5.9281,6.8697,=,=,Ki,across
CC1(C)[C@@H]2CC[C@@]1(C)[C@@H](NC(=O)[C@H](CC1CCCCC1)NS(=O)(=O)N[C@@H](CCCCN)C(=O)O)C2.Cl,P08684,Q96IY4,4.9208,7.1013,=,=,IC50,across
C=CC(=O)N1CCC[C@@H](n2nc(-c3ccc(Oc4ccccc4)cc3)c3c(N)ncnc32)C1,P07948,P10632,7.199,5.1024,=,=,IC50,across
C=CC(=O)N1CCC[C@@H](n2nc(-c3ccc(Oc4ccccc4)cc3)c3c(N)ncnc32)C1,P07949,Q9UKK9,4.7435,6.699,=,=,Kd,across
O=c1[nH]c2cc(CN3C4CCC3CN(c3ccc(Cl)nn3)C4)ccc2c2c1CCCN2,Q13470,P09874,7.9706,8.317,=,=,IC50,across
CN(C)C(=O)C(CCN1CCC(O)(c2ccc(Cl)cc2)CC1)(c1ccccc1)c1ccccc1,O00748,P41143,5.8239,6.5003,=,=,Ki,across
O=C(Cc1ccccc1)N1CCC(C(O)CC2c3ccccc3-c3cncn32)CC1,P08684,P14902,6.8861,7.5086,=,=,IC50,across
COc1cc([N+](=O)[O-])c2[nH]cc(CCNC(C)=O)c2c1,P16083,P49286,6.0,7.5376,=,=,Ki,across
Nc1nc(N)c2nc(-c3cccc(O)c3)c(-c3cccc(O)c3)nc2n1,P49760,P42336,7.3665,7.0371,=,=,Kd,across
Cc1cc(N2CCc3c(c(C)nn3CC34CCC(NC5CCC5)(CC3)CC4)C2)c2cnn(C)c2n1,Q9NR96,Q12809,6.2596,4.6021,=,=,IC50,across
O=C(N[C@@H]1COc2cccc(-c3ccc(CO)nc3)c2C1)c1ccc(OCC(F)(F)F)nc1,Q15858,Q01959,6.8,5.699,=,=,IC50,across
Cl.Nc1ncccc1-c1nc2ccc(-c3ccccc3)nc2n1-c1ccc(C2(N)CCC2)cc1,P08684,P31751,4.699,8.1003,=,=,IC50,across
CCn1c(=O)n(C)c(=O)c2c1cc(N1CCC[C@@](C)(N)C1)n2Cc1cc(F)ccc1C#N.Cl,P27487,P10635,7.9208,6.3979,=,=,IC50,across
O=C1c2ccccc2C(=O)N1CCCCN1CC=C(c2c[nH]c3ccc(F)cc23)CC1,P28335,P31645,7.4,9.1,=,=,Ki,across
Cc1cc(C)c(NC(=O)Nc2cc3ccccc3cc2C(=O)NC2(C(=O)O)Cc3ccccc3C2)c(C)c1,P06737,P11712,6.1804,5.3118,=,=,IC50,across
COCC(=O)O[C@]1(CCN(C)CCCc2nc3ccccc3[nH]2)CCc2cc(F)ccc2[C@@H]1C(C)C,Q96D31,P08684,4.2832,6.3279,=,=,IC50,across
C/N=C1\NC(=O)/C(=C\c2c[nH]c3cccc(Br)c23)N1C,P46098,P47898,5.228,5.8374,=,=,Ki,across
COc1nccnc1[C@H](C)C1=C(CCN(C)C)Cc2cc(F)ccc21,P10635,Q12809,5.1938,5.7447,=,=,IC50,across
COc1ccc(CCN2C[C@H](CNC(=O)c3cccc(Cl)c3)[C@@H](c3ccc(OC)cc3)C2)cc1,Q99705,Q12809,6.0757,7.5528,=,=,IC50,across
O=c1cc(Cn2c(C3CC(F)(F)C3)nc3nccnc32)c2cccc(F)c2[nH]1,P29475,P08684,5.5229,4.6383,=,=,EC50,across
CCOc1ccc(-c2nn(C3CCCC3)c3ncnc(N)c23)cc1OC,P12931,Q9UBF8,6.8477,5.8239,=,=,IC50,across
Cc1nn(-c2cccnc2)c(C)c1-c1cc(N2CC3CCC(C2)O3)nc2c(-c3ccn[nH]3)cnn12.O=C(O)/C=C/C(=O)O,P33261,P42345,4.2661,5.7397,=,=,IC50,across
C=CC(=O)N1CCC[C@@H](n2nc(-c3ccc(Oc4ccccc4)cc3)c3c(N)ncnc32)C1,P08631,Q9UKK9,7.3768,6.699,=,=,Kd,across
OC1(c2ccc(Cl)cc2)CCN(Cc2c[nH]c3ccccc23)CC1,Q01959,P08913,5.8534,5.4148,=,=,Ki,across
Cc1ccc(-n2c(=O)c3cc4c(=O)n(-c5ccc(C)c(C)c5)c(=O)c4c(C(=O)c4ccc(C(=O)O)cc4)c3c2=O)cc1C,P09917,O14684,5.4062,5.1024,=,=,IC50,across
Cc1ccc([C@@H](C)N2[C@@H]3CC[C@H]2C[C@H](Oc2cccc(C(N)=O)c2)C3)s1,P35372,Q12809,5.569,8.5528,=,=,IC50,across
CC(C)Oc1cc(C2CCNCC2)ccc1Nc1ncc(Cl)c(Nc2ccccc2S(=O)(=O)C(C)C)n1,Q12809,Q9UM73,5.2757,7.9747,=,=,IC50,across
COc1cc(-c2nc3c(C(N)=O)cccc3[nH]2)ccc1Nc1ncc2cc(C(=O)N(C)C)n(C3CCCC3)c2n1,Q00534,P09874,7.4271,6.4759,=,=,IC50,across
CC1(C)C=Cc2c(ccc(C(=O)/C=C/c3ccc(O)cc3)c2O)O1,P11926,P56817,5.3279,5.0088,=,=,IC50,across
O=c1c(O)c(-c2ccccc2)oc2cc(O)cc(O)c12,Q9UL62,P47989,6.3468,5.7447,=,=,IC50,across
Cc1cc(N2CCN(CC(=O)NCCF)CC2)cc2[nH]c(-c3c(NC[C@@H](O)c4cccc(Cl)c4)cc[nH]c3=O)nc12,P08069,P08684,7.3872,5.6198,=,=,IC50,across
O=C(Nc1ccc(Cl)c(C(F)(F)F)c1)N[C@H]1CC[C@H](Oc2ccc(C(=O)O)cc2)CC1,P34913,P04049,9.301,5.3665,=,=,IC50,across
Cc1nc2cc(/C=C/C(=O)NO)ccc2c(=O)n1CCc1ccccc1,Q13547,P11712,5.7258,5.041,=,=,IC50,across
O=C(Nc1ccc(-c2nnn[nH]2)cc1F)[C@H](C1CCCCC1)n1c(-c2ccc(Cl)cc2)nc2cc(F)c(F)cc21,P08684,Q96RI1,5.1135,8.0969,=,=,IC50,across
CCn1cc(-c2ccnc3[nH]c(-c4cccc(CN(C)C)c4)cc23)c(-c2ccc(NC(=O)N(C)C)cc2)n1,O43353,Q6JQN1,6.214,5.9543,=,=,Kd,across
Cl.Fc1ccc([C@@H]2C[C@H]2NCc2cn(-c3ccc(-c4ccccc4)cc3)nn2)cc1F,O60341,P27338,8.4776,6.4306,=,=,IC50,across
C[C@@H](O[C@H]1CC[C@@H]2CN(C3=CC(=O)CC3)C[C@H]2[C@@H]1c1ccc(F)cc1)c1cc(C(F)(F)F)cc(C(F)(F)F)c1,P21452,P08684,5.6198,4.4089,=,=,IC50,across
CCOC(=O)c1ccc(OC(=O)CCCCCNC(=N)N)cc1,Q96FL8,P05981,6.301,6.4168,=,=,IC50,across
CCCCCCC(Sc1nc(Cl)cc(Nc2cccc(C)c2C)n1)C(=O)O,Q07869,O14684,6.0,5.4089,=,=,IC50,across
Cc1ccc(Nc2nccc(N(C)c3ccc4c(C)n(C)nc4c3)n2)cc1S(N)(=O)=O,Q16832,O15439,7.2967,5.0915,=,=,IC50,across
C=CC(=O)N1CCC([C@@H]2CCNc3c(C(N)=O)c(-c4ccc(Oc5ccccc5)cc4)nn32)CC1,P08684,Q15303,4.5311,8.8013,=,=,IC50,across
Cc1cnc(Nc2ccc(OCCCCCCC(=O)NO)c(F)c2)nc1Nc1cccc(S(=O)(=O)NC(C)(C)C)c1,Q9UBN7,P52333,8.1561,6.0204,=,=,IC50,across
CC(C)n1nc(-c2ccc3nccnc3c2)c2c(N)ncnc21,P35968,P42338,4.8861,6.011,=,=,IC50,across
COc1cc(-c2nn(C(C)C)c3ncnc(N)c23)cc(OC)c1OC,P48736,P12931,4.0,7.1192,=,=,IC50,across
Nc1c2c(nc3ccccc13)CCCC2,Q12809,P08684,4.8443,4.0137,=,=,IC50,across
COCC(=O)O[C@]1(CCN(C)CCCc2nc3ccccc3[nH]2)CCc2cc(F)ccc2[C@@H]1C(C)C,P08684,Q14524,6.3279,6.301,=,=,IC50,across
O=C(NCCc1c[nH]c2ccccc12)c1cc2ccccc2cc1O,P23219,Q96EB6,5.6615,5.6021,=,=,IC50,across
CCCCCCC(Sc1nc(Cl)cc(Nc2cccc(C)c2C)n1)C(=O)O,Q07869,P09917,6.0,5.3872,=,=,IC50,across
CS(=O)(=O)c1ccc2nc(N3CCN(C(=O)[C@@H]4CCCC[C@H]4C(=O)NC4(C#N)CC4)CC3)sc2c1,P08684,P07858,6.2,5.1,=,=,IC50,across
Nc1nc(-c2ccc(NC(=O)c3cccc(S(N)(=O)=O)c3)cc2)cn2c(=O)n(-c3ccccc3)nc12,Q16790,P30542,6.0915,5.9169,=,=,Ki,across
C[C@@H]1C[C@H]2[C@@H]3CCC4=CC(=O)C=C[C@]4(C)C3=CC[C@]2(C)[C@H]1C(=O)CN1CCN(c2cc(N3CCCC3)nc(N3CCCC3)n2)CC1,Q16539,P18825,5.1304,5.1025,=,=,IC50,across
CN(C)C(=O)c1cc2cnc(Nc3ccc(NC(=O)CCCCCCC(=O)NO)cc3)nc2n1C1CCCC1,Q13547,O14965,8.6576,7.9208,=,=,IC50,across
COc1cc(N2CCC(N3CCN(C)CC3)CC2)ccc1Nc1ncnc(Nc2ccccc2S(=O)(=O)C(C)C)n1,P06239,P16083,5.8945,5.1963,=,=,Kd,across
O=C(CNC(=O)c1cccc(C(F)(F)F)c1)NC1CN([C@H]2CC[C@H](c3ccc(N4CCCC4)cc3)CC2)C1,P41597,Q12809,6.9172,5.1024,=,=,IC50,across
NC(=O)c1ccc(O[C@H]2C[C@H]3CC[C@@H](C2)N3Cc2ccccc2)nc1,Q12809,P41145,5.8861,4.7147,=,=,IC50,across
Cc1nc(-c2ccc(C(F)(F)F)cc2)sc1COc1ccc2c(c1)OCC2CC(=O)O,O14842,Q03181,6.9807,6.757,=,=,EC50,across
OC1(c2ccc(Cl)c(C(F)(F)F)c2)CCN(CCCC(c2ccccc2)c2ccccc2)CC1,P23975,P28335,6.2857,5.6714,=,=,Ki,across
CCC1=C(C)CN(C(=O)NCCc2ccc(S(=O)(=O)NC(=O)N[C@H]3CC[C@H](C)CC3)cc2)C1=O,O15438,P42330,5.1945,6.0706,=,=,IC50,across
Cc1c([C@@H](O)CN2CCN(C[C@H](O)c3ccc4c(c3C)COC4=O)CC2)ccc2c1COC2=O,P30872,P22303,5.58,5.0026,=,=,IC50,across
CN(C)C(=O)COC(=O)Cc1ccc(OC(=O)c2ccc(NC(=N)N)cc2)cc1,P00734,Q86VL8,6.1079,4.8962,=,=,IC50,across
CCOc1nn(C2CCN(C(C)=O)CC2)cc1Nc1ncc(Cl)c(-c2cnn3ccccc23)n1,Q12809,P08069,5.1938,7.9348,=,=,IC50,across
CN(C)CCCN1c2ccccc2Sc2ccc(Cl)cc21,P25100,P08183,8.7073,5.5677,=,=,Ki,across
CC(C)(C)c1cc(NC(=O)n2ccc3cc(Oc4ncnc5c4CCNC5)ccc32)no1,Q12809,P35968,5.1549,7.4604,=,=,IC50,across
Cn1cc(C2=C(c3cn(C4CCN(Cc5ccccn5)CC4)c4ccccc34)C(=O)NC2=O)c2ccccc21,Q16816,O60331,5.3768,5.1805,=,=,Kd,across
Cc1cc(C(C#N)c2ccc(Cl)cc2)c(Cl)cc1NC(=O)c1cc(I)cc(I)c1O,P18089,Q01959,5.7447,5.3188,=,=,IC50,across
CO[C@H]1CC[C@H](c2nnc3cnc4ccc(-c5cncc(C(F)F)c5)cc4n32)CC1,P42338,P78527,6.7496,7.2655,=,=,IC50,across
C=CC(=O)N1CCC[C@@H](n2nc(-c3ccc(Oc4ccccc4)cc3)c3c(N)ncnc32)C1,O43353,Q9UKK9,7.2441,6.699,=,=,Kd,across
CN1CCC(=C2c3ccccc3C=Cc3ccccc32)CC1,P23975,P08173,6.3951,8.6603,=,=,Ki,across
CCCCCc1cc(O)c2c(c1)OC(C)(CCC=C(C)C)C=C2,P23975,Q9Y5S1,5.71,5.1871,=,=,IC50,across
O=c1cc(-c2ccccc2)oc2cc(O)ccc12,Q9C0B1,Q16678,4.7471,6.6021,=,=,IC50,across
CN(C)CCOC(=O)/C=C/c1ccc2oc(C(=O)Nc3ccccc3)cc(=O)c2c1,P22303,P27338,6.1308,5.6421,=,=,IC50,across
CN(C)CCCN1c2ccccc2Sc2ccc(Cl)cc21,P10635,P41145,5.1549,5.3533,=,=,Ki,across
O=C1Nc2ccccc2/C1=C\c1ccc2c(/C=C/c3ccncc3)n[nH]c2c1,P11712,O00444,7.699,8.4437,=,=,IC50,across
CCc1ccc(OCc2ccccc2C(=O)Nc2ccc3nc(C)cc(N)c3c2)cc1.Cl,P35414,Q5T601,5.4664,5.5468,=,=,IC50,across
O=C(Cc1nc(N2CCOCC2)cc(=O)[nH]1)N1CCc2c(F)cccc21,P42336,P08684,5.6108,4.3979,=,=,IC50,across
Cn1cncc1C(=O)N(Cc1cc(=O)[nH]c2c(F)c(F)ccc12)c1cccc(Cl)c1,Q12809,P11712,5.0969,4.6021,=,=,EC50,across
CN(C)CC(c1ccc(O)cc1)C1(O)CCCCC1,P23975,Q9UK17,6.0466,2.3,=,=,IC50,across
OCCN(CCO)c1nc(N2CCCCC2)c2nc(N(CCO)CCO)nc(N3CCCCC3)c2n1,O15440,O15244,4.5229,5.585,=,=,IC50,across
CN1CCC(=C2c3ccccc3C=Cc3ccccc32)CC1,Q8WTS6,P20309,5.4685,7.3372,=,=,IC50,across
C[C@H]([C@@H](O)c1ccc(O)cc1)N1CCC(Cc2ccccc2)CC1,Q13224,P28223,8.054,6.2924,=,=,Ki,across
O=C1c2cccc3c2[C@H](CCC3)CN1[C@@H]1CN2CCC1CC2,P46098,Q14524,8.8041,4.7,=,=,IC50,across
CC[C@@]1(O)C(=O)OCc2c1cc1n(c2=O)Cc2cc3ccccc3nc2-1,O15439,P11387,5.1308,5.6021,=,=,IC50,across
O=C(NCCc1c[nH]c2ccccc12)c1cc2ccccc2cc1O,P35354,Q96EB6,4.4066,5.6021,=,=,IC50,across
O=c1c(O)c(-c2ccc(O)c(O)c2)oc2cc(O)ccc12,O94956,Q9C0B1,5.172,5.0362,=,=,IC50,across
Cn1cc(C2=C(c3cn(C4CCN(Cc5ccccn5)CC4)c4ccccc34)C(=O)NC2=O)c2ccccc21,O60331,P09619,5.1805,5.4815,=,=,Kd,across
C[C@H]1O[C@@H](O[C@H]2[C@@H](O)C[C@H](O[C@H]3[C@@H](O)C[C@H](O[C@H]4CC[C@@]5(C)[C@H](CC[C@@H]6[C@@H]5C[C@@H](O)[C@]5(C)[C@@H](C7=CC(=O)OC7)CC[C@]65O)C4)O[C@@H]3C)O[C@@H]2C)C[C@H](O)[C@@H]1O,O95342,Q9Y6L6,3.5782,5.49,=,=,IC50,across
O=C(/C=C/c1ccc(O)cc1)/C=C/c1ccc(O)cc1,P10635,P14679,4.199,4.1021,=,=,IC50,across
CC(C)n1nc(-c2cnc3ccccc3c2)c2c(N)ncnc21,P42338,P00533,4.7959,6.0,=,=,IC50,across
COc1ccc2c(c1)[C@]1(C[C@H]1c1ccc3c(/C=C/c4ccc(CN(C)C)cc4)n[nH]c3c1)C(=O)N2,O00444,P11712,9.1952,5.7633,=,=,IC50,across
O=C1Nc2ccc(C(=O)N[C@H](CO)c3ccccc3)cc2/C1=C(\c1ccccc1)c1ncc[nH]1,P11712,O96013,4.6696,7.6021,=,=,IC50,across
COc1cccc2c1CC[C@H](NC(=O)N(C)C)C2,P22303,P00918,9.0088,8.5702,=,=,Ki,across
COc1cccc(-n2nc(Nc3ccc(OCCN4CCCC4)cc3)nc2N)n1,P30530,P56817,5.2596,4.5513,=,=,IC50,across
Cc1cc(C(C#N)c2ccc(Cl)cc2)c(Cl)cc1NC(=O)c1cc(I)cc(I)c1O,O15245,P04626,5.5229,5.6077,=,=,IC50,across
Cc1c([C@@H](O)CN2CCN(C[C@H](O)c3ccc4c(c3C)COC4=O)CC2)ccc2c1COC2=O,P22303,P31645,5.0026,6.2703,=,=,IC50,across
O=C(C1CCN(c2ccncc2)CC1)N1CC[C@@H](CNS(=O)(=O)/C=C/c2ccc(-c3ccc(Cl)s3)s2)C1,P00742,P10635,7.7447,5.0985,=,=,IC50,across
CCCCc1nc(Cl)c(CO)n1Cc1ccc(-c2ccccc2-c2nnn[nH]2)cc1,P30556,P12821,7.7905,7.7212,=,=,IC50,across
O=C(NNS(=O)(=O)c1ccc2ccccc2c1)c1ccccc1F,Q9H7Z6,Q12809,5.4365,4.5391,=,=,IC50,across
COCCN(C)Cc1c(-c2ccc(NC(=O)NOC)cc2)sc2c1c(=O)n(-c1ccc(OC)nn1)c(=O)n2Cc1c(F)cccc1F,Q12809,P30968,5.8633,9.585,=,=,IC50,across
C[C@H](CN)n1nc(-c2ccc(Cl)c(O)c2)c2c(N)ncnc21,P42338,P35968,5.4413,6.2565,=,=,IC50,across
O=C(O)c1cc(-c2ccc(F)cc2F)ccc1O,P00918,Q4U2R8,5.5686,6.0706,=,=,IC50,across
COC(=O)C1=C(C)NC(C)=C(C(=O)OCCN(C)Cc2ccccc2)C1c1cccc([N+](=O)[O-])c1,P11712,Q9UNQ0,6.3015,5.0494,=,=,IC50,across
O=S(=O)(Nc1ccc2oc(-c3ccc(NS(=O)(=O)c4cccc5nonc45)cc3)nc2c1)c1ccc(Cl)s1,Q16762,P54829,4.1427,4.6198,=,=,IC50,across
COc1ccc2[nH]cc(C3CC(=O)N(CCCCN4CCC(c5c[nH]c6ccc(F)cc56)CC4)C3=O)c2c1,P31645,P14416,7.757,7.2076,=,=,Ki,across
CC(C)n1nc(-c2ccc(O)cc2)c2c(N)ncnc21,Q9UBF8,P35968,5.7959,5.8386,=,=,IC50,across
C=C(C)[C@@H]1CCC(C)=C[C@H]1c1c(O)cc(CCCCC)cc1O,O76083,Q15858,6.9586,5.7399,=,=,IC50,across
CN(C)CCCN1c2ccccc2Sc2ccc(Cl)cc21,Q06278,P21917,6.2441,5.8649,=,=,IC50,across
C=CCN(CC=C)CCc1c[nH]c2ccccc12,P18825,Q01959,6.05,5.9,=,=,Ki,across
C[C@H]1OC(=O)[C@]2(O)CC(F)(F)[C@@H](C)[C@H](/C=C/c3ccc(-c4cccc(F)c4)cn3)[C@H]12,Q12809,P25116,4.5376,8.0969,=,=,IC50,across
O=C(O)c1cc(-c2ccc(F)cc2F)ccc1O,P00915,Q4U2R8,5.4711,6.0706,=,=,IC50,across
O=C(c1ccc(/C=C/c2n[nH]c3ccccc23)cc1)N1CCNCC1,O00444,P16083,6.8182,5.4441,=,=,Kd,across
C[C@@H]1C[C@H]2[C@@H]3CCC4=CC(=O)C=C[C@]4(C)C3=CC[C@]2(C)[C@H]1C(=O)CN1CCN(c2cc(N3CCCC3)nc(N3CCCC3)n2)CC1,P06239,P28223,4.8017,5.6985,=,=,IC50,across
FC(F)(F)Oc1cccc(-n2nnc3cc(Cl)c(NCC4CCNCC4)nc32)c1,Q12809,P11309,6.4,8.2218,=,=,IC50,across
CCn1cc(-c2ccnc3[nH]c(-c4cccc(CN(C)C)c4)cc23)c(-c2ccc(NC(=O)N(C)C)cc2)n1,Q6JQN1,P27707,5.9543,5.6649,=,=,Kd,across
O=c1[nH]c2ccccc2n1CCCN1CCC(n2c(=O)[nH]c3cc(Cl)ccc32)CC1,Q12809,P41145,6.79,5.1553,=,=,IC50,across
COc1cc(-c2nn(C3CCCC3)c3ncnc(N)c23)ccc1N,P35968,O00329,6.1238,6.8416,=,=,IC50,across
CCN(CC)CCOC(=O)/C=C/c1ccc2oc(C(=O)Nc3ccc(C)c(C)c3)cc(=O)c2c1,P27338,P22303,5.5952,5.6073,=,=,IC50,across
CCOC(=O)c1ccc(OC(=O)CCCCCNC(=N)N)cc1,Q86VL8,P00749,4.9666,6.3655,=,=,IC50,across
COc1cc2c(Nc3cccc4cccnc34)c(C(N)=O)cnc2cc1-c1c(C)noc1C,Q07343,P11712,7.3,5.5528,=,=,IC50,across
CCOc1ccc(-c2nn(C3CCCC3)c3ncnc(N)c23)cc1OC,O00329,P00519,7.7696,6.0706,=,=,IC50,across
COc1cc(F)c(OCCNCCCF)cc1[C@@H]1c2[nH]c3ccccc3c2C[C@@H](C)N1CC(F)(F)F,Q12809,P03372,5.4437,8.5528,=,=,IC50,across
C=C(C)[C@@H]1CCC(C)=C[C@H]1c1c(O)cc(CCCCC)cc1O,P08684,P14416,6.0,7.8666,=,=,Ki,across
CC1=NN(c2ccc(C(=O)O)cc2)C(=O)/C1=C\c1ccc(-c2cc(C)c(C)cc2[N+](=O)[O-])o1,Q92831,Q92769,4.4101,5.1549,=,=,IC50,across
COc1ccc(Nc2cc3c(cn2)n(C)c(=O)n3-c2ccc(C(C)(C)C#N)cc2)c(C)c1,P42336,P78527,6.52,8.6737,=,=,IC50,across
CC[C@H]1[C@H](/C=C/c2ccc(-c3ccccc3C#N)cn2)[C@@H]2[C@@H](C)OC(=O)[C@]2(O)CC1(F)F,Q12809,P25116,4.7696,8.0969,=,=,IC50,across
Cc1nc(C(=O)NCCN2CCN(c3cccc(Cl)c3Cl)CC2)c(C)n1-c1ccccc1.Cl.Cl.Cl.Cl,P21917,P31645,5.4043,6.8894,=,=,IC50,across
CCN(CC)Cc1ccc(Nc2ccnc3cc(Cl)ccc23)cc1O,P33261,Q12809,4.4089,5.4089,=,=,IC50,across
N#Cc1cc2c(c(-c3ccc(C(=O)O)c(O)c3)c1)OCO2,Q96S37,P47989,6.0947,6.9957,=,=,IC50,across
CC(C)n1cc(C(=O)c2cncc(NC(=O)Cn3ccc(C(F)(F)F)n3)c2)c2cnccc21,P04629,Q12809,7.7265,5.7959,=,=,IC50,across
Cc1ccc(NC(=O)Nc2cc(-c3ccccc3-c3nnn[nH]3)ccc2N(CC(C)C)CC(C)C)cc1,P14902,P20813,8.2764,4.7212,=,=,IC50,across
O=C1NCN(c2ccccc2)C12CCN(CCCOc1ccc(F)cc1)CC2,Q01959,P34969,5.5614,6.4745,=,=,Ki,across
CNCC(=O)N[C@H](c1cc(C)ccc1N1CCN(C(=O)[C@H](C)Cc2ccc(Cl)cc2F)CC1)C(C)C,P32245,P08684,6.3872,5.1612,=,=,IC50,across
OC1(c2ccc(Cl)c(C(F)(F)F)c2)CCN(CCCC(c2ccccc2)c2ccccc2)CC1,P41143,Q01959,5.8164,6.9172,=,=,Ki,across
O=C(Cc1nc(N2CCOCC2)cc(=O)[nH]1)N1CCc2ccccc21,P31749,P42338,6.8761,8.1109,=,=,IC50,across
CN1CCN(Cc2ccc3c(c2)Cc2c(-c4csc(C#CCOc5ccccc5)c4)n[nH]c2-3)C(=O)C1,P35968,Q12809,8.4269,4.2757,=,=,IC50,across
CN(C)CCCN1c2ccccc2Sc2ccc(Cl)cc21,P17405,P41143,4.9586,4.68,=,=,IC50,across
COC(=O)[C@@H]1[C@H]2C[C@H]3c4[nH]c5ccccc5c4CCN3C[C@@H]2CC[C@@H]1O,P10635,P14416,6.8839,5.6861,=,=,IC50,across
N#Cc1ccc(N2CCN(Cc3cc(F)c4c5c(c(=O)[nH]c4c3)CCCN5)CC2)nc1,P09874,Q07912,8.4815,8.7077,=,=,IC50,across
CN1CCC(=C2c3ccccc3C=Cc3ccccc32)CC1,P23975,P28335,6.2487,8.6126,=,=,IC50,across
Nc1ncnc2c1c(-c1ccc(Cl)c(O)c1)nn2[C@@H]1CCNC1,P42338,P78527,6.0635,7.1135,=,=,IC50,across
Cl.Nc1ncccc1-c1nc2ccc(-c3ccccc3)nc2n1-c1ccc(C2(N)CCC2)cc1,P05177,P31749,4.699,7.3979,=,=,IC50,across
COCCCOc1cc(C(=O)N(C[C@@H]2CNC[C@H]2OC(=O)NCc2ccccc2)C(C)C)ccc1OC,P08913,Q12809,6.0,4.8861,=,=,IC50,across
CCOc1cc(N2CCC(O)CC2)ccc1Nc1ncc2c(n1)N(C)c1ccccc1C(=O)N2C,O60885,Q8N568,6.1153,6.7212,=,=,Kd,across
Cc1c(O)c(O)c2c(c1C=O)[C@@H]1O[C@H](O2)c2c(C)c(O)c(O)c(O)c2C1=O,P35968,Q9UBN7,6.4949,5.3372,=,=,IC50,across
Nc1ncnc2c1ncn2[C@@H]1O[C@H](COP(=O)(O)OP(=O)(O)OP(=O)(O)O)[C@@H](O)[C@H]1O,Q99571,Q96G91,6.1505,5.1739,=,=,EC50,across
CN[C@H]1CC[C@@H](c2ccc(Cl)c(Cl)c2)c2ccccc21,P18825,P20813,5.349,4.9031,=,=,IC50,across
FC(F)(F)Oc1cccc(-n2nnc3cc(Cl)c(NCC4CCNCC4)nc32)c1,Q12809,Q86V86,6.4,7.7959,=,=,IC50,across
O=c1c(O)c(-c2ccccc2)oc2cc(O)cc(O)c12,P22303,P11511,4.0675,4.0,=,=,Ki,across
O=C(/C=C/c1ccccc1)N1CCC2(CCOC(=O)N2c2ccc(Cl)c(F)c2)CC1,Q12809,Q16873,5.1675,6.5376,=,=,IC50,across
CCOc1ccc(-c2nn(C3CCCC3)c3ncnc(N)c23)cc1OC,P42338,P00519,6.5317,6.0706,=,=,IC50,across
COc1ccc2c(c1)[C@]1(C[C@H]1c1ccc3c(/C=C/c4ccc(CN(C)C)cc4)n[nH]c3c1)C(=O)N2,P11712,P35968,5.7633,6.041,=,=,IC50,across
COCc1ccc2c(c1)[nH]c1c(C)nccc12,P21397,Q13627,7.5229,5.699,=,=,IC50,across
COc1cc2ncnc(-n3nc(-c4ccccn4)nc3N)c2cc1OC,P42345,P42338,5.3382,5.2644,=,=,IC50,across
Cc1cccc([C@H]2C[C@@H]2CN)c1.Cl,P28335,P31645,6.5719,5.2643,=,=,Ki,across
COc1ccc(Sc2sc3nc(N)nc(N)c3c2C)cc1OC,P00374,P35968,5.6011,4.6459,=,=,IC50,across
O=C(NC1CCCCC1)[C@H](C1CCCCC1)n1c(-c2ccc(Cl)cc2)nc2cc(F)c(F)cc21,P11712,Q96RI1,5.1739,8.0,=,=,IC50,across
CC(C)(C)OC(=O)N[C@H](Cc1c(F)cccc1F)C(=O)NCc1nc2cccnc2n1C1(c2ccccc2)CC1,Q15858,P08684,6.767,5.2147,=,=,IC50,across
O=C(O)/C=C/C(=O)NNC(=O)c1cnccc1Cc1ccccc1,Q9UGL1,Q6P6C2,4.0762,3.9662,=,=,IC50,across
Cc1ccc2c(N3CCN(CCc4c(Cl)ccc5c4ccc(=O)n5C)CC3)cccc2n1,P31645,P28221,7.8,8.4,=,=,Ki,across
C=C(C)[C@H]1CN[C@H](C(=O)O)[C@H]1CC(=O)O,P42263,O15303,4.575,3.5243,=,=,EC50,across
Cc1ccc(C(=O)Nc2ccc3c(c2)C(F)(F)C[C@@H]3N2CCN(C)CC2)cc1C#Cc1cnc2cccnn12,P22455,Q12809,6.9083,4.9547,=,=,IC50,across
CC(=O)c1ccc(-c2nn(C(C)C)c3ncnc(N)c23)cc1,P08631,Q9UBF8,5.8539,5.4685,=,=,IC50,across
C[C@@]12c3ccc4c(c3C(=O)c3occ(c31)C(=O)C[C@H]2O)CCC4=O,P42336,P51955,9.0,6.0458,=,=,IC50,across
O=C(Nc1ccc2c(c1)CCN2Cc1ccc(F)cc1)C12C[C@H]3C[C@@H](C1)C[C@@H](C2)C3,P09917,P34913,7.1308,6.545,=,=,IC50,across
COc1cccc(OC)c1[C@@H]1C[C@H](OC)C(=O)N1Cc1ccc(OC(F)(F)F)cc1,O43613,P08684,6.719,5.8539,=,=,IC50,across
Cn1cc(C2=C(c3cn(C4CCN(Cc5ccccn5)CC4)c4ccccc34)C(=O)NC2=O)c2ccccc21,O60331,P22694,5.1805,6.2291,=,=,Kd,across
OCCN(CCO)c1nc(N2CCCCC2)c2nc(N(CCO)CCO)nc(N3CCCCC3)c2n1,Q96FL8,O76074,4.585,6.2411,=,=,IC50,across
COc1cccc(CN2CCCn3c(c4c(=O)n(-c5ccccc5Cl)[nH]c4cc3=O)C2)c1.Cl,Q9Y5S8,Q9NPH5,6.9469,6.9508,=,=,Ki,across
CC1=NN(c2ccc(C(=O)O)cc2)C(=O)/C1=C\c1ccc(-c2cc(C)c(C)cc2[N+](=O)[O-])o1,Q09472,Q9UBN7,5.7959,5.1549,=,=,IC50,across
CN[C@H]1CC[C@@H](c2ccc(Cl)c(Cl)c2)c2ccccc21,Q12809,Q01959,5.1666,7.5884,=,=,Ki,across
CC(=O)Nc1c(C(C)=O)c(=O)n(C)c2nc(-c3ccc(Cl)cc3Cl)c(-c3ccc(Cl)cc3)cc12,P34972,P27361,5.361,5.065,=,=,IC50,across
O=C(c1ccc(/C=C/c2n[nH]c3ccccc23)cc1)N1CCNCC1,O14965,Q9UBN7,7.3188,5.6453,=,=,IC50,across
C[C@@H]1CCNC(=O)c2cc3ccc(C(=O)Nc4nc5ccccc5n4CCCN(C)C)cc3n21,P07550,P36888,5.7399,6.1463,=,=,IC50,across
CN(C)CCCN1c2ccccc2Sc2ccc(Cl)cc21,Q12809,P28223,5.83,8.4415,=,=,IC50,across
Cc1cccc(N2CCN(CCCCNC(=O)c3cc4ccccc4o3)CC2)c1,P14416,Q12809,6.58,6.0315,=,=,Ki,across
O=C(N[C@H]1CC[C@H](O)CC1)[C@H](C1CCCCC1)n1c(-c2ccc(Cl)cc2)nc2cc(F)c(F)cc21,P08684,Q96RI1,4.4815,7.3872,=,=,IC50,across
Nc1ncnc2c1c(-c1ccc(Cl)c(O)c1)nn2C1CCC1,P08631,P48736,8.2366,6.5331,=,=,IC50,across
O=C(O)c1ccc(-n2cc(C(=O)c3c(Cl)cccc3C(F)(F)F)c3c(F)cccc32)c(F)c1,P51449,P11712,7.7959,4.6925,=,=,IC50,across
Cc1ccccc1OS(=O)(=O)C1CC2OC1C(c1ccc(NC(=O)CCCCCCC(=O)O)cc1)=C2c1ccc(O)cc1,P03372,Q9UBN7,6.3372,5.3002,=,=,IC50,across
CC(C)n1nc(-c2ccc(O)cc2)c2c(N)ncnc21,P78527,Q9UBF8,6.2076,5.7959,=,=,IC50,across
CN(C)CCCN1c2ccccc2Sc2ccc(Cl)cc21,O95069,O60341,5.5686,5.2895,=,=,IC50,across
CCOc1ccc(Cc2ccc(CCC(=O)NO)cc2)cc1-c1nc2c(CC)nn(C)c2c(=O)[nH]1,O76074,Q13547,7.8861,5.6162,=,=,IC50,across
CCn1cc(-c2ccnc3[nH]c(-c4cccc(CN(C)C)c4)cc23)c(-c2ccc(NC(=O)N(C)C)cc2)n1,Q13470,P27707,6.2708,5.6649,=,=,Kd,across
COc1ccc(-c2nn([C@@H]3CCNC3)c3ncnc(N)c23)cc1O,P00533,Q9UBF8,4.8996,4.7447,=,=,IC50,across
O=[N+]([O-])O[C@@H]1CC[C@H](Br)[C@@H]2CC[C@H]1O2,P00390,P00918,4.9586,3.9586,=,=,IC50,across
Cc1cnc(Nc2ccc(OCCCCCCC(=O)NO)c(F)c2)nc1Nc1cccc(S(=O)(=O)NC(C)(C)C)c1,P52333,Q969S8,6.0204,6.8952,=,=,IC50,across
Cc1cc(OS(N)(=O)=O)ccc1-c1ccc(C(=O)c2c(F)ccc(O)c2F)s1,P37059,P08842,7.3979,7.4559,=,=,IC50,across
C=CCO[C@H]1CC[C@@H](N2CC(NC(=O)CNc3n[nH]c4ccc(C(F)(F)F)cc34)C2)CC1,P41597,Q12809,6.699,5.1308,=,=,IC50,across
C[C@@H]1CCCN1CCCOc1ccc2c(c1)CC[C@@H]1[C@@H]2CC[C@]2(C)NC(=O)CC[C@@H]12,Q9Y5N1,Q12809,8.943,5.4318,=,=,IC50,across
O=C(O)c1ccccc1Nc1cccc(C(F)(F)F)c1,Q9NYV8,O75762,6.3665,5.1549,=,=,EC50,across
Cc1c(O)c(O)c2c(c1C=O)[C@@H]1O[C@H](O2)c2c(C)c(O)c(O)c(O)c2C1=O,P12931,Q13547,6.4318,5.0655,=,=,IC50,across
Cc1ccc2cc3c(ccc4ccccc43)c3c2c1CC3,P22303,P23975,4.6443,4.528,=,=,IC50,across
CN(C)C(=O)COC(=O)Cc1ccc(OC(=O)c2ccc(NC(=N)N)cc2)cc1,O15244,P07477,4.7825,8.3372,=,=,IC50,across
Oc1cccc(N2[C@@H]3CC[C@H]2CN(CCCc2ccccc2)C3)c1,Q12809,P35354,5.3372,5.9747,=,=,IC50,across
COCc1ccc(-c2cc3c(cc2F)ncc2c3n([C@H]3CC[C@H](OC)CC3)c(=O)n2C)cn1,Q13315,Q12809,6.6198,4.5686,=,=,IC50,across
Cc1nc2c(F)cc(-c3nc(Nc4ccc5c(n4)CCN(CCN(C)C)C5)ncc3F)cc2n1C(C)C,Q12809,P23458,5.0,6.104,=,=,IC50,across
NS(=O)(=O)c1ccc(C(=O)n2[nH]c(=O)c3c(F)cccc3c2=O)cc1,P22303,P00918,7.2162,7.4636,=,=,Ki,across
CC(C)c1cc(Nc2nc(N3CCC[C@H](N)C3)ncc2C(N)=O)cc(C(C)C)n1,P57078,Q6P2M8,5.2449,8.5229,=,=,IC50,across
Cc1cccc2c1CCN2C(=O)Cc1nc(N2CCOCC2)cc(=O)[nH]1,P48736,P31749,5.7496,8.5229,=,=,IC50,across
C[C@H]([C@@H](O)c1ccc(O)cc1)N1CCC(Cc2ccccc2)CC1,P08913,Q15125,5.6383,8.301,=,=,Ki,across
COCCCOc1cc(C(=O)N(C[C@@H]2CNC[C@H]2OC(=O)NCc2ccccc2)C(C)C)ccc1OC,P08684,P18089,5.3979,6.0,=,=,IC50,across
C[C@]12CCC(=O)N[C@@H]1CC[C@@H]1[C@@H]2CC[C@]2(C)[C@@H](C(=O)Nc3ccccc3)CC[C@@H]12,P31213,P10275,7.8239,4.6383,=,=,IC50,across
COc1ccc(-c2nn(C(C)(C)C)c3ncnc(N)c23)cc1OC,P42336,P08631,6.3335,6.3565,=,=,IC50,across
CCCN1CC[C@H](NC(=O)c2cc(-c3ccc(F)cc3F)on2)[C@@H](C(=O)NC2(c3ncccn3)CC2)C1,Q12809,P25106,5.3565,7.74,=,=,IC50,across
Nc1nc(N)c2nc(-c3cccc(O)c3)c(-c3cccc(O)c3)nc2n1,O00764,Q9Y572,5.2798,5.4356,=,=,Kd,across
O=C(NCC1CCN(Cc2ccccc2)CC1)c1cncc(NC(=O)c2ccnc(NC(=O)C3CC3)c2)c1,P49841,P22303,6.5157,5.9578,=,=,IC50,across
Nc1c2c(nc3ccccc13)CCCC2,Q04844,P10635,7.3565,6.5229,=,=,IC50,across
O=C(c1cc([C@H]2CCCN2c2cc(F)cc(F)c2)c2oc(N3CCOCC3)cc(=O)c2c1)N1CCOCC1,P48736,P42345,6.7212,4.3768,=,=,IC50,across
O=C(O)CNC(=O)c1nc(-c2ccccc2)ccc1O,Q9GZT9,Q9Y2K7,4.7352,4.4342,=,=,IC50,across
CN(C)CC(=O)N1CCC(n2ncc(-c3cnc(N)c(-n4nnc5ccccc54)n3)n2)CC1,P35968,P42336,6.6778,7.2658,=,=,IC50,across
O=c1n(Cc2ccc(Cl)cc2)c2sc3c(c2c2ncnn12)CCCC3,Q12809,Q9Y233,5.2007,5.4559,=,=,IC50,across
O=C(Nc1ccc(C(=O)N2CCC[C@@H]2CO)cc1)Nc1ccc(-c2nc(N3CCOCC3)nc(N3CCOCC3)n2)cc1,O00329,P42345,7.4672,8.3098,=,=,IC50,across
S=C(SSC(=S)N1CCSCC1)N1CCSCC1,Q99685,O43175,6.5,6.4685,=,=,IC50,across
N#Cc1cnc(C(=O)Nc2ccc(C3CCN(CCN4CCOCC4)CC3)cc2C2=CCCCC2)[nH]1,P08684,P04629,5.4202,7.7212,=,=,IC50,across
C=CC(=O)N1CCC([C@@H]2CCNc3c(C(N)=O)c(-c4ccc(Oc5ccccc5)cc4)nn32)CC1,P33261,Q15303,5.1192,8.8013,=,=,IC50,across
Nc1nc(N)c2nc(-c3cccc(O)c3)c(-c3cccc(O)c3)nc2n1,O00750,P48730,8.1367,5.8861,=,=,Kd,across
CNCC[C@@H](Oc1ccccc1C)c1ccccc1,P23975,P10635,8.301,5.699,=,=,IC50,across
CC[C@@](C)(Nc1ccnc(-c2c[nH]c3ncccc23)n1)C(=O)NCC(F)(F)F,Q02880,Q13470,6.8297,7.3372,=,=,Kd,across
C=CC(=O)N1CCC[C@@H](n2nc(-c3ccc(Oc4ccccc4)cc3)c3c(N)ncnc32)C1,Q9UKK9,P06241,6.699,6.5157,=,=,Kd,across
Cc1c(CN(C2CCOCC2)[C@H]2CCNC2)cccc1C(F)(F)F,Q12809,P10635,5.5376,5.2596,=,=,IC50,across
N[C@H]1C[C@@H](N2Cc3cnc(C(F)(F)F)nc3C2)CC[C@@H]1c1cc(F)c(F)cc1F,Q12809,P27487,5.3188,9.301,=,=,IC50,across
C#CC1(O)CC[C@H]2[C@@H]3CCC4=CC(=O)CC[C@@H]4[C@H]3CC[C@@]21CC,P31645,P04150,6.2255,7.1675,=,=,Ki,across
COCC(=O)O[C@]1(CCN(C)CCCc2nc3ccccc3[nH]2)CCc2cc(F)ccc2[C@@H]1C(C)C,P08684,Q12809,6.0956,6.5867,=,=,Ki,across
Cc1c(Cl)cccc1N1CCN(CC(O)CNC(=O)c2nc(C)n(-c3cccc(Cl)c3)c2C)CC1.Cl.Cl.Cl.Cl,P28335,P31645,6.2545,7.8477,=,=,IC50,across
CS(=O)(=O)c1ccc(CN(C(=O)C2CCCC2)c2cc(F)cc(-c3nnn[nH]3)c2)cc1,P10632,Q9Y5Y4,6.6576,7.2441,=,=,IC50,across
O=C(O)c1cccc2c1NC(c1cccc(Br)c1)C1CC(Sc3ccccc3[N+](=O)[O-])C(Cl)C21,Q9Y2R2,Q16827,4.475,4.7375,=,=,IC50,across
CN(C)Cc1ccncc1-c1ccc2[nH]nc(C(=O)NCC3CCOCC3)c2c1,P49841,Q12809,6.6576,4.3979,=,=,IC50,across
C=C(C)[C@@H]1CCC(C)=C[C@H]1c1c(O)cc(CCCCC)cc1O,Q7Z2W7,P47870,7.2218,6.8861,=,=,IC50,across
O=C1NC(=S)S/C1=C\c1ccc2ncccc2c1,Q9HAZ1,O00329,7.7496,7.7932,=,=,IC50,across
O=c1[nH]c2ccccc2n1CCCN1CCC(n2c(=O)[nH]c3cc(Cl)ccc32)CC1,P18089,P23975,5.6726,5.5827,=,=,IC50,across
Nc1c2c(nc3ccccc13)CCCC2,P22303,P23975,7.1968,6.2899,=,=,Ki,across
COc1cccc(-c2n[nH]cc2N2CCNCC2)c1,P46098,P08908,5.6788,6.5686,=,=,Ki,across
CCn1cc(-c2ccnc3[nH]c(-c4cccc(CN(C)C)c4)cc23)c(-c2ccc(NC(=O)N(C)C)cc2)n1,P04629,P22830,5.2258,5.6171,=,=,Kd,across
O=C(NNS(=O)(=O)c1ccc2ccccc2c1)c1ccccc1F,Q9H7Z6,P10635,5.4365,5.2366,=,=,IC50,across
Cc1ccc(Nc2nccc(N(C)c3ccc4c(C)n(C)nc4c3)n2)cc1S(N)(=O)=O,Q02763,Q86TW2,5.4815,4.79,=,=,Kd,across
CC1COCCN1c1nc(-c2c[nH]c3ccccc23)nc2c1CN(S(=O)(=O)C(C)C)C2,P42345,O00443,6.8665,5.5661,=,=,IC50,across
Cc1nc(Nc2n[nH]c3c2CN(C(=O)N[C@H](CN(C)C)c2ccccc2)C3(C)C)c2sccc2n1,Q14289,P18074,5.8539,8.699,=,=,Kd,across
COc1cccc(-c2n[nH]cc2N2CCCNCC2)c1,P46098,P08908,5.9893,5.8983,=,=,Ki,across
C#CCN(C)Cc1ccc(OCCCCCN2CCN(c3cccc4c3ccn4S(=O)(=O)c3ccccc3)CC2)cc1,P21397,P50406,5.9842,6.0655,=,=,IC50,across
CC(C)c1cc(COc2ccccc2CC(=O)O)cc(-c2ccc3c(c2)[C@H](N)CO3)c1,Q05940,P00746,5.284,7.3979,=,=,IC50,across
COc1cc(/C=C/C(O)=C/C(=O)/C=C/c2ccc(OCc3ccccc3)cc2)ccc1O,P56817,P49841,5.8076,6.0458,=,=,IC50,across
COc1ccc(Cn2cc(C(=O)NCCCCCCNc3c4c(nc5ccccc35)CCCC4)c(=O)c3ccccc32)cc1,P11229,P22303,5.8268,6.7122,=,=,IC50,across
CC(C)n1nc(-c2cnc3ccccc3c2)c2c(N)ncnc21,P00533,P48736,6.0,5.5686,=,=,IC50,across
CC1CCN(C)c2ccnc3cc(F)c(nc23)-n2c(=O)[nH]c3nccc(c32)O1,P17252,Q12809,7.1617,5.6198,=,=,IC50,across
CN(C)CCn1cc(-c2ccn3c(-c4ccc(C(N)=O)c(OCc5cccc(F)c5)c4)cnc3c2)cn1,P11802,P42336,6.3556,5.2058,=,=,IC50,across
O=C(c1ccc(/C=C/c2n[nH]c3ccccc23)cc1)N1CCNCC1,Q9UBN7,P36888,5.6453,8.0316,=,=,IC50,across
O=c1c(O)c(-c2ccc(O)c(O)c2)oc2cc(O)ccc12,P22303,O94956,7.9208,5.172,=,=,IC50,across
CNC(=O)c1ncn2cc(-c3c(F)ccc(NS(=O)(=O)c4cc(Cl)cnc4OC)c3F)ncc12,O00750,Q9Y572,5.4685,5.0458,=,=,IC50,across
C[C@H]1COC2=C1C(=O)C(=O)c1c2ccc2c1CCCC2(C)C,P17706,Q96L73,4.2541,5.4559,=,=,IC50,across
CNCc1cc(OCc2cc(Cl)ccc2F)n(CC2(C(F)(F)F)CCCC2)n1,P31645,P28335,8.4202,8.0555,=,=,Ki,across
Cc1cc(N2CCc3c(c(C)nn3CC34CCC(NC5CCC5)(CC3)CC4)C2)c2cnn(C)c2n1,P08684,Q9NR96,4.5528,6.2596,=,=,IC50,across
CC(=O)c1ccc(-c2nn(C(C)C)c3ncnc(N)c23)cc1,P48736,P54760,6.0655,4.0,=,=,IC50,across
Clc1ccccc1CN1CCc2sccc2C1,P18825,O95342,5.93,4.3501,=,=,IC50,across
COc1cc([N+](=O)[O-])c2[nH]cc(CCNC(C)=O)c2c1,P16083,P48039,6.0,7.3098,=,=,Ki,across
Cc1ccc2c(c1)C(=O)N(C)c1cnc(Nc3cccc(S(=O)(=O)N4CCC(O)CC4)c3)nc1N2C,O00329,O60885,8.6778,4.9666,=,=,IC50,across
CN1CCN(c2ccc(Nc3ncc4ccn(-c5ccc(C#N)c(NS(=O)(=O)C6CC6)c5)c4n3)cc2)CC1,O60674,O60885,7.1079,5.7447,=,=,IC50,across
C[C@H](CN)n1nc(-c2ccc(Cl)c(O)c2)c2c(N)ncnc21,P00533,O00329,5.3188,5.7905,=,=,IC50,across
Oc1ccc2c(c1O)C[C@@H](c1ccccc1)[C@@H]1CCNC[C@@H]21,P46098,P14416,3.0605,4.8816,=,=,Ki,across
COC(=O)[C@@H]1[C@H]2C[C@H]3c4[nH]c5ccccc5c4CCN3C[C@@H]2CC[C@@H]1O,P11387,P18089,4.5229,7.416,=,=,IC50,across
NCCc1cn(S(=O)(=O)c2c(Cl)nc3sccn23)c2ccccc12.O=C(O)C(=O)O,P43220,P35414,5.5198,5.4047,=,=,IC50,across
OCCN(CCO)c1nc(N2CCCCC2)c2nc(N(CCO)CCO)nc(N3CCCCC3)c2n1,Q96FL8,Q9UNQ0,4.585,5.1938,=,=,IC50,across
Cc1nc(Nc2n[nH]c3c2CN(C(=O)N[C@H](CN(C)C)c2ccccc2)C3(C)C)c2sccc2n1,P42684,P18074,6.0273,8.699,=,=,Kd,across
CCCOc1ccccc1-c1nc2[nH]nnc2c(=O)[nH]1,Q14123,P10696,4.8861,2.2041,=,=,IC50,across
Cn1cc(C2=C(c3cn(C4CCN(Cc5ccccn5)CC4)c4ccccc34)C(=O)NC2=O)c2ccccc21,O60331,P35916,5.1805,5.4202,=,=,Kd,across
C[C@H]1COC2=C1C(=O)C(=O)c1c2ccc2c1CCCC2(C)C,P08575,O60341,4.383,5.0448,=,=,IC50,across
O=C(c1ccccc1-n1nccn1)N1CCOC[C@H]1Cc1cc(-n2nccn2)ccc1Cl,O43613,P08684,7.3979,4.7696,=,=,IC50,across
CSc1ccc(/C=C2/C(C)=C(CC(=O)O)c3cc(F)ccc32)cc1,P35372,P23219,4.4728,6.5509,=,=,IC50,across
Br.CN1CCc2cc(Br)c(O)cc2C(c2ccccc2)C1,P23975,P18825,7.0165,6.0964,=,=,Ki,across
FC(F)(F)Oc1ccc(CNC2CCN(Cc3ccccc3)CC2)cc1,P56817,P22303,5.8539,6.2291,=,=,IC50,across
CCc1sc2nc(N)[nH]c(=O)c2c1Sc1cccc(Cl)c1,P04818,P00374,6.4202,6.5229,=,=,IC50,across
COc1c(O)cc2oc3cc(O)c(CC=C(C)C)c(O)c3c(=O)c2c1CC=C(C)C,Q96L34,P16050,5.752,5.5086,=,=,IC50,across
COc1ccc(-c2ccc3cc(C(=O)O)ccc3c2)cc1C12CC3CC(CC(C3)C1)C2,P10276,P23415,7.6576,5.8861,=,=,EC50,across
O=C(O)c1ccccc1Nc1cccc(C(F)(F)F)c1,O94759,P42330,4.1549,6.3872,=,=,IC50,across
O=C(NO)c1ccc(Nc2c3ccccc3nc3ccccc23)cc1,P22303,P56524,6.1427,5.6498,=,=,IC50,across
c1ccc(N2CCN(CCCc3nc4ccccc4s3)CC2)nc1,P23975,P35372,6.1979,5.8979,=,=,Ki,across
CN[C@H]1CC[C@@H](c2ccc(Cl)c(Cl)c2)c2ccccc21,O95342,P23975,4.5325,6.0835,=,=,IC50,across
CC(C)(O)Cn1cc(-c2cnc3nc2N[C@H](CO)c2ccccc2OCCCCc2cc(ccc2C#N)N3)cn1,P08684,P04629,4.4609,7.7212,=,=,IC50,across
Cl.NC1=Nc2ccc(Cl)cc2CN1,P46098,P28221,7.2827,6.1649,=,=,Ki,across
O=C(c1ccc(/C=C/c2n[nH]c3ccccc23)cc1)N1CCNCC1,P18074,Q9UPZ9,5.5043,5.6576,=,=,Kd,across
NC(=O)C[S+]([O-])C(c1ccccc1)c1ccccc1,P35462,P31645,4.4089,3.2441,=,=,Ki,across
O=c1cc(Cn2c(C3CC(F)(F)C3)nc3nccnc32)c2cccc(F)c2[nH]1,P29475,P11712,5.5229,4.6576,=,=,EC50,across
CNC(=O)CN1CCC(Oc2cc3c(Nc4cccc(Cl)c4F)ncnc3cc2OC)CC1,P55263,P00533,5.8526,9.0,=,=,Kd,across
Nc1ncc(-c2nc(N3CCOCC3)c3ccn(CCCCCCC(=O)NO)c3n2)cn1,P48736,Q9UBN7,7.0362,8.1805,=,=,IC50,across
Cc1cc(C(C#N)c2ccc(Cl)cc2)c(Cl)cc1NC(=O)c1cc(I)cc(I)c1O,P11712,P18825,5.699,5.1487,=,=,IC50,across
CC(O)COC[C@H]1O[C@@H]2O[C@H]3[C@H](O)[C@@H](O)[C@@H](O[C@H]4[C@H](O)[C@@H](O)[C@@H](O[C@H]5[C@H](O)[C@@H](O)[C@@H](O[C@H]6[C@H](O)[C@@H](O)[C@@H](O[C@H]7[C@H](O)[C@@H](O)[C@@H](O[C@H]8[C@H](O)[C@@H](O)[C@@H](O[C@H]1[C@H](O)[C@H]2O)O[C@@H]8COCC(C)O)O[C@@H]7COCC(C)O)O[C@@H]6COCC(C)O)O[C@@H]5COCC(C)O)O[C@@H]4COCC(C)O)O[C@@H]3COCC(C)O,P41595,P23975,7.3979,5.8996,=,=,Ki,across
C[C@](O)(CS(=O)(=O)c1ccc(F)cc1)C(=O)Nc1ccc(C#N)c(C(F)(F)F)c1,P10275,P33261,6.6055,6.0,=,=,IC50,across
COc1ccccc1C1c2c(C(C)(C)CO)n[nH]c2C(=O)N1c1ccc(-c2ccon2)cc1,P11712,P56373,4.7959,7.2007,=,=,IC50,across
COc1ccncc1C1=NNC(=O)/C1=N\Nc1ccccc1,P48736,P24941,6.2676,7.1192,=,=,Ki,across
COc1cc2oc(=O)ccc2cc1O,P56817,P47989,3.8345,3.8601,=,=,IC50,across
Nc1ncnc2c1ncn2[C@@H]1O[C@H](COP(=O)(O)OP(=O)(O)OP(=O)(O)O)[C@@H](O)[C@H]1O,P51582,P56373,4.7871,6.4685,=,=,EC50,across
O=c1c(O)c(-c2ccc(O)c(O)c2)oc2cc(O)ccc12,P16050,P51812,5.8539,5.556,=,=,IC50,across
CC(C)n1nc(-c2ccc3cn[nH]c3c2)c2c(N)ncnc21,P48736,P00533,6.4815,5.6021,=,=,IC50,across
CCN(C)C(=O)Oc1ccc(/C=C/C(=O)N2CCc3ccccc3C2)cc1OC,P06276,P27338,6.0132,5.2757,=,=,IC50,across
Cc1nc(Nc2n[nH]c3c2CN(C(=O)N[C@H](CN(C)C)c2ccccc2)C3(C)C)c2sccc2n1,Q15349,Q12809,5.7075,4.3757,=,=,IC50,across
Oc1ccc(CCCCc2ccc(O)c(O)c2)cc1,P08069,P16050,6.0,5.0269,=,=,IC50,across
Cc1ccc(Nc2cc(N[C@@H]3CCCC[C@@H]3N)nnc2C(N)=O)nc1C,P43405,Q12809,7.9,4.7,=,=,IC50,across
O=C1NC(=S)S/C1=C\c1ccc2ncccc2c1,P48736,Q9HAZ1,8.6383,7.7496,=,=,IC50,across
C=CCN(CC=C)CCc1c[nH]c2ccccc12,P31645,P41595,6.82,7.21,=,=,Ki,across
CNCc1ccccc1-c1csc([C@H](C)Nc2nc(C)nc3cc(OC)c(OC)cc23)c1,P25100,Q01959,6.4011,5.7767,=,=,Ki,across
CCOc1ccc(-c2nn(C3CCCC3)c3ncnc(N)c23)cc1OC,P00519,P48736,6.0706,6.9355,=,=,IC50,across
Nc1ncnc2c1c(-c1ccc(Cl)c(O)c1)nn2C1CCC1,P35968,O00329,7.2076,6.8239,=,=,IC50,across
CC(C(=O)Nc1ccccc1)n1nc(C(=O)Nc2ccccc2)c2ccccc21,P53985,P33527,4.8996,5.3463,=,=,IC50,across
C[C@@H](O[C@H]1CC[C@@H]2CN(C3=CC(=O)CC3)C[C@H]2[C@@H]1c1ccc(F)cc1)c1cc(C(F)(F)F)cc(C(F)(F)F)c1,P25103,P10632,9.1221,4.2366,=,=,IC50,across
COCC(=O)O[C@]1(CCN(C)CCCc2nc3ccccc3[nH]2)CCc2cc(F)ccc2[C@@H]1C(C)C,Q96D31,P11712,4.2832,4.5467,=,=,IC50,across
CC(C)n1nc(-c2ccc(O)cc2)c2c(N)ncnc21,P42336,P35968,6.2924,5.8386,=,=,IC50,across
Nc1c2c(nc3ccccc13)CCCC2,P05177,Q9C0B1,5.8239,5.767,=,=,IC50,across
CCC(=O)CCCCC[C@H](NC(=O)[C@H]1CC12CCN(C)CC2)c1ncc(-c2cc3ccncc3nc2OC)[nH]1,Q9UBN7,Q12809,6.1249,4.585,=,=,IC50,across
O=c1nc(N2CCOCC2)oc2c(-c3cc4ccccc4s3)cccc12,P42336,P78527,5.0,5.6737,=,=,IC50,across
CNCc1ccccc1-c1csc([C@H](C)Nc2nc(C)nc3cc(OC)c(OC)cc23)c1,P35372,P31645,6.0684,5.3735,=,=,Ki,across
Cc1c(C(=O)NCCCN2CCN(c3cccc(Cl)c3Cl)CC2)cc(-c2ccccc2)n1C,P11712,P14416,5.0132,5.5948,=,=,IC50,across
COCc1ccc(-c2cc3c(N[C@@H](C)c4ccn(C)n4)c(C(N)=O)cnc3cc2F)cn1,Q12809,Q13315,4.6576,7.4815,=,=,IC50,across
Nc1ccccc1NC(=O)c1ccc(C(=O)NCCNc2nonc2/C(=N/O)Nc2ccc(F)c(Br)c2)cc1,Q92769,P14902,6.7471,7.1612,=,=,IC50,across
COc1cc(N2CC=C(Oc3ccc(C4CC4)cc3)C2=O)ccc1OCCN1CC[C@H](F)C1,Q12809,Q99705,5.4318,7.7212,=,=,IC50,across
Cc1ccc2c(N3CCN(CCc4cccc5c4ccc(=O)n5C)[C@@H](C)C3)cc(F)cc2n1,Q12809,P31645,5.2,9.3,=,=,Ki,across
O=c1n(Cc2ccc(Cl)cc2F)c2sc3c(c2c2ncnn12)CCN(CC1CCOCC1)C3,Q12809,Q01064,6.2147,7.5086,=,=,IC50,across
Cc1ccc(-c2n[nH]c3ncnc(N)c23)cc1OCc1ccccc1,P12931,O00329,4.4815,5.4962,=,=,IC50,across
COC(=O)[C@@H]1[C@H]2C[C@H]3c4[nH]c5ccccc5c4CCN3C[C@@H]2CC[C@@H]1O,P41595,O95342,7.1308,3.5952,=,=,IC50,across
CNC(=O)c1nc(-c2nc(-c3cnc4ccccn34)c(C)nc2N)n(C)n1,O00329,P42345,7.7959,4.5376,=,=,IC50,across
CC(C(=O)Nc1ccccc1)n1nc(C(=O)Nc2ccccc2)c2ccccc21,O94956,Q9UNQ0,6.3768,4.9108,=,=,IC50,across
C[C@H](CN)n1nc(-c2ccc(Cl)c(O)c2)c2c(N)ncnc21,P12931,P42338,7.1367,5.4413,=,=,IC50,across
C[C@H](CN)n1nc(-c2ccc(Cl)c(O)c2)c2c(N)ncnc21,P78527,P42336,6.7447,5.7905,=,=,IC50,across
Cc1c(O)c(O)c2c(c1C=O)[C@@H]1O[C@H](O2)c2c(C)c(O)c(O)c(O)c2C1=O,P31749,Q13547,5.6676,5.0655,=,=,IC50,across
CC(O)COC[C@H]1O[C@@H]2O[C@H]3[C@H](O)[C@@H](O)[C@@H](O[C@H]4[C@H](O)[C@@H](O)[C@@H](O[C@H]5[C@H](O)[C@@H](O)[C@@H](O[C@H]6[C@H](O)[C@@H](O)[C@@H](O[C@H]7[C@H](O)[C@@H](O)[C@@H](O[C@H]8[C@H](O)[C@@H](O)[C@@H](O[C@H]1[C@H](O)[C@H]2O)O[C@@H]8COCC(C)O)O[C@@H]7COCC(C)O)O[C@@H]6COCC(C)O)O[C@@H]5COCC(C)O)O[C@@H]4COCC(C)O)O[C@@H]3COCC(C)O,Q01959,P28335,5.7729,5.7986,=,=,IC50,across
Oc1cccc(N2[C@@H]3CC[C@H]2CN(CCCc2ccccc2)C3)c1,Q01959,P35354,6.301,5.9747,=,=,IC50,across
O=C(CCCCC(=O)Nc1ccc2c(c1)/C(=C/c1ccc[nH]1)C(=O)N2)NO,P09619,Q92769,6.2857,7.6904,=,=,IC50,across
CC[C@@](C)(Nc1ccnc(-c2c[nH]c3ncccc23)n1)C(=O)NCC(F)(F)F,Q02880,P27448,6.8297,6.2503,=,=,Kd,across
CSc1nc(O)c(C(=O)Nc2ccc(-c3c[nH]nn3)cc2OC(F)(F)F)c(=O)[nH]1,Q96S37,P47989,5.3098,10.2218,=,=,IC50,across
COc1ccc(-c2nn(C(C)(C)C)c3ncnc(N)c23)cc1OC,P08631,P42338,6.3565,6.2798,=,=,IC50,across
O=C(c1cccc(Cl)c1-n1nccn1)N1CCOC[C@H]1Cc1cc(-c2ncccn2)ccc1F,O43614,P08684,6.1838,4.4815,=,=,IC50,across
Cc1cc(C(C#N)c2ccc(Cl)cc2)c(Cl)cc1NC(=O)c1cc(I)cc(I)c1O,P18825,Q01959,6.0,5.4202,=,=,Ki,across
Cc1nc(Nc2n[nH]c3c2CN(C(=O)N[C@H](CN(C)C)c2ccccc2)C3(C)C)c2sccc2n1,Q15208,P18074,7.1249,8.699,=,=,Kd,across
CN(C)CCCN1c2ccccc2Sc2ccc(Cl)cc21,P35462,Q12809,8.3762,5.3211,=,=,Ki,across
CNCc1ccccc1-c1csc([C@H](C)Nc2nc(C)nc3cc(OC)c(OC)cc23)c1,P41595,P23975,7.1275,5.6813,=,=,Ki,across
O=[N+]([O-])c1cccc(Nc2nccc(-c3cnn4ncccc34)n2)c1,P11166,P49841,6.6778,8.699,=,=,IC50,across
Cc1ccc2cc3c(ccc4ccccc43)c3c2c1CC3,P0DMS8,P06239,5.2562,4.2561,=,=,IC50,across
Nc1ncnc2c1c(-c1ccc(Cl)c(O)c1)nn2[C@@H]1CCNC1,P42336,P35968,6.064,6.7595,=,=,IC50,across
Nc1cccc(-c2c(O)ccc3cc(-c4cccc(O)c4)ccc23)c1,P08684,P37059,5.9706,5.7552,=,=,IC50,across
O=C1Nc2ccccc2/C1=C\c1ccc2c(/C=C/c3ccncc3)n[nH]c2c1,O00444,P10635,8.4437,4.699,=,=,IC50,across
Oc1ccc2c(c1O)C[C@@H](c1ccccc1)[C@@H]1CCNC[C@@H]21,P21917,P46098,2.5768,3.0605,=,=,Ki,across
Cc1cccnc1CN1CCC2(CC1)C(=O)N(c1ccc(-c3ccccc3)cc1)C(=O)N2c1ncccn1,Q96KS0,O75164,8.7696,5.3288,=,=,IC50,across
COC(=O)c1cc(O)c2cc(NC(=O)NCCCCCCCNC(=N)NC[C@H]3O[C@@H](n4cnc5c(N)ncnc54)[C@H](O)[C@@H]3O)ccc2c1,Q99873,Q6P2P2,5.585,5.8861,=,=,IC50,across
Cc1nc2c(F)cc(-c3nc(Nc4ccc5c(n4)CCN(CCN(C)C)C5)ncc3F)cc2n1C(C)C,O96017,Q12809,6.0097,5.0,=,=,IC50,across
C[C@H]1COC2=C1C(=O)C(=O)c1c2ccc2c1CCCC2(C)C,P43378,Q96L73,4.2262,5.4559,=,=,IC50,across
OC1(c2ccc(Cl)c(C(F)(F)F)c2)CCN(CCCC(c2ccccc2)c2ccccc2)CC1,Q01959,P28335,6.9172,5.6714,=,=,Ki,across
O=c1c(O)c(-c2ccccc2)oc2cc(O)cc(O)c12,P04798,Q9C0B1,7.1135,4.719,=,=,IC50,across
Cc1c(CNC2CCCC2)nn(-c2ccc(Cl)cc2Cl)c1-c1ccc(Cl)cc1,Q12809,P41146,7.6383,7.5528,=,=,IC50,across
Cl.N[C@@H]1C[C@H]1c1ccc(NC(=O)c2ccc(-c3ccoc3)cc2)cc1,Q8NB78,P21397,4.2924,7.3979,=,=,IC50,across
CN1C[C@@H]2CCCC[C@]2(c2ccc3ccccc3c2)C1,P10635,Q01959,6.2518,7.1,=,=,IC50,across
OC1(c2ccc(Cl)cc2)CCN(Cc2c[nH]c3ccccc23)CC1,P35348,P23975,6.1972,5.8314,=,=,Ki,across
COc1nc(-c2ccnc(NC(=O)C3CC3)c2)sc1C(=O)NCNc1c2c(nc3ccccc13)CCCC2,P49841,P22303,7.1675,8.2007,=,=,IC50,across
C[C@@H]1CCCN1CCc1ccc2nc(-c3cn[nH]c3)ccc2c1,Q12809,Q9Y5N1,5.0,9.0482,=,=,Ki,across
CCCCc1nc(Cl)c(CO)n1Cc1ccc(-c2ccccc2-c2nnn[nH]2)cc1,P12821,P11712,7.7212,5.5403,=,=,IC50,across
Nc1ncnc2c1ncn2[C@@H]1O[C@H](COP(=O)(O)OP(=O)(O)OP(=O)(O)O)[C@@H](O)[C@H]1O,Q99571,P47900,6.1505,6.0706,=,=,EC50,across
O=S(=O)(NCCN1CC=C(c2c[nH]c3ccc(Cl)cc23)CC1)c1cccc(F)c1,P14416,P31645,8.6198,8.4437,=,=,Ki,across
OC1(c2ccc(Cl)c(C(F)(F)F)c2)CCN(CCCC(c2ccccc2)c2ccccc2)CC1,Q01959,P14416,6.9172,7.4202,=,=,Ki,across
O=C1C(Cl)=C(Cl)C(=O)c2ccccc21,P26358,P14902,5.7959,6.5528,=,=,IC50,across
CN1CCN(C(=O)CN[C@H]2C[C@@H]2c2ccccc2)CC1,O60341,P27338,6.4559,4.5086,=,=,Ki,across
CC(C)C(=O)N1CCO[C@@H](c2nc(-c3ccc(C(=O)Nc4cc(C(F)(F)F)ccn4)cc3F)c3c(N)nccn23)C1,P51451,Q12809,6.5528,4.8239,=,=,IC50,across
CN1CCC(=C2c3ccccc3C=Cc3ccccc32)CC1,P35367,P31645,9.3665,5.3872,=,=,Ki,across
C=CC(=O)N1CCC([C@@H]2CCNc3c(C(N)=O)c(-c4ccc(Oc5ccccc5)cc4)nn32)CC1,P10632,Q13882,5.3979,7.4815,=,=,IC50,across
O=c1[nH]c2ccccc2n1CCCN1CCC(n2c(=O)[nH]c3cc(Cl)ccc32)CC1,Q06278,P35372,5.9208,5.7665,=,=,Ki,across
Cc1nc(COc2ccc(Cl)cc2OC2CNC2)cs1,P31645,P28335,7.5686,5.9551,=,=,Ki,across
O=C1OCc2cc(CCN3CCN(C(=O)Cc4ccc(-n5cnnn5)cc4)CC3)ccc21,P31645,Q12809,5.041,5.3468,=,=,IC50,across
COc1ncc2cc1NS(=O)(=O)c1cc(c(F)cc1F)C(=O)NCc1cncc(c1)-c1ccnc3ccc-2nc13,P11712,P42336,5.1871,8.3372,=,=,IC50,across
O=C(NO)c1ccc(Nc2c3ccccc3nc3ccc(Br)cc23)cc1,P22303,Q13547,6.0555,7.0458,=,=,IC50,across
CC(C)c1nc(N(C)S(C)(=O)=O)nc(-c2ccc(F)cc2)c1/C=C/[C@@H](O)C[C@@H](O)CC(=O)O,P04035,O43924,7.7696,5.9031,=,=,Kd,across
C[C@@H](C1CC1)N1Cc2cc(-c3ccn4nc(N)c(-c5cnn(C)c5)c4n3)cc(C(F)(F)F)c2C1=O,P08684,P48736,6.2218,7.9575,=,=,IC50,across
Cc1cc(N2C(=O)N(c3ccc(-c4ccc(C(=O)O)cc4C)cc3)C(=O)C23CCN(Cc2ncccc2C)CC3)ncn1,Q12809,Q9GZT9,4.4202,9.699,=,=,IC50,across
Nc1c2c(nc3ccccc13)CCCC2,P05177,Q12809,5.8239,4.8443,=,=,IC50,across
Nc1nc2c(-c3cnc4ccccc4c3)nccc2[nH]1,Q9NY57,Q9UBF8,4.3979,6.4559,=,=,Kd,across
CN1CCC(=C2c3ccccc3C=Cc3ccccc32)CC1,P41595,Q12809,8.025,4.7683,=,=,IC50,across
CC[C@@](C)(Nc1ccnc(-c2c[nH]c3ncccc23)n1)C(=O)NCC(F)(F)F,P11388,Q13470,7.1938,7.3372,=,=,Kd,across
O=C1NC(=O)C(c2cccc(Cl)c2)=C1Nc1ccc(O)c(Cl)c1,P49841,Q58F21,7.0269,4.7212,=,=,IC50,across
O=C(NO)c1ccc(Nc2c3ccccc3nc3ccccc23)cc1,P22303,Q9UQL6,6.1427,6.0706,=,=,IC50,across
O=c1c(O)c(-c2ccc(O)c(O)c2)oc2cc(O)ccc12,Q00534,Q9C0B1,6.0706,5.0362,=,=,IC50,across
Nc1c2c(nc3ccccc13)CCCC2,O15245,P06276,4.372,7.3979,=,=,IC50,across
N=C(N)Nc1ccc(C(=O)O)cc1,P00749,P00918,3.1279,5.9393,=,=,Ki,across
CCOc1ccc(OCC(O)CN(C)Cc2c(C)nn(Cc3ccccc3Cl)c2C)cc1,P33261,O00206,4.699,3.7288,=,=,IC50,across
CN1CCC(=C2c3ccccc3C=Cc3ccccc32)CC1,P18089,Q12809,7.7696,4.8549,=,=,Ki,across
CC(C)(C)n1nc(-c2ccc3ccccc3c2)c2c(N)ncnc21,P12931,P42336,5.7212,4.0,=,=,IC50,across
CCOc1ccc(C[C@H]2C[C@H](C(=O)NO)C2)cc1-c1nc2c(CC)nn(C)c2c(=O)[nH]1,O76074,Q92769,7.3468,5.9136,=,=,IC50,across
NCCc1cn(S(=O)(=O)c2c(Cl)nc3sccn23)c2ccccc12.O=C(O)C(=O)O,P43220,P08913,5.5198,4.9969,=,=,IC50,across
Oc1cccc(N2[C@@H]3CC[C@H]2CN(CCCc2ccccc2)C3)c1,P10275,P35348,5.0964,5.0605,=,=,IC50,across
CC(C)n1nc(-c2cnc3ccccc3c2)c2c(N)ncnc21,P35968,P42338,5.2518,4.7959,=,=,IC50,across
O=C(CCCN1CCCN(c2ccc(Cl)cn2)CC1)c1ccc(F)cc1,P14416,P31645,7.3886,7.4309,=,=,Ki,across
c1cnc2c(c1)CCC[C@@H]2N(CC1CCCCC1)C[C@H]1Cc2c(cccc2N2CCNCC2)CN1,P61073,P08684,6.1457,5.7496,=,=,IC50,across
NCCCC(NC(=O)c1ccc(NCC2CNc3nc(N)nc(O)c3C2)cc1)C(=O)O,P04818,P00374,3.3279,5.699,=,=,IC50,across
CC(C)n1nc(-c2cnc3ccccc3c2)c2c(N)ncnc21,P54760,P42336,5.7696,5.5528,=,=,IC50,across
COCC(=O)O[C@]1(CCN(C)CCCc2nc3ccccc3[nH]2)CCc2cc(F)ccc2[C@@H]1C(C)C,Q9P0X4,P10635,6.8861,6.1427,=,=,IC50,across
O=C(CCCCCCn1cc(-c2cc(Oc3ccc(NC(=O)Nc4cccc(F)c4)cc3)ccn2)cn1)NO,P36888,Q13547,5.5988,7.8239,=,=,IC50,across
CN1C[C@H](C(=O)Nc2ccc(Cl)cc2)[C@@H](c2ccc(/C=C/C(=O)Nc3ccccc3N)cc2F)C1,O15379,P33261,6.6383,4.6778,=,=,IC50,across
Cc1nc(Nc2n[nH]c3c2CN(C(=O)N[C@H](CN(C)C)c2ccccc2)C3(C)C)c2sccc2n1,Q12809,O96013,4.3757,7.7282,=,=,IC50,across
Cc1sc2c(c1C)C(c1ccc(Cl)cc1)=N[C@@H](CC(=O)Nc1ccc(C(=O)Nc3ccccc3N)cc1)c1nnc(C)n1-2,O60885,Q13547,6.6367,6.5376,=,=,IC50,across
Cc1sc(NC(=O)CCCC(=O)Nc2sc(C)c(C)c2C(N)=O)c(C(N)=O)c1C,Q02790,P53041,5.301,5.699,=,=,IC50,across
CC(C)c1cc(Nc2nc(N3CCC[C@H](N)C3)ncc2C(N)=O)cc(C(C)C)n1,Q12809,Q6P2M8,5.4318,8.5229,=,=,IC50,across
COc1cc2ncnc(-n3nc(-c4ccccn4)nc3N)c2cc1OC,Q13315,P42336,6.4149,5.8268,=,=,IC50,across
Cc1nc2cc(-n3ncc(C(=O)c4cc5ccc(CN6CCC(F)(F)CC6)cc5[nH]4)c3N)ccc2[nH]1,P22607,Q12809,6.8861,5.0655,=,=,IC50,across
CC(=O)c1c(O)c(C)c(O)c(Cc2c(O)c3c(c(C(=O)/C=C/c4ccccc4)c2O)OC(C)(C)C=C3)c1O,P17538,O00418,4.6021,5.2757,=,=,IC50,across
C[C@H]1COC2=C1C(=O)C(=O)c1c2ccc2c1CCCC2(C)C,P29350,P48775,4.4034,5.0088,=,=,IC50,across
Cn1c(=O)oc2cc(-n3cc(C(=O)O)c(=O)n([C@@H]4CCc5c4cccc5C(F)(F)F)c3=O)ccc21,P23946,P33261,8.3979,3.8327,=,=,IC50,across
CN(C)CCCN1c2ccccc2Sc2ccc(Cl)cc21,P31645,P21917,7.4389,7.5115,=,=,Ki,across
C[C@@H]1SC(c2ccccc2)=N[C@@H]1Cc1c[nH]cn1,P28566,P46098,5.3979,7.1135,=,=,Ki,across
CCn1cc(-c2ccnc3[nH]c(-c4cccc(CN(C)C)c4)cc23)c(-c2ccc(NC(=O)N(C)C)cc2)n1,Q86TW2,Q13163,4.6431,5.7147,=,=,Kd,across
Cc1ccc(C23CNCC2C3)cc1,Q12809,Q01959,4.35,6.041,=,=,IC50,across
Cn1cc(C2=C(c3cn(C4CCN(Cc5ccccn5)CC4)c4ccccc34)C(=O)NC2=O)c2ccccc21,O60331,P11362,5.1805,5.3979,=,=,Kd,across
COc1cccc(N2CCN(Cc3nc(N)nc(Nc4ccc(C)c(Cl)c4)n3)CC2)c1,Q9Y5S8,Q9NPH5,4.6576,6.0757,=,=,IC50,across
CCCN1CCC(n2c(=O)[nH]c3cc(Cl)ccc32)CC1,P31645,P08913,5.4544,4.7652,=,=,Ki,across
CN[C@H]1CC[C@@H](c2ccc(Cl)c(Cl)c2)c2ccccc21,P08172,Q01959,6.007,7.5884,=,=,Ki,across
C=CCN(/C=C1/C(=O)O[C@H](COC)[C@@]2(C)C1=C(O)C(=O)C1=C2[C@H](OC(C)=O)C[C@]2(C)C(=O)CC[C@@H]12)CC=C,P42345,O00329,5.5086,8.5302,=,=,IC50,across
CC(C)(CO)n1cc(C(=O)c2cncc(NC(=O)Cc3ccc(Cl)cn3)c2)c2cnc(N)nc21,Q16288,Q01959,8.5229,5.284,=,=,IC50,across
Cc1ccc2c(c1)C(=O)N(C)c1cnc(Nc3cccc(S(=O)(=O)N4CCC(O)CC4)c3)nc1N2C,O14965,P42336,6.8225,7.2596,=,=,IC50,across
FC(F)(F)c1c(Cl)ccc(-n2ccnn2)c1Cl,P33261,P46098,5.0915,5.3468,=,=,IC50,across
NC(=O)CN1CCN(Cc2nc(-c3cn(CC4CCOCC4)c4c(Cl)cccc34)no2)CC1,P34972,Q12809,7.3,4.7,=,=,Ki,across
CN1CCC(=C2c3ccccc3C=Cc3ccccc32)CC1,P34969,Q8WTS6,7.1,4.8239,=,=,Ki,across
O=C(CCCc1ccccc1)N1c2ccccc2Sc2ccccc21,Q01959,P25100,5.4815,5.3872,=,=,Ki,across
COc1cc(N2CCC(N3CCN(C)CC3)CC2)ccc1Nc1ncnc(Nc2ccccc2S(=O)(=O)C(C)C)n1,O14976,P16083,5.5498,5.1963,=,=,Kd,across
CCCC/C(=C\c1cc(OCc2cc(C(F)(F)F)cc(C(F)(F)F)c2)ccc1OCc1ccc(C(F)(F)F)cc1)C(=O)O,P49768,P09917,6.1024,6.5229,=,=,IC50,across
COCC(=O)O[C@]1(CCN(C)CCCc2nc3ccccc3[nH]2)CCc2cc(F)ccc2[C@@H]1C(C)C,O95342,Q14524,4.6021,6.301,=,=,IC50,across
CC(=O)[C@H]1CC[C@H]2[C@@H]3CCC4=CC(=O)CC[C@]4(C)[C@H]3CC[C@]12C,P06401,O15245,8.3785,5.5157,=,=,IC50,across
CCn1cc(-c2ccnc3[nH]c(-c4cccc(CN(C)C)c4)cc23)c(-c2ccc(NC(=O)N(C)C)cc2)n1,Q02763,P33261,7.2291,4.0915,=,=,IC50,across
Br.CN1CCc2cc(Br)c(O)cc2C(c2ccccc2)C1,P31645,P35367,7.765,6.1186,=,=,Ki,across
Cn1cc(NC(=O)c2cnn3ccc(N)nc23)c(-c2cc(Cl)ccc2Cl)n1,P08684,Q16288,5.2366,5.8861,=,=,IC50,across
Cc1ccc2cc3c(ccc4ccccc43)c3c2c1CC3,P05177,P22303,6.5229,4.6443,=,=,IC50,across
COc1cccc(-c2nn(C(C)C)c3ncnc(N)c23)c1,P48736,P35968,5.9586,4.0,=,=,IC50,across
CCn1cc(-c2ccnc3[nH]c(-c4cccc(CN(C)C)c4)cc23)c(-c2ccc(NC(=O)N(C)C)cc2)n1,P08684,Q9UQB9,4.8239,8.1871,=,=,IC50,across
O=C(NC1CNC1)c1cccn2c(=O)c3ccc4ccccc4c3nc12,P05177,Q12809,6.699,5.4012,=,=,IC50,across
Cc1ccc(-c2cc(C(=O)N[C@H](C)c3ccc(F)cn3)cc(C3=NO[C@H](c4ccccn4)C3)c2)nc1,P22309,P11712,6.0,5.2441,=,=,IC50,across
Cc1c([C@@H](O)CN2CCN(C[C@H](O)c3ccc4c(c3C)COC4=O)CC2)ccc2c1COC2=O,P22303,Q12809,5.0026,4.6576,=,=,IC50,across
O=c1cc(-c2ccccc2)oc2cc(O)ccc12,P05177,O60218,6.6198,5.0809,=,=,IC50,across
CC(N)Cc1c[nH]c2ccccc12,P34969,P31645,6.9886,5.95,=,=,Ki,across
O=C(O)CCCCCNn1nnc2ccccc21,P98187,P78329,3.5264,3.068,=,=,IC50,across
CCn1cc(-c2ccnc3[nH]c(-c4cccc(CN(C)C)c4)cc23)c(-c2ccc(NC(=O)N(C)C)cc2)n1,P27707,Q04771,5.6649,5.4288,=,=,Kd,across
NCC[C@H]1Cc2ccccc2[C@@H](c2ccc(Cl)c(Cl)c2)C1,P33261,P23975,5.7852,6.8013,=,=,IC50,across
COc1ccc(-c2nn([C@@H]3CCNC3)c3ncnc(N)c23)cc1O,P48736,P78527,5.8962,5.8827,=,=,IC50,across
O[C@@H]1[C@H](O)CS[C@H]1n1cnc2c(NCc3cccc(I)c3)nc(Cl)nc21,Q03181,P29274,9.6454,6.4672,=,=,Ki,across
CC(C)(O)COc1ccc(C(N)=O)c(O[C@H]2CCN(C(=O)Cc3ccc(OC(F)(F)F)cc3)C[C@H]2F)c1,Q16288,Q12809,8.4089,4.3768,=,=,IC50,across
CC1(C)C=Cc2c(ccc(C(=O)/C=C/c3ccc(O)cc3)c2O)O1,P18031,P06276,4.1302,5.4179,=,=,IC50,across
CN1C/C=C/CCOc2cccc(c2)-c2ccnc(n2)Nc2cccc(c2)C1,P05771,P22830,5.3644,6.6144,=,=,Kd,across
C[C@@H]1C[C@H](N)CN(c2ccncc2Nc2ncc3ccc(-c4ncccc4F)nn23)C1,Q9P1W9,Q12809,9.3822,5.9208,=,=,IC50,across
Cc1sc2c(c1C)C(c1ccc(Cl)cc1)=N[C@@H](CC(=O)Nc1ccc(C(=O)NO)cc1)c1nnc(C)n1-2,P25440,Q9BY41,7.9586,7.1972,=,=,IC50,across
CC(C)n1nc(-c2ccc(O)cc2)c2c(N)ncnc21,P00533,P48736,6.0353,6.1675,=,=,IC50,across
OC1(c2ccc(Cl)c(C(F)(F)F)c2)CCN(CCCC(c2ccc(F)cc2)c2ccc(F)cc2)CC1,P41143,P23975,5.766,6.2306,=,=,Ki,across
CN(Cc1cnc2nc(N)nc(N)c2n1)c1ccc2c(c1)CN([C@@H](CCC(=O)O)C(=O)O)C2=O,P00374,P41440,8.6778,5.9586,=,=,Ki,across
Cc1noc(C)c1-c1ccc2c(c1)C(c1ccccc1)N(CC(=O)N[C@@H](C)c1nc3c(C(N)=O)cccc3[nH]1)C(=O)N2,O60885,P09874,7.0458,7.284,=,=,IC50,across
CCCCc1nc(Cl)c(CO)n1Cc1ccc(-c2ccccc2-c2nnn[nH]2)cc1,P21731,P12821,4.699,7.7212,=,=,IC50,across
N#CC1(NC(=O)[C@@H]2CCCC[C@H]2C(=O)N2CCN(c3nc(-c4ccccc4)cs3)CC2)CC1,Q12809,P25774,4.6,5.8,=,=,IC50,across
C=CC(=O)N1CCC[C@@H](n2nc(-c3ccc(Oc4ccccc4)cc3)c3c(N)ncnc32)C1,Q9UKK9,Q9Y572,6.699,7.0706,=,=,Kd,across
CNC[C@]1(O)Cc2ccccc2[C@@H]1Oc1ccccc1SC,P10635,P31645,5.8539,6.301,=,=,IC50,across
CCOc1ccc(-c2nn(C3CCCC3)c3ncnc(N)c23)cc1OC,P54760,Q9UBF8,6.341,5.8239,=,=,IC50,across
Cc1cccc(N2CCN(CC(O)CNC(=O)c3nc(C)n(CC(C)C)c3C)CC2)c1C,P31645,P28223,5.8989,5.9952,=,=,IC50,across
OC1(c2ccc(Cl)c(C(F)(F)F)c2)CCN(CCCC(c2ccc(F)cc2)c2ccc(F)cc2)CC1,Q01959,P18089,5.766,6.3969,=,=,Ki,across
CC(C)=CCC[C@]1(C)[C@@H](CC=C(C)C)C[C@]2(CC=C(C)C)C(=O)C(CC=C(C)C)=C(O)[C@@]1(C(=O)C(C)C)C2=O,Q96EB6,P31645,4.8239,5.699,=,=,IC50,across
OC1(c2ccc(Cl)c(C(F)(F)F)c2)CCN(CCCC(c2ccccc2)c2ccccc2)CC1,Q01959,P34969,6.9172,6.4868,=,=,Ki,across
O=C(NC1CCC(F)(CNC2CC2c2ccccc2)CC1)OCc1ccccc1,P27338,O60341,4.1647,6.7595,=,=,IC50,across
CN(C)Cc1cccc(OC[C@@H]2CCc3cc([C@H]4CC[C@](N)(COP(=O)(O)O)C4)ccc3C2)c1,O95470,P21453,6.2596,6.7596,=,=,EC50,across
O=C(/C=C/c1ccc(-c2ccccc2)cc1)Nc1ccccc1C(=O)O,Q15722,O94759,6.0809,5.5918,=,=,IC50,across
Cc1c(C(=O)NCCCN2CCN(c3cccc(Cl)c3Cl)CC2)cc(-c2ccccc2)n1C,P31645,P34969,7.2087,6.4776,=,=,IC50,across
CN1CCN(CCCN2c3ccccc3Sc3ccc(C(F)(F)F)cc32)CC1,P08183,P25090,5.1427,5.9747,=,=,IC50,across
CS(=O)(=O)Nc1ccc(-c2ccnc(Nc3ccc(N4CCN(CC(=O)Nc5ccc(/C=C/C(=O)NO)cc5)CC4)cc3)n2)cc1,Q13547,O60674,7.0088,9.1427,=,=,IC50,across
Cc1nc(Nc2n[nH]c3c2CN(C(=O)N[C@H](CN(C)C)c2ccccc2)C3(C)C)c2sccc2n1,Q06187,P18074,5.9101,8.699,=,=,Kd,across
O=C(Nc1cccc(-c2nc3ccccc3[nH]2)c1)c1ccccc1,P21964,P22894,4.585,4.3372,=,=,IC50,across
COc1ccc(-c2nn(C(C)(C)C)c3ncnc(N)c23)cc1OC,P42345,O00329,4.0,6.7055,=,=,IC50,across
COc1cccc(-c2c(C)n(Cc3c(F)cccc3F)c(=O)n(C[C@H](N)c3ccccc3)c2=O)c1F,P30968,P08684,8.7447,6.1549,=,=,IC50,across
C=C(C)[C@@H]1CCC(C)=C[C@H]1c1c(O)cc(CCCCC)cc1O,P35372,O76083,6.126,6.9586,=,=,IC50,across
O=C1NC(=O)C(Cc2ccc(OCc3nc4ccccc4n3Cc3ccccc3)cc2)S1,Q07869,O14842,4.5196,5.3862,=,=,EC50,across
COCC(=O)O[C@]1(CCN(C)CCCc2nc3ccccc3[nH]2)CCc2cc(F)ccc2[C@@H]1C(C)C,Q14524,P33261,6.301,5.8794,=,=,IC50,across
Cc1ccc2c(N3CCN(CCCc4cccc5c4OCC(=O)N5C)CC3)cccc2n1,P31645,Q12809,9.4,5.3,=,=,Ki,across
CN(C)C(=O)C(CCN1CCC(O)(c2ccc(Cl)cc2)CC1)(c1ccccc1)c1ccccc1,Q14524,P10635,6.6216,5.699,=,=,IC50,across
Cn1cc(-c2nc(N3CCOCC3)c3sc(CN4CCC(C(C)(C)O)CC4)cc3n2)c2cc[nH]c2c1=O,Q58F21,P42338,7.3372,5.3231,=,=,IC50,across
O[C@]1(c2ccc(F)c(F)c2)CCNC[C@@H]1c1cc(-c2c(Cl)cccc2Cl)on1,P00797,P08684,5.8752,4.7696,=,=,IC50,across
COc1ccc2c(c1)[C@]1(C[C@H]1c1ccc3c(/C=C/c4ccc(CN(C)C)cc4)n[nH]c3c1)C(=O)N2,P36888,P33261,7.7212,5.912,=,=,IC50,across
CN1CCC(=C2c3ccccc3C=Cc3ccccc32)CC1,P14416,Q12809,7.1052,4.8549,=,=,Ki,across
Cc1cc(C(C#N)c2ccc(Cl)cc2)c(Cl)cc1NC(=O)c1cc(I)cc(I)c1O,Q01959,P0DMS8,5.4202,7.2676,=,=,Ki,across
C=C(C)[C@@H]1CCC(C)=C[C@H]1c1c(O)cc(CCCCC)cc1O,P41143,P08684,5.1938,6.0,=,=,Ki,across
CCCCCc1cc(O)c2c(c1)OC(C)(CCC=C(C)C)C=C2,P34972,P00338,6.5901,5.0706,=,=,Ki,across
CC(C)(CO)n1cc(C(=O)c2cncc(NC(=O)Cc3ccc(Cl)cn3)c2)c2cnc(N)nc21,Q01959,P04629,5.284,8.2218,=,=,IC50,across
O=C1NC(=S)S/C1=C\c1ccc2ncccc2c1,O00329,Q9H1R3,7.7932,6.8041,=,=,IC50,across
CC(C)=CCC[C@]1(C)[C@@H](CC=C(C)C)C[C@]2(CC=C(C)C)C(=O)C(CC=C(C)C)=C(O)[C@@]1(C(=O)C(C)C)C2=O,P23975,Q8IXJ6,5.699,4.5528,=,=,IC50,across
CN(C)C(=O)C(CCN1CCC(O)(c2ccc(Cl)cc2)CC1)(c1ccccc1)c1ccccc1,P41145,O15245,5.5051,4.6253,=,=,IC50,across
CCCCCCCC(=O)SCC/C=C/[C@@H]1CC(=O)NCc2nc(cs2)C2=N[C@@](C)(CS2)C(=O)N[C@@H](C(C)C)C(=O)O1,Q13547,P22314,7.1854,4.5376,=,=,IC50,across
CC(C)C(=O)N1CCO[C@@H](c2nc(-c3ccc(C(=O)Nc4cc(C(F)(F)F)ccn4)cc3F)c3c(N)nccn23)C1,Q12809,P06241,4.8239,5.7203,=,=,IC50,across
Cc1cnc(Nc2ccc(OCCCCCCC(=O)NO)c(F)c2)nc1Nc1cccc(S(=O)(=O)NC(C)(C)C)c1,O60674,O15379,7.8368,7.1314,=,=,IC50,across
CCCCc1nc(Cl)c(CO)n1Cc1ccc(-c2ccccc2-c2nnn[nH]2)cc1,Q9NPD5,P12821,5.94,7.7212,=,=,IC50,across
C=CC(=O)N1CCC([C@@H]2CCNc3c(C(N)=O)c(-c4ccc(Oc5ccccc5)cc4)nn32)CC1,P10632,Q15303,5.3979,8.8013,=,=,IC50,across
COc1ccc(-c2nn([C@@H]3CCNC3)c3ncnc(N)c23)cc1O,P08631,P48736,6.5072,5.8962,=,=,IC50,across
CCCc1nn(C)c2c(=O)[nH]c(-c3cc(Cc4ccc(C(=O)NO)s4)ccc3OCC)nc12,Q92769,Q14432,5.4295,5.4949,=,=,IC50,across
Nc1ncnc2c1c(-c1ccc(F)c(O)c1)nn2Cc1ocnc1-c1ccccc1,P12931,P42338,7.3768,4.0,=,=,IC50,across
COc1cc2c(NCC3CCN(c4ccc(C(=O)NO)cc4)CC3)cc(-c3ccc(C)o3)nc2cc1OCCCN1CCCC1,Q13547,P26358,7.1079,6.3799,=,=,IC50,across
CCN1C(=O)c2ccccc2N(C)c2nc(Nc3ccc(N4CCN(C)CC4)cc3OC)ncc21,O15075,O60885,8.5229,6.0809,=,=,IC50,across
OCCN(CCO)c1nc(N2CCCCC2)c2nc(N(CCO)CCO)nc(N3CCCCC3)c2n1,O15245,O15440,4.0915,4.5229,=,=,IC50,across
CC(=O)[C@H]1CC[C@H]2[C@@H]3CCC4=CC(=O)CC[C@]4(C)[C@H]3CC[C@]12C,P56373,P04150,5.7959,6.4815,=,=,IC50,across
Cc1ccccc1Oc1cc(-c2cnc(N)nc2)nc(N2CCOCC2)c1,P31749,P42336,6.3468,7.1249,=,=,IC50,across
CN1CCN(CCCN2c3ccccc3Sc3ccc(C(F)(F)F)cc32)CC1,P25090,Q12809,5.9747,5.2058,=,=,IC50,across
CSc1ccc(/C=C2/C(C)=C(CC(=O)O)c3cc(F)ccc32)cc1,P00533,Q9Y271,4.6201,4.5321,=,=,IC50,across
CNC(=O)Nc1ccc2c(c1)[C@@]1(CC2)OC(=O)N(CC(=O)N(Cc2ccc(F)cc2)[C@@H](C)C(F)(F)F)C1=O,P35462,P14867,5.9444,5.5889,=,=,Ki,across
CC(N)Cc1c[nH]c2ccccc12,P50406,Q01959,6.0407,6.1765,=,=,Ki,across
CN(C)C1(Cc2ccccc2)CCN(c2cc(C(F)(F)F)ccc2CNC(=O)Nc2ccc(CNS(C)(=O)=O)c(F)c2)CC1,P35372,Q8NER1,6.4921,7.7852,=,=,Ki,across
CCOC(=O)c1ccc(OC(=O)CCCCCNC(=N)N)cc1,P00742,Q96FL8,5.3363,6.301,=,=,IC50,across
Fc1cccc(Cl)c1Oc1ncccc1C1CCNCC1,P08908,P23975,7.9586,7.4815,=,=,Ki,across
O=C(c1ccc(F)c(O)c1)c1nc2ccc(O)cc2s1,P14061,P08684,7.8861,4.2676,=,=,IC50,across
C[C@@H](c1ccc(C(=O)Nc2ccc(F)cc2N)cc1)n1nc(-c2ccc(CN(C)C)cc2)ccc1=O,Q12809,Q13547,4.4609,7.2457,=,=,IC50,across
COCc1ccc(-c2cc3c(N[C@@H](C)c4ccn(C)n4)c(C(N)=O)cnc3cc2F)cn1,Q13315,P42336,7.4815,5.5387,=,=,IC50,across
COc1c(O)cc(O)c2c(=O)cc(-c3ccccc3)oc12,P35354,O60341,4.3372,5.0521,=,=,IC50,across
COc1ccc2nc3c(c(N)c2c1)C1CC(C)=CC(C3)C1.Cl,P29475,P06276,4.4949,5.4248,=,=,IC50,across
CNCc1ccccc1-c1csc([C@H](C)Nc2nc(C)nc3cc(OC)c(OC)cc23)c1,P31645,P11229,5.3735,6.5029,=,=,Ki,across
CS(=O)(=O)Nc1ccc(-c2ccnc(Nc3ccc(N4CCN(CC(=O)Nc5ccc(/C=C/C(=O)NO)cc5)CC4)cc3)n2)cc1,O60674,O15379,9.1427,6.7932,=,=,IC50,across
COc1cncc(C#Cc2cc(C(=O)Nc3ccc4c(c3)C(F)(F)C[C@@H]4N3CCN(C)CC3)ccc2F)c1,P11362,P11712,7.6162,5.0088,=,=,IC50,across
NCC[C@@H]1Cc2ccccc2[C@H](c2ccc(Cl)c(Cl)c2)C1,P31645,P33261,9.0,5.4248,=,=,IC50,across
Cc1ccccc1[C@H]1[C@@H]2CN(C3=NC(=O)CO3)C[C@H]2CC[C@@H]1O[C@H](CO)c1cc(C(F)(F)F)cc(C(F)(F)F)c1,P29371,P10635,5.6021,4.2147,=,=,IC50,across
OC1(c2ccc(Cl)c(C(F)(F)F)c2)CCN(CCCC(c2ccc(F)cc2)c2ccc(F)cc2)CC1,P34969,Q01959,6.5528,5.766,=,=,Ki,across
CN(C)CCCN1c2ccccc2Sc2ccc(Cl)cc21,P41968,P17405,4.6136,4.9586,=,=,IC50,across
O=c1c(O)c(-c2ccccc2)oc2cc(O)cc(O)c12,P04798,P27338,7.1135,5.4377,=,=,IC50,across
CCOc1cc(N2CCC(O)CC2)ccc1Nc1ncc2c(n1)N(C)c1ccccc1C(=O)N2C,Q58F21,O00444,5.4559,6.2218,=,=,Kd,across
O=C(/C=C/c1ccc2c(c1)C(=O)CC1(CCN(Cc3ccc(F)cc3)CC1)O2)NO,O15379,Q12809,7.041,5.6234,=,=,IC50,across
Nc1nc2c(-c3cnc4ccccc4c3)nccc2[nH]1,Q9NY57,O75747,4.3979,6.7959,=,=,Kd,across
CC(=O)O[C@@H]1[C@@H]2[C@@H](OC(C)=O)[C@]3(OC2(C)C)[C@H](C)CC[C@H](OC(C)=O)[C@@]3(C)[C@@H]1OC(=O)c1ccccc1,P08183,O75387,6.699,4.8097,=,=,IC50,across
C=CC(=O)N1CCC[C@@H](n2nc(-c3ccc(Oc4ccccc4)cc3)c3c(N)ncnc32)C1,P04626,Q9UKK9,9.0229,6.699,=,=,Kd,across
COc1ccc(-c2nn(C(C)(C)C)c3ncnc(N)c23)cc1OC,O00329,P54760,6.7055,5.9281,=,=,IC50,across
C[C@@H](NCCCc1cccc(C(F)(F)F)c1)c1cccc2ccccc12.Cl,P23975,P35368,5.8383,5.5392,=,=,Ki,across
COC(=O)[C@@H]1[C@H]2C[C@H]3c4[nH]c5ccccc5c4CCN3C[C@@H]2CC[C@@H]1O,P10635,P35348,6.7447,6.338,=,=,Ki,across
CC(=O)c1ccc(-c2nn(C(C)C)c3ncnc(N)c23)cc1,P48736,P00533,6.0655,4.9208,=,=,IC50,across
C[C@@H]1CCNC(=O)c2cc3ccc(C(=O)Nc4nc5ccccc5n4CCCN(C)C)cc3n21,P35348,P16234,6.0391,6.0195,=,=,IC50,across
Cn1cc(C2=C(c3cn(C4CCN(Cc5ccccn5)CC4)c4ccccc34)C(=O)NC2=O)c2ccccc21,O75716,O60331,5.6021,5.1805,=,=,Kd,across
C[C@@H]1CN(Cc2ccc3c4c(c(=O)[nH]c3c2)CCCN4)CCN1c1ccc(C#N)cc1F,Q13470,P09874,7.4145,7.8477,=,=,IC50,across
Nc1ncnc2c1c(-c1ccc(Cl)c(O)c1)nn2C1CCC1,P78527,P48736,7.3665,6.5331,=,=,IC50,across
CS(=O)(=O)Nc1ccc(-c2ccnc(Nc3ccc(N4CCN(CC(=O)Nc5ccc(/C=C/C(=O)NO)cc5)CC4)cc3)n2)cc1,Q13547,P52333,7.0088,8.1024,=,=,IC50,across
O=C(NO)c1ccc(-c2ccc3ncnc(Nc4ccc(OCc5cccc(F)c5)c(Cl)c4)c3c2)o1,P04626,Q9BY41,8.699,5.1135,=,=,IC50,across
O=C1NC(=S)NC(=O)C1C(=O)Nc1ccccc1,P47989,Q9UBN7,3.5622,5.9333,=,=,IC50,across
CNC(=O)CN1CCC(Oc2cc3c(Nc4cccc(Cl)c4F)ncnc3cc2OC)CC1,P55263,P29323,5.8526,5.6417,=,=,Kd,across
O=C(O)CCCCCNn1nnc2ccccc21,P20813,P98187,3.3116,3.5264,=,=,IC50,across
CC(C)n1nc(-c2ccc(O)cc2)c2c(N)ncnc21,P42338,P00533,6.4202,6.0353,=,=,IC50,across
CC[C@H](Nc1ncnc2[nH]cnc12)c1nc2cccc(CNC(=O)c3ccc(C(=O)NO)cc3)c2c(=O)n1-c1ccccc1,Q13547,P42336,5.074,6.5751,=,=,IC50,across
CC(O)COC[C@H]1O[C@@H]2O[C@H]3[C@H](O)[C@@H](O)[C@@H](O[C@H]4[C@H](O)[C@@H](O)[C@@H](O[C@H]5[C@H](O)[C@@H](O)[C@@H](O[C@H]6[C@H](O)[C@@H](O)[C@@H](O[C@H]7[C@H](O)[C@@H](O)[C@@H](O[C@H]8[C@H](O)[C@@H](O)[C@@H](O[C@H]1[C@H](O)[C@H]2O)O[C@@H]8COCC(C)O)O[C@@H]7COCC(C)O)O[C@@H]6COCC(C)O)O[C@@H]5COCC(C)O)O[C@@H]4COCC(C)O)O[C@@H]3COCC(C)O,P21397,P28335,6.7773,5.7986,=,=,IC50,across
Nc1ncnc2c1c(-c1ccc(Cl)c(O)c1)nn2[C@@H]1CCNC1,P00533,P42336,4.9066,6.064,=,=,IC50,across
COc1ccc(CN2C3C4C5CC6C7C5C3C7C2(O)C64)cc1OC,P20309,P31645,5.7625,5.3545,=,=,Ki,across
Cc1sc(NC(=O)CCCC(=O)Nc2sc(C)c(C)c2C(N)=O)c(C(N)=O)c1C,Q14318,Q9UNE7,5.3979,5.6021,=,=,IC50,across
COc1ncc2cc1NS(=O)(=O)c1cc(c(F)cc1F)C(=O)NCc1cncc(c1)-c1ccnc3ccc-2nc13,P33261,P42345,4.7055,8.2676,=,=,IC50,across
CCC(CC)CNc1c(C(N)=O)cnc2ccc(-c3ccc(CS(C)(=O)=O)nc3)cc12,Q13315,Q12809,7.4089,5.7212,=,=,IC50,across
CNC(=O)c1ncn2cc(-c3c(F)ccc(NS(=O)(=O)c4cc(Cl)cnc4OC)c3F)ncc12,O00750,Q9P2K8,5.4685,7.5172,=,=,IC50,across
C=C(C)[C@@H]1CCC(C)=C[C@H]1c1c(O)cc(CCCCC)cc1O,P21554,Q15858,5.4202,5.7399,=,=,IC50,across
COc1c(O)cc2oc3cc(O)c(CC=C(C)C)c(O)c3c(=O)c2c1CC=C(C)C,P16050,O60341,5.5086,5.5513,=,=,IC50,across
CC(C)c1c(-c2nnc(NCC(C)(C)CN)o2)cn2ncnc(Nc3cc(C(=O)NC4CC4)c(F)cc3F)c12,P35968,P08684,7.699,5.8539,=,=,IC50,across
CCNC(=O)N1CC[C@@H](NC(=O)Nc2nc(C)c(C(C)=O)s2)[C@H](CN2CCC[C@@H](Cc3ccc(F)cc3)C2)C1,P10635,P51677,6.7696,8.8239,=,=,IC50,across
Cc1c(O)c(O)c2c(c1C=O)[C@@H]1O[C@H](O2)c2c(C)c(O)c(O)c(O)c2C1=O,Q9BY41,P12931,5.7959,6.4318,=,=,IC50,across
CN[C@H]1CC[C@@H](c2ccc(Cl)c(Cl)c2)c2ccccc21,P08684,P41595,5.4817,5.4694,=,=,IC50,across
C=CCN(CC=C)CCc1c[nH]c2ccccc12,P23975,P08908,6.0,7.0,=,=,Ki,across
O=C1NC(=S)S/C1=C\c1ccc2ncccc2c1,Q9HAZ1,P42336,7.7496,8.585,=,=,IC50,across
CN(C)CCCN1c2ccccc2Sc2ccc(Cl)cc21,Q06278,P32245,6.2441,4.818,=,=,IC50,across
CC[C@@](C)(Nc1ccnc(-c2c[nH]c3ncccc23)n1)C(=O)NCC(F)(F)F,Q13464,Q02880,4.8709,6.8297,=,=,Kd,across
CCn1cc(-c2ccnc3[nH]c(-c4cccc(CN(C)C)c4)cc23)c(-c2ccc(NC(=O)N(C)C)cc2)n1,Q9Y6R4,Q6JQN1,5.8444,5.9543,=,=,Kd,across
CN1CCC(=C2c3ccccc3C=Cc3ccccc32)CC1,Q8WTS6,P08913,5.4685,6.5482,=,=,IC50,across
CC(C)N1CCOc2c(F)cc(-c3nc(Nc4ccc(N5CCS(=O)(=O)CC5)c(F)c4)ncc3F)cc21,Q00534,O00329,6.9101,6.4012,=,=,IC50,across
CN[C@@H](CCOc1ccc([N+](=O)[O-])cc1)c1ccc(OC(=O)N(C)C)cc1,P31645,P22303,7.3768,6.9957,=,=,IC50,across
CCC1=C(C)CN(C(=O)NCCc2ccc(S(=O)(=O)NC(=O)N[C@H]3CC[C@H](C)CC3)cc2)C1=O,Q04828,O95342,5.1637,4.8041,=,=,IC50,across
C=CS(=O)(=O)N1CCC[C@@H](Nc2nc(N)nc(Nc3cccc(Oc4ccccc4)c3)n2)C1,P11712,P42680,4.7747,7.585,=,=,IC50,across
CSc1ccc(/C=C2/C(C)=C(CC(=O)O)c3cc(F)ccc32)cc1,P05177,P00533,5.699,4.6201,=,=,IC50,across
O=c1cc(-c2ccccc2)oc2cc(O)ccc12,P37058,P11511,4.1741,6.678,=,=,IC50,across
CNC(=O)[C@]1(C)CC[C@@H](Nc2ncc3c(Br)nn(-c4ccc(-c5nnc(C)s5)cc4)c3n2)C1,Q9P2K8,Q5MAI5,7.7959,6.9281,=,=,IC50,across
COc1ccc(COc2c(OC)ccc3cc4[n+](cc23)CCc2cc3c(cc2-4)OCO3)cc1.[Br-],P06276,P48147,5.3665,4.3925,=,=,IC50,across
CC(C)(O)CC(=O)N1CCc2cc(Nc3ncc(C(F)(F)F)c(N[C@H]4CC[C@@H](N)CC4)n3)ccc2C1,O14757,Q12809,8.0088,4.2336,=,=,IC50,across
C=CC(=O)Nc1cccc(C)c1Nc1ncc2cc(-c3c(Cl)c(OC)cc(OC)c3Cl)ccc2n1,P22607,P33261,6.8239,5.7696,=,=,IC50,across
Cc1ccc2c(N3CCN(CCc4cccc5c4OCc4c(C(=O)NC6CC6)ncn4-5)CC3)cccc2n1,Q12809,P08908,6.2,9.9,=,=,Ki,across
C=CC(=O)Nc1cc2c(Nc3ccc(F)c(Cl)c3)ncnc2cc1OCc1cn(CCCC(=O)NO)nn1,Q92769,P00533,7.9208,8.9586,=,=,IC50,across
COC(=O)N1CC[C@H](N(Cc2ccccc2Cl)c2ccc(C#N)c(Cl)c2)C1,P11712,P06401,5.9586,8.0969,=,=,IC50,across
Cc1cc2ncccc2cc1Nc1ncc2c(n1)n(C1CCN(C)CC1)c(=O)n2C,Q12809,P78527,5.0132,7.6077,=,=,IC50,across
Cl.Nc1ncccc1-c1nc2ccc(-c3ccccc3)nc2n1-c1ccc(C2(N)CCC2)cc1,P31749,P33261,7.3979,5.0969,=,=,IC50,across
CC(C)Cc1ccc2nn(C)cc2c1NS(=O)(=O)c1ccc(CCCOC[C@H]2CN(C)CCO2)cc1,Q12809,P30419,5.1739,3.8861,=,=,IC50,across
COc1ccc([C@H](Cc2c(Cl)c[n+]([O-])cc2Cl)OC(=O)c2ccc(CNC(C(=O)OCC3CCN(C)CC3)c3ccccc3F)s2)cc1OC,Q07343,P20309,8.2596,7.7596,=,=,IC50,across
Nc1nc2c(ncn2[C@@H]2O[C@H](COP(=O)(O)O)[C@@H](O)[C@H]2O)c(=O)[nH]1,P00492,O43598,5.2366,4.7959,=,=,Ki,across
CC1=C(C(=O)Nc2ccc3[nH]ncc3c2)C(c2ccc(F)cc2)N=C(c2ccccc2)N1,Q15418,P10635,5.2757,7.0458,=,=,IC50,across
CC(C)C(=O)N1CCO[C@@H](c2nc(-c3ccc(C(=O)Nc4cc(C(F)(F)F)ccn4)cc3F)c3c(N)nccn23)C1,P09769,Q12809,6.5719,4.8239,=,=,IC50,across
COC(=O)C1=C(C)NC(C)=C(C(=O)OCCN(C)Cc2ccccc2)C1c1cccc([N+](=O)[O-])c1,P33261,P08183,5.8666,5.305,=,=,IC50,across
Cc1ccc(-c2ccccn2)cc1NC(=O)c1ccc(OCc2ccccn2)cc1,Q16539,Q99835,4.8239,7.6778,=,=,IC50,across
C[C@@H]1CCNC(=O)c2cc3ccc(C(=O)Nc4nc5ccccc5n4CCCN(C)C)cc3n21,P07550,P16234,5.7399,6.0195,=,=,IC50,across
C=CCN(CC=C)CCc1c[nH]c2ccccc12,P08908,Q01959,7.0,5.9,=,=,Ki,across
COc1ccc(-c2ccccc2)cc1Nc1nccc(-c2ccc(C(N)=O)cc2)n1,Q96RR4,P48736,6.6,5.1,=,=,IC50,across
CC[C@@H]1C(=O)N(C)c2cnc(Nc3ccc(-c4nnc(CN5CCN(C)CC5)s4)cc3OC)nc2N1C1CCCC1,Q9NYY3,P08684,7.8955,4.762,=,=,IC50,across
Nc1ncnc2c1c(-c1ccc(F)c(O)c1)nn2Cc1ocnc1-c1ccccc1,P00533,O00329,4.0,5.9706,=,=,IC50,across
O=C(O)CCCCCNn1nnc2ccccc21,P11712,P98187,2.7122,3.5264,=,=,IC50,across
Cc1ccc2c(N)c(C(=O)NCCc3ccc(N4CCNCC4)c(-c4ccccc4C)c3)sc2n1,Q96RU2,Q9UHP3,6.3288,5.4604,=,=,IC50,across
O=c1[nH]c2ccccc2n1CCCN1CCC(n2c(=O)[nH]c3cc(Cl)ccc32)CC1,P23975,P28223,5.5862,7.9586,=,=,Ki,across
NCC1c2ccccc2Cc2cc(Br)ccc21,P31645,P28223,5.9208,8.8154,=,=,Ki,across
CN1CCC(=C2c3ccccc3C=Cc3ccccc32)CC1,P31645,P11229,5.3872,8.4042,=,=,Ki,across
Cc1csc(N(C(=O)CSc2ccc(-c3ccccc3)nn2)C2CC2)n1,P05177,Q9H2X9,4.699,7.2147,=,=,IC50,across
Nc1nc(N)c2c(n1)[nH]c1cccc(Sc3cccc4ccccc34)c12,P04818,P00533,5.6383,3.7765,=,=,IC50,across
OCCN(CCO)c1nc(N2CCCCC2)c2nc(N(CCO)CCO)nc(N3CCCCC3)c2n1,Q96FL8,O60658,4.585,5.3979,=,=,IC50,across
O=C(Nc1ccc(Oc2ccc3ccccc3c2)c(Cl)c1)c1cc(Cl)cc(Cl)c1O,Q86W56,P09874,4.9208,3.9208,=,=,IC50,across
CC(C)(C)c1cnc(CSc2cnc(NC(=O)C3CCN(CC(=O)NCCOCCOCCOCCNc4cccc5c4C(=O)N(C4CCC(=O)NC4=O)C5=O)CC3)s2)o1,Q8TD08,Q14994,7.1018,5.1805,=,=,IC50,across
COc1ccc(-c2nn(C(C)(C)C)c3ncnc(N)c23)cc1OC,P08631,O00329,6.3565,6.7055,=,=,IC50,across
C=CC(=O)N1CCC[C@@H](n2nc(-c3ccc(Oc4ccccc4)cc3)c3c(N)ncnc32)C1,Q12809,P07333,5.9586,5.2561,=,=,IC50,across
Nc1ncnc2c1c(-c1ccc(Cl)c(O)c1)nn2C1CCC1,P42336,P00533,6.7545,5.9393,=,=,IC50,across
CCOc1cc(N2CCC(O)CC2)ccc1Nc1ncc2c(n1)N(C)c1ccccc1C(=O)N2C,Q58F21,Q13164,5.4559,7.0969,=,=,Kd,across
CCCCCc1cc(O)c2c(c1)OC(C)(CCC=C(C)C)C=C2,P31645,O75762,5.2034,6.4318,=,=,IC50,across
CN1CCN(c2ccc(Nc3ncc4ccn(-c5cccc(N(C)S(=O)(=O)C(C)(C)C)c5)c4n3)cc2)CC1,O60674,O60885,8.0458,5.9586,=,=,IC50,across
CNCc1ccccc1-c1csc([C@H](C)Nc2nc(C)nc3cc(OC)c(OC)cc23)c1,P23975,P35372,5.6813,6.0684,=,=,Ki,across
NS(=O)(=O)c1ccccc1,Q8N1Q1,Q13093,5.0,2.4685,=,=,Kd,across
Cc1coc([C@H]2C[C@H]3CSC(N)=N[C@@]3(c3ccc(F)cc3F)CO2)n1,Q12809,P07339,5.6383,4.857,=,=,IC50,across
Cc1cnc(Nc2ccc(F)c(C(F)(F)F)c2)nc1Nc1ccc2oc(=O)[nH]c2c1,P08684,O60674,6.1549,6.2984,=,=,IC50,across
COc1ccc(NC(=O)C(C)n2nc(C(=O)Nc3ccccc3)c3ccccc32)cc1,Q9UNQ0,Q9Y6L6,4.8663,5.1203,=,=,IC50,across
CCn1cc(-c2ccnc3[nH]c(-c4cccc(CN(C)C)c4)cc23)c(-c2ccc(NC(=O)N(C)C)cc2)n1,O14965,P11712,7.178,4.4202,=,=,IC50,across
C=CCN(CC=C)CCc1c[nH]c2ccccc12,P28335,P23975,6.41,6.0,=,=,Ki,across
CCn1cc(-c2ccnc3[nH]c(-c4cccc(CN(C)C)c4)cc23)c(-c2ccc(NC(=O)N(C)C)cc2)n1,O14965,Q6JQN1,7.8987,5.9543,=,=,Kd,across
O=C(NO)c1ccc(Nc2c3ccccc3nc3ccccc23)cc1,P22303,Q9UBN7,6.1427,7.6021,=,=,IC50,across
CC(C)c1cc(Nc2nc(N3CCC[C@H](N)C3)ncc2C(N)=O)cc(C(C)C)n1,P33261,P57078,5.0,5.2449,=,=,IC50,across
NCC[C@@H]1Cc2ccccc2[C@H](c2ccc(Cl)c(Cl)c2)C1,Q01959,Q12809,7.4949,4.8827,=,=,IC50,across
COc1cc(N2CCC(N3CCN(C)CC3)CC2)ccc1Nc1ncnc(Nc2ccccc2S(=O)(=O)C(C)C)n1,Q05397,P16083,7.1308,5.1963,=,=,Kd,across
O=c1cc(-c2ccccc2)oc2cc(O)ccc12,P37058,Q16678,4.1741,6.6021,=,=,IC50,across
O=C1NCN(c2ccccc2)C12CCN(CCCOc1ccc(F)cc1)CC2,P31645,P35368,6.6774,6.5293,=,=,Ki,across
C[C@H]1C[C@H]2[C@@H]3CCC4=CC(=O)C=C[C@]4(C)[C@@]3(F)[C@@H](O)C[C@]2(C)[C@@]1(O)C(=O)COP(=O)(O)O,P04150,P08912,8.0853,5.1045,=,=,IC50,across
C/N=C1\NC(=O)/C(=C\c2c[nH]c3cccc(Br)c23)N1C,P41595,P46098,7.0044,5.228,=,=,Ki,across
COc1ccc2[nH]cc(C3CC(=O)N(CCCCN4CCC(c5c[nH]c6ccc(F)cc56)CC4)C3=O)c2c1,P28223,P31645,6.9281,7.757,=,=,Ki,across
COCCCOc1cc(C(=O)N(C[C@@H]2CNC[C@H]2OC(=O)NCc2ccccc2)C(C)C)ccc1OC,Q12809,P18089,4.8861,6.0,=,=,IC50,across
O=C1NCN(c2ccccc2)C12CCN(CCCOc1ccc(F)cc1)CC2,Q01959,P08912,5.5614,5.8825,=,=,Ki,across
OC1(c2ccc(Cl)c(C(F)(F)F)c2)CCN(CCCC(c2ccccc2)c2ccccc2)CC1,P23975,P14416,6.2857,7.4202,=,=,Ki,across
N#C[C@@H]1CCCN1C(=O)[C@@H]1CN(Cc2ccc(-n3cncn3)cc2)C[C@@H]1N,Q6V1X1,Q12809,3.3363,5.7447,=,=,IC50,across
CN(C)CCCN1c2ccccc2Sc2ccc(Cl)cc21,P41595,O60341,6.8996,5.2895,=,=,IC50,across
CC(C)n1nc(-c2cnc3ccccc3c2)c2c(N)ncnc21,P48736,P54760,5.5686,5.7696,=,=,IC50,across
CC(C)c1cc(Nc2nc(N3CCC[C@H](N)C3)ncc2C(N)=O)cc(C(C)C)n1,O60331,Q96NX5,4.9547,8.4793,=,=,IC50,across
Cc1c(C(=O)NCCCN2CCN(c3cccc(Cl)c3Cl)CC2)cc(-c2ccccc2)n1C,P31645,P21917,7.2087,6.007,=,=,IC50,across
CN(C)CCCN1c2ccccc2Sc2ccc(Cl)cc21,P28335,P08183,7.5229,5.5677,=,=,Ki,across
CN(C)C(=O)C(CCN1CCC(O)(c2ccc(Cl)cc2)CC1)(c1ccccc1)c1ccccc1,O15245,P35462,4.6253,5.8739,=,=,IC50,across
CC(C(=O)Nc1ccccc1)n1nc(C(=O)Nc2ccccc2)c2ccccc21,P46721,P08183,5.9208,5.5959,=,=,IC50,across
N#Cc1ccc(N(Cc2cccc(OS(N)(=O)=O)c2)n2cnnc2)cc1,P08842,P11511,5.2896,7.4089,=,=,IC50,across
CCN(CCCOc1ccc2c(C)c(C)c(=O)oc2c1)Cc1cccc(F)c1,P27338,P22303,7.1367,5.9208,=,=,IC50,across
NCCc1cn(S(=O)(=O)c2c(Cl)nc3sccn23)c2ccccc12.O=C(O)C(=O)O,Q01959,P08913,5.7646,6.8147,=,=,Ki,across
CC(N)Cc1c[nH]c2ccccc12,Q01959,P08588,6.1765,5.4215,=,=,Ki,across
COc1cc(N2CCC(N3CCN(C)CC3)CC2)ccc1Nc1ncnc(Nc2ccccc2S(=O)(=O)C(C)C)n1,P07947,P16083,6.1073,5.1963,=,=,Kd,across
CC(C)c1cc(Nc2nc(N3CCC[C@H](N)C3)ncc2C(N)=O)cc(C(C)C)n1,Q6P2M8,P11712,8.5229,5.2218,=,=,IC50,across
CC(=O)Nc1c(C(C)=O)c(=O)n(C)c2nc(-c3ccc(Cl)cc3Cl)c(-c3ccc(Cl)cc3)cc12,P21554,Q16539,8.1249,5.4342,=,=,IC50,across
O=C1NC(=S)S/C1=C\c1ccc2ncccc2c1,Q8TF76,P42336,6.5867,8.585,=,=,IC50,across
CN(C)CCN1CCN(C(=O)c2cc(C(C)(C)C)sc2NC(=O)Nc2cccc(Cl)c2Cl)CCC1=O,P29323,P08684,5.1427,6.2596,=,=,IC50,across
C[C@H]1COC2=C1C(=O)C(=O)c1c2ccc2c1CCCC2(C)C,P08575,Q96L73,4.383,5.4559,=,=,IC50,across
C=CC(=O)N1CCC[C@@H](n2nc(-c3ccc(Oc4ccccc4)cc3)c3c(N)ncnc32)C1,P12931,Q9UKK9,7.0132,6.699,=,=,Kd,across
C=C(C)[C@@H]1CCC(C)=C[C@H]1c1c(O)cc(CCCCC)cc1O,P21554,O76083,5.4202,6.9586,=,=,IC50,across
COc1cncc(C#Cc2cc(C(=O)Nc3ccc4c(c3)C(F)(F)C[C@@H]4N3CCN(C)CC3)ccc2F)c1,P22455,P10635,7.1675,4.8962,=,=,IC50,across
CNC(=O)c1sc(-c2ccnc(NC(=O)C3CC3)c2)nc1OC1CCN(Cc2ccccc2)CC1,P49841,P06276,8.1549,4.5086,=,=,IC50,across
O=c1[nH]c(CNCCC2CCN(Cc3ccccc3)CC2)nc2c1cnn2C1CCCC1,O76083,P06276,6.4202,5.2366,=,=,IC50,across
CCCCCC[C@]1(C)C(=O)O[C@H]1C(=O)NCCCC[C@H](NC(=O)[C@H](C)NC(=O)OCc1ccccc1)C(=O)OCc1ccccc1,P49327,P28074,5.5834,5.6144,=,=,IC50,across
Oc1cccc(N2[C@@H]3CC[C@H]2CN(CCCc2ccccc2)C3)c1,Q12809,P23975,5.3372,5.2518,=,=,IC50,across
COC(=O)[C@@H]1[C@H]2C[C@H]3c4[nH]c5ccccc5c4CCN3C[C@@H]2CC[C@@H]1O,P10635,P41595,6.8839,7.1308,=,=,IC50,across
CNCc1ccccc1-c1csc([C@H](C)Nc2nc(C)nc3cc(OC)c(OC)cc23)c1,P31645,Q9H3N8,5.3735,5.7245,=,=,Ki,across
CC[C@@H]1C(=O)N(C)c2cnc(Nc3ccc(-c4nc5c(C(N)=O)cccc5[nH]4)cc3OC)nc2N1C1CCCC1,O60885,P09874,6.6253,6.8239,=,=,IC50,across
Oc1cccc(N2[C@@H]3CC[C@H]2CN(CCCc2ccccc2)C3)c1,P08913,P23975,5.2636,5.2518,=,=,IC50,across
CNCc1ccccc1-c1csc([C@H](C)Nc2nc(C)nc3cc(OC)c(OC)cc23)c1,P28222,P31645,5.7552,5.3735,=,=,Ki,across
Cn1cc(-c2cnc3ccc4ccc(CS(=O)(=O)NCc5ccccn5)cc4c(=O)c3c2)cn1,P11712,P08581,4.8318,9.0,=,=,IC50,across
Nc1ncnc2c1c(-c1ccc(Cl)c(O)c1)nn2[C@@H]1CCNC1,P42338,P00519,6.0635,6.2967,=,=,IC50,across
CC1=NN(c2ccc(C(=O)O)cc2)C(=O)/C1=C\c1ccc(-c2cc(C)c(C)cc2[N+](=O)[O-])o1,O15379,Q92993,5.1549,4.5835,=,=,IC50,across
C=C(C)[C@@H]1CCC(C)=C[C@H]1c1c(O)cc(CCCCC)cc1O,P47870,P35372,6.8861,6.126,=,=,IC50,across
CNC(=O)c1sc(-c2ccnc(NC(=O)CNCCNc3c4c(nc5ccccc35)CCCC4)c2)nc1OCC1CC1,P22303,P49841,8.9208,7.6576,=,=,IC50,across
Cc1ccc(-c2n[nH]c3ncnc(N)c23)cc1OCc1ccccc1,P48736,P12931,5.4763,4.4815,=,=,IC50,across
COc1ccc(CN[C@H]2CC2c2ccccc2)cc1OC,O60341,P21397,7.2218,5.5528,=,=,IC50,across
C=CC(=O)N1CCC([C@@H]2CCNc3c(C(N)=O)c(-c4ccc(Oc5ccccc5)cc4)nn32)CC1,P51451,P08684,8.9469,4.5311,=,=,IC50,across
CC(C)N1c2cc(Nc3nccc(-c4cccc5ncccc45)n3)ccc2N(C)C(=O)[C@H]1C,O60885,P50750,7.8182,7.0883,=,=,IC50,across
O=c1c(O)c(-c2ccccc2)oc2cc(O)cc(O)c12,P29274,O43570,4.7423,7.3788,=,=,Ki,across
Cc1cc(C)c(NC(=O)Nc2cc3ccccc3cc2C(=O)NC(C(=O)O)C2CCC(=O)CC2)c(C)c1,P11712,P06737,5.0269,6.7011,=,=,IC50,across
CCOc1cc2nc(C34COC(C)(C3)C4)cn2cc1NC(=O)c1cccc(C(F)F)n1,Q12809,Q9NWZ3,6.1079,9.699,=,=,IC50,across
C=CS(=O)(=O)N1CCC[C@@H](Nc2nc(N)nc(Nc3cccc(Oc4ccccc4)c3)n2)C1,P51813,P10635,7.9208,4.0862,=,=,IC50,across
Cc1cc(C(C)(C)C)c(O)c(C)c1CC1=NCCN1,P28335,P10635,6.2381,6.699,=,=,IC50,across
COc1cc2c(cc1OC)C1=NO[C@@H](CN3CCN(C/C(C)=C/c4ccccc4)CC3)[C@@H]1CN2,P31645,P18825,8.0506,10.0,=,=,Ki,across
O=C(Cc1nc(N2CCOCC2)cc(=O)[nH]1)N1CCc2cc(F)ccc21,P08684,P42336,4.3979,6.3706,=,=,IC50,across
O=c1c(O)c(-c2ccc(O)c(O)c2)oc2cc(O)ccc12,P0DUB6,P16050,4.7077,5.8539,=,=,IC50,across
CCCC/C(=C\c1cc(OC/C=C/c2ccccc2)ccc1OCc1ccc(C(F)(F)F)cc1)C(=O)O,P49768,O14684,5.3872,5.301,=,=,IC50,across
CCOc1cc(N2CCC(O)CC2)ccc1Nc1ncc2c(n1)N(C)c1ccccc1C(=O)N2C,Q9UBF8,Q05397,4.4685,4.4089,=,=,IC50,across
OC1(c2ccc(Cl)c(C(F)(F)F)c2)CCN(CCCC(c2ccccc2)c2ccccc2)CC1,P21918,P23975,6.9172,6.2857,=,=,Ki,across
C[C@@H]1C[C@H]2[C@@H]3CCC4=CC(=O)C=C[C@]4(C)C3=CC[C@]2(C)[C@H]1C(=O)CN1CCN(c2cc(N3CCCC3)nc(N3CCCC3)n2)CC1,P28223,P27361,5.6985,4.7888,=,=,IC50,across
OC1(c2ccc(Cl)cc2)CCN(Cc2c[nH]c3ccccc23)CC1,P35462,Q01959,6.9915,5.8534,=,=,Ki,across
CN(C)CCN1CCN(C(=O)c2cc(C(C)(C)C)sc2NC(=O)Nc2cccc(Cl)c2Cl)CCC1=O,P07949,P08684,5.4318,6.2596,=,=,IC50,across
CN(C)C(=O)C(CCN1CCC(O)(c2ccc(Cl)cc2)CC1)(c1ccccc1)c1ccccc1,O00748,P10635,5.3372,5.699,=,=,IC50,across
Cc1ccc2cc3c(ccc4ccccc43)c3c2c1CC3,P05177,P06241,6.5229,4.599,=,=,IC50,across
COCCn1c(=O)n(C2CCCC2)c2cc(Nc3ccc(OC)cc3C)ncc21,P78527,P42336,7.0132,4.6819,=,=,IC50,across
CC(C)c1cc(COc2ccccc2CC(=O)O)cc(-c2ccc3c(c2)[C@H](N)CO3)c1,P00747,P23219,5.585,5.4815,=,=,IC50,across
CNC(=O)c1nc(C)n2ccc(Nc3nccc(-n4cc([C@@H]5C[C@@H](F)CN5C)cn4)n3)cc12,Q12809,P43405,5.0,9.699,=,=,IC50,across
O=C(O)c1ccc(-c2cnc(-c3ccc(O)c(C45CC6CC(CC(C6)C4)C5)c3)s2)cc1,P10276,O14920,5.5768,5.4724,=,=,IC50,across
CC[C@H](C(=O)Nc1ccccc1N1CCCC1)c1ccccc1,P10635,P56696,4.7011,6.699,=,=,IC50,across
FC(F)(F)c1c(Cl)ccc(-n2ccnn2)c1Cl,P11712,P46098,4.8239,5.3468,=,=,IC50,across
COc1ccc(-c2cc(OCCCCCCCC(=O)NO)c3ncnc(C)c3c2)cn1,P42336,Q13547,6.8447,8.4318,=,=,IC50,across
CCOC(=O)c1ccc(OC(=O)CCCCCNC(=N)N)cc1,P00747,O15244,5.8097,6.0458,=,=,IC50,across
CC(=O)[C@H]1CC[C@H]2[C@@H]3CCC4=CC(=O)CC[C@]4(C)[C@H]3CC[C@]12C,P04150,P35610,6.4815,4.7696,=,=,IC50,across
O=c1ncn2nc(Sc3ccc(F)cc3F)ccc2c1-c1c(Cl)cccc1Cl,Q16539,P08913,6.7447,4.4664,=,=,IC50,across
Clc1ccccc1CN1CCc2sccc2C1,P20813,P18825,6.2218,5.93,=,=,IC50,across
C/C=C1\NC(=O)[C@H]2CSSCC/C=C/[C@H](CC(=O)N[C@H](C(C)C)C(=O)N2)OC(=O)[C@H](C(C)C)NC1=O,P56524,O60885,6.2924,7.4437,=,=,IC50,across
Clc1cccc(Oc2ccccc2C2CCNCC2)c1,P08908,Q01959,8.301,6.5086,=,=,Ki,across
C/N=C1\NC(=O)/C(=C\c2c[nH]c3cccc(Br)c23)N1C,P08908,P46098,5.3365,5.228,=,=,Ki,across
Cc1ccc(Nc2nccc(N(C)c3ccc4c(C)n(C)nc4c3)n2)cc1S(N)(=O)=O,O60331,Q6P3R8,5.7212,5.1367,=,=,Kd,across
O=C(CCc1nc(-c2ccc(O)cn2)no1)Nc1ccccc1C(=O)O,P11712,Q8TDS4,4.3768,8.3099,=,=,IC50,across
C=C(C)[C@@H]1CCC(C)=C[C@H]1c1c(O)cc(CCCCC)cc1O,Q12791,P47870,6.5528,6.8861,=,=,IC50,across
COCC(=O)N1CCC[C@@H](c2nc(-c3ccc(C(=O)Nc4cc(C(F)(F)F)ccn4)cc3F)c3c(N)nccn23)C1,Q12809,Q9H3Y6,5.3468,7.7212,=,=,IC50,across
COc1cc2c(NCC3CCN(c4ccc(C(=O)NO)cc4)CC3)cc(-c3ccc(C)o3)nc2cc1OCCCN1CCCC1,Q13547,Q96KQ7,7.1079,6.5702,=,=,IC50,across
CCCC/C=C/C1=Cc2ccc([C@H]3CC[C@](N)(COP(=O)(O)O)C3)cc2CC1,O95470,P21453,6.2596,6.7596,=,=,EC50,across
COc1cc(N2CCC(N3CCN(C)CC3)CC2)ccc1Nc1ncnc(Nc2ccccc2S(=O)(=O)C(C)C)n1,P36888,P16083,6.2027,5.1963,=,=,Kd,across
Nc1c2c(nc3ccccc13)CCCC2,P22303,P08172,7.1968,5.2366,=,=,Ki,across
CCOc1ccc(-c2nn(C3CCCC3)c3ncnc(N)c23)cc1OC,P08631,P42336,6.5452,6.8697,=,=,IC50,across
CCOc1ccc(-c2ccc(Cn3c(CC(C)(C)C(=O)O)c(SC(C)(C)C)c4cc(OCc5ccc(C)cn5)ccc43)cc2)cn1,P23219,Q16873,4.2366,4.4437,=,=,IC50,across
Nc1nc(N)c2nc(-c3cccc(O)c3)c(-c3cccc(O)c3)nc2n1,O75747,Q99755,8.4949,5.7447,=,=,Kd,across
Cc1c(OCCCN2CCN(c3cccc4ccccc34)CC2)ccc2c1C(=O)NC2,P14416,P31645,8.1669,6.7122,=,=,Ki,across
Cc1ccc(Nc2nccc(N(C)c3ccc4c(C)n(C)nc4c3)n2)cc1S(N)(=O)=O,P22303,P11362,6.0315,6.8539,=,=,IC50,across
CNS(=O)(=O)c1ccc2c(c1)CN(C=O)C2C(=O)Nc1ccc(C(O)(C(F)(F)F)C(F)(F)F)cc1,P51449,P10635,7.2,6.3979,=,=,IC50,across
Nc1c2c(nc3ccccc13)CCCC2,Q04844,P23975,7.3565,5.6226,=,=,IC50,across
NC(=O)c1cccnc1,Q6SZW1,Q9NXA8,4.3585,4.4422,=,=,IC50,across
COCCCOc1cc(C(=O)N(C[C@@H]2CNC[C@H]2OC(=O)NCc2ccccc2)C(C)C)ccc1OC,P35348,P08684,6.301,5.3979,=,=,IC50,across
Cc1cc(C(C#N)c2ccc(Cl)cc2)c(Cl)cc1NC(=O)c1cc(I)cc(I)c1O,Q16539,P24557,6.1831,7.1938,=,=,IC50,across
CN(C)CCN1CCN(C(=O)c2cc(C(C)(C)C)sc2NC(=O)Nc2cccc(Cl)c2Cl)CCC1=O,Q16620,P08684,5.0605,6.2596,=,=,IC50,across
CN(C)c1ccccc1[C@@H]1CCCN1C1CC2(CCN(c3ccc(C(=O)NS(=O)(=O)c4ccc(NCC5CCOCC5)c([N+](=O)[O-])c4)c(Oc4cnc5[nH]ccc5c4)c3)CC2)C1,Q07817,P11712,7.5376,5.4522,=,=,IC50,across
COc1cc(-c2nn(C3CCCC3)c3ncnc(N)c23)ccc1N,P42345,Q9UBF8,5.7212,6.2757,=,=,IC50,across
Cc1nc(Nc2n[nH]c3c2CN(C(=O)N[C@H](CN(C)C)c2ccccc2)C3(C)C)c2sccc2n1,Q12809,P05771,4.3757,6.2054,=,=,IC50,across
COc1ccc(Cn2cc(C(=O)NCCCCCCCNc3c4c(nc5cc(Cl)ccc35)CCCC4)c(=O)c3ccccc32)cc1,P11229,P06276,5.2716,5.4763,=,=,IC50,across
CN(C)C(=O)Cn1c(=O)n(C)c(=O)c2c1cc(N1CCC[C@@](C)(N)C1)n2Cc1cc(F)ccc1Cl.Cl,P27487,P08684,7.8861,4.8729,=,=,IC50,across
CN1CC(=O)N2[C@H](c3ccc4c(c3)OCO4)c3[nH]c4ccccc4c3C[C@@H]2C1=O,Q13936,O76074,3.4,8.3979,=,=,IC50,across
O=C(NC[C@H]1CCOC1)c1n[nH]c2ccc(-c3cccc(F)c3F)cc12,P49841,Q12809,7.8239,4.7212,=,=,IC50,across
Cc1ccccc1[C@H]1[C@@H]2CN(C3=NC(=O)CO3)C[C@H]2CC[C@@H]1O[C@H](CO)c1cc(C(F)(F)F)cc(C(F)(F)F)c1,P10635,P21452,4.2147,5.1427,=,=,IC50,across
C=CC(=O)Nc1ccc(S(=O)(=O)NC2CCN(C(=O)OCc3ccccc3)CC2)cc1,P22735,P00488,5.5686,6.3188,=,=,IC50,within
COC(=O)/C=C/CC[C@H](NC(=O)c1cc([N+](=O)[O-])ccc1C(=O)O)C(=O)N[C@@H](CC1CC1)C(=O)N1CC(=O)C[C@H]1C(=O)N[C@H](C(=O)N[C@H](C(N)=O)C1CCCCC1)C1CCCCC1,P00488,P21980,7.7959,7.1612,=,=,IC50,within
CNC(=O)[C@@H](NC(=O)[C@@H](NC(=O)[C@@H]1CC(=O)CN1C(=O)[C@@H](NC(=O)[C@H](CC/C=C/C(=O)OC)NC(=O)c1ccncc1C(=O)O)C(C)(C)C)C1CCCCC1)C1CCCCC1,P00488,P21980,7.3872,6.7747,=,=,IC50,within
CCCC[C@H](NC(=O)[C@H](CC/C=C/C(=O)OC)NC(=O)[C@@H](CC(=O)O)NC(C)=O)C(=O)N[C@@H](CCCC)C(=O)N[C@@H](CC(C)C)C(=O)N1CCC[C@H]1C(=O)N[C@@H](Cc1c[nH]c2ccccc12)C(=O)O,P21980,P00488,5.5528,6.3325,=,=,IC50,within
COC(=O)/C=C/CC[C@H](NC(=O)c1cncc(C(=O)O)c1)C(=O)N[C@H](C(=O)N1CCC[C@H]1C(=O)N[C@H](C(=O)N[C@H](C(N)=O)C1CCCCC1)C1CCCCC1)C(C)(C)C,P00488,P21980,7.7843,7.3812,=,=,IC50,within
C=CC(=O)Nc1ccc(S(=O)(=O)NC2CCN(C(=O)OCc3ccccc3)CC2)cc1,P00488,P21980,6.3188,6.3468,=,=,IC50,within
COC(=O)/C=C/CC[C@H](NC(=O)c1cnc(O)c([N+](=O)[O-])c1)C(=O)N[C@H](C(=O)N1C[C@@H]2CCC[C@@H]2[C@H]1C(=O)N[C@H](C(=O)N[C@H](C(N)=O)C1CCCCC1)C1CCCCC1)C(C)(C)C,P21980,P00488,7.3872,7.4437,=,=,IC50,within
C=CC(=O)Nc1ccc(S(=O)(=O)N2CCN(C(=O)OC(C)(C)C)CC2)cn1,P00488,P21980,5.7959,7.0132,=,=,IC50,within
C=CC(=O)Nc1ccc(S(=O)(=O)N2CCN(C(=O)OC(C)(C)C)CC2)cn1,P21980,P22735,7.0132,5.4202,=,=,IC50,within
C=CC(=O)Nc1ccc(S(=O)(=O)N2CCN(C(=O)OC(C)(C)C)CC2)cn1,P22735,P00488,5.4202,5.7959,=,=,IC50,within
COC(=O)/C=C/CC[C@H](NC(=O)c1cc([N+](=O)[O-])ccc1C(=O)O)C(=O)N[C@H](C(=O)N1CCCC[C@H]1C(=O)N[C@H](C(=O)N[C@H](C(N)=O)C1CCCCC1)C1CCCCC1)C(C)(C)C,P21980,P00488,7.2291,7.585,=,=,IC50,within
CCOC(=O)/C=C/CC[C@H](NC(=O)OCc1ccccc1)C(=O)N[C@H](C(=O)N1CCC[C@H]1C(=O)N[C@@H](CC(C)C)C(=O)N[C@H](C(N)=O)C1CCCCC1)C1CCCCC1,P21980,P00488,6.4622,5.1693,=,=,IC50,within
C=CC(=O)Nc1ccc(S(=O)(=O)NC2CCN(C(=O)OCc3ccccc3)CC2)cc1,P21980,P22735,6.3468,5.5686,=,=,IC50,within
COC(=O)/C=C/CC[C@H](NC(=O)c1ccncc1C(=O)O)C(=O)N[C@H](C(=O)N1CC(=O)C[C@H]1C(=O)N[C@H](C(=O)N[C@H](C(=O)OC)C1CCCCC1)C1CCCCC1)C(C)(C)C,P00488,P21980,7.0655,6.7033,=,=,IC50,within
CCOC(=O)/C=C/CC[C@H](NC(=O)OCc1ccccc1)C(=O)N[C@@H](CCC(N)=O)C(=O)N1CCC[C@H]1C(=O)N[C@@H](CC(C)C)C(=O)N[C@H](C(N)=O)C1CCCCC1,P21980,P00488,7.585,5.2449,=,=,IC50,within
CCOc1ccc(-n2nc3c(N4CCC4)nnc(C)c3c2C)cc1,Q9NY47,P54289,7.2291,9.0,=,=,IC50,within
CCOc1ccc(-n2nc3c(N4CCCC4)nnc(C)c3c2C)cc1,Q9NY47,P54289,7.6576,8.699,=,=,IC50,within
CCOc1ccc(-n2nc3c(N4CC[C@@H](F)C4)nnc(C)c3c2C)cc1,Q9NY47,P54289,7.0706,8.5229,=,=,IC50,within
FC(F)(F)c1c(Cl)ccc(-n2ccnn2)c1Cl,P05177,P11712,6.0177,4.8239,=,=,IC50,within
O=C(c1ccc(F)c(O)c1)c1nc2ccc(O)cc2s1,P05177,P33261,5.7447,4.2676,=,=,IC50,within
O=C(/C=C/c1ccc2c(c1)OCO2)c1ccncc1,P04798,P10635,5.9508,4.9208,=,=,IC50,within
CCS(=O)(=O)N1CC2(CC(Cc3c[nH]nc3-c3ccc4c(c3Cl)CCC(=O)N4C)C2)C1,P15538,P19099,9.6676,11.2218,=,=,EC50,within
O=C1Nc2ccccc2/C1=C\c1ccc2c(/C=C/c3ccncc3)n[nH]c2c1,P08684,P10635,5.7843,4.699,=,=,IC50,within
O=C(/C=C/c1ccc2c(c1)OCO2)c1ccncc1,Q16678,P05177,5.5646,5.8239,=,=,IC50,within
Cc1ccc(S(=O)(=O)N(C)c2ccnn2-c2ccccc2)cc1,P33260,P10632,4.9208,3.7447,=,=,IC50,within
SCc1ccc(-c2cccnc2)o1,P08684,P10635,5.2147,5.8861,=,=,IC50,within
COc1ccc2c3c([nH]c2c1)-c1nc2ccccc2c(=O)n1CC3,Q16678,P05177,6.9586,5.7033,=,=,IC50,within
CC(C)[C@@H]1c2nn(-c3cccc(S(C)(=O)=O)c3)cc2CN1c1nccc(C(F)(F)F)n1,P10635,P11712,4.5901,5.6757,=,=,IC50,within
CC(C)C[C@H](C=O)NC(=O)[C@@H](NS(=O)(=O)c1ccc(F)cc1)C(C)C,P08684,P11712,3.6832,3.308,=,=,IC50,within
O=C(Nc1ccc(-c2ccnc3[nH]cnc23)cc1)Nc1cccc(Br)c1,P08684,P20815,7.0362,4.9431,=,=,IC50,within
COC(=O)C1=C(C)NC(C)=C(C(=O)OCCN(C)Cc2ccccc2)C1c1cccc([N+](=O)[O-])c1,P05177,P08684,4.8761,6.3985,=,=,IC50,within
Cn1c(-c2ccccn2)c(C2CCCCC2)c2ccc(C(=O)NC(C)(C)C(=O)Nc3ccc(/C=C/C(=O)O)cc3)cc21,P08684,P33261,5.0506,5.5686,=,=,IC50,within
Cc1cc(Br)cc2[nH]c(-c3c(N[C@H](CO)Cc4ccccc4)cc[nH]c3=O)nc12,P08684,P11712,5.5086,6.1427,=,=,IC50,within
N#Cc1ccc(-c2cncc(N3CCCC3)n2)cc1F,P19099,P15538,8.2174,6.7595,=,=,IC50,within
COc1ccc(C(c2cc3c4c(c2)CCN4C(=O)CC3)n2ccnc2)cc1,P11511,P15538,7.3665,7.3979,=,=,IC50,within
Br.Oc1ccc(-c2ccc3c(c2)CCCC3c2ccncc2)cc1O,P15538,P08684,5.6706,6.1993,=,=,IC50,within
CC(C)N(CCO)Cc1csc(-c2cn(CC3CCOCC3)c3c(Cl)cccc23)n1,P10635,P11712,4.0097,5.5528,=,=,IC50,within
COc1ccccc1/C=C/C(=O)c1cccnc1,P08684,P10635,5.8182,5.7595,=,=,IC50,within
COc1cncc(-c2cnc(C(C)(C)N3CCN(C[C@@H](O)C[C@@H](Cc4ccccc4)C(=O)N[C@H]4c5ccccc5OC[C@H]4O)[C@H](C(=O)NCC(F)(F)F)C3)o2)c1,P10635,P11712,5.0605,4.5229,=,=,IC50,within
COc1cccc(-n2ncc3c(-c4cnccc4C)ccnc32)c1,P05093,P05177,8.5229,5.8297,=,=,IC50,within
Cc1ccc(NC(=O)Nc2cc(-c3ccccc3-c3nnn[nH]3)ccc2N(CC(C)C)CC(C)C)cc1,P33261,P08684,5.0605,5.1079,=,=,IC50,within
c1cncc(CNc2ccc(-c3cc(-c4cccnc4)on3)cc2)c1,P33261,P08684,4.7375,5.4318,=,=,IC50,within
Cc1nsc(-c2nnc3n2CCN(C(=O)c2ccc(-c4cccs4)cc2)[C@@H]3C)n1,P10635,P33261,4.4089,4.7212,=,=,IC50,within
C[C@]12CC[C@H](O)CC1=CC[C@@H]1C2CC[C@]2(C)C(c3cccnc3)=CCC12,P05093,P15538,7.6778,6.0595,=,=,IC50,within
CC(C)c1nc(CN(C)C(=O)N[C@H](C(=O)N[C@@H](Cc2ccccc2)[C@H](Cc2ccccc2)NC(=O)OCc2cncs2)C(C)C)cs1,P05177,P33261,4.6402,5.0605,=,=,IC50,within
O=C(O)C1CC1c1ccc(CCOc2ccc(-c3ccn[nH]3)nc2)cc1,P78329,Q02928,6.699,6.6778,=,=,IC50,within
Cc1nn(-c2cccnc2)c(C)c1-c1cc(N2CC3CCC(C2)O3)nc2c(-c3ccn[nH]3)cnn12.O=C(O)/C=C/C(=O)O,P11712,P33261,4.4837,4.2661,=,=,IC50,within
O=C(/C=C/c1cccnc1)c1cccc(Br)c1,P05177,Q16678,6.7905,7.1938,=,=,IC50,within
COc1ccc2cc(-c3cncc(C(C)=O)c3)ccc2c1,P05177,P15538,6.3116,6.5935,=,=,IC50,within
CCN(CC)C(c1cccc(Nc2ccnc3cc(Cl)ccc23)c1)c1nnnn1C(C)(C)C,P33261,P11712,4.9136,5.6144,=,=,IC50,within
COc1ccc(OC)c2c1c(OC)cc1c(=O)c(OCCOCCOCCOCCOC(=O)CN)c(-c3cccc(F)c3)oc12.Cl,Q16678,P04798,4.5969,7.6955,=,=,IC50,within
Cl.Nc1ncccc1-c1nc2ccc(-c3ccccc3)nc2n1-c1ccc(C2(N)CCC2)cc1,P10632,P10635,4.699,4.8239,=,=,IC50,within
CCC(=O)N[C@H]1c2cncc(-c3cc4c(cc3F)N(C)C(=O)CC4)c2CC[C@H]1C,P15538,P19099,4.4948,6.3447,=,=,EC50,within
Clc1ccc(Cn2ccnc2)cc1,P11511,P20813,7.1549,4.9208,=,=,IC50,within
O=C(O)C1CC1c1cccc(COc2ccc(-c3ccn[nH]3)nc2)c1F,P78329,Q02928,6.6198,7.7212,=,=,IC50,within
C=CC(=O)Nc1cccc(C)c1Nc1ncc2cc(-c3c(Cl)c(OC)cc(OC)c3Cl)ccc2n1,P08684,P11712,5.5229,6.0458,=,=,IC50,within
O=C(/C=C/c1cccc2ccccc12)c1ccncc1,Q16678,P04798,6.156,6.276,=,=,IC50,within
CNCc1ccc(-c2cccnc2)s1,P11509,P11712,5.9586,4.1694,=,=,IC50,within
CNC[C@H](c1ccc2ccccc2c1)[C@H](OCC(=O)N(C)C)c1ccccc1,P31645,Q01959,8.8539,7.8794,=,=,Ki,within
CN1C[C@@H]2CCCC[C@]2(c2ccc3ccccc3c2)C1,Q01959,P31645,7.1,8.24,=,=,IC50,within
Fc1cccc(Oc2cc(C(F)(F)F)nc(N3CCOC4(CCNCC4)C3)n2)c1,Q01959,P31645,7.8013,5.32,=,=,IC50,within
N[C@H]1C[C@H]1CC(=O)O,Q9NSD5,P48066,4.433,4.857,=,=,IC50,within
COc1cc(C#N)ccc1N1CCN(c2ncnc3c2cnn3-c2ccccc2)CC1,P11166,P11169,6.8239,6.7696,=,=,IC50,within
COC(=O)N(Cc1ccccc1-c1ccccc1)[C@H]1CCNC1,P31645,P23975,5.3526,7.7447,=,=,Ki,within
CCOC[C@H]1[C@@H](c2ccc(Cl)c(Cl)c2)C[C@@H]2CC[C@H]1N2C,P31645,Q01959,7.9586,8.0969,=,=,IC50,within
Cc1cc(O)c([C@@H]2O[C@H](CO)[C@@H](O)[C@H](O)[C@H]2O)cc1Cc1ccc(CCNC(=O)NC(C)(C)CO)cc1,P13866,P31639,7.2924,8.3979,=,=,IC50,within
C[C@H](N)C(=O)N[C@@H](C)C(=O)O,Q16348,P46059,5.2218,3.8539,=,=,Ki,within
O=S(=O)(Nc1ccc(C(F)(F)F)nc1)c1ccccc1C(F)(F)F,Q96S37,Q8TCC7,7.3768,5.4815,=,=,IC50,within
CC1NOC(C)C1c1ccc2c(c1)CN(C)CC2c1ccc2ccccc2c1,P31645,Q01959,8.284,6.983,=,=,Ki,within
OC1(CN2CCC(F)(F)C2)CCN(c2nc(Oc3cccc(F)c3)cc(C(F)(F)F)n2)CC1,P23975,P31645,5.9401,4.49,=,=,IC50,within
CC(C)CC(N(C)C)C1(c2ccc(Cl)cc2)CCC1,P31645,P23975,5.6809,5.2468,=,=,IC50,within
O=C(Cn1nc(C(=O)Nc2ccccn2)c2ccccc21)Nc1cc(Cl)ccc1Cl,P46721,Q9NPD5,5.8794,4.8508,=,=,IC50,within
CNC[C@H]1C2CCC(C2)[C@@H]1c1ccc2cc(F)ccc2c1,Q01959,P31645,7.1427,8.3565,=,=,Ki,within
CC(C(=O)Nc1ccccc1)n1nc(C(=O)Nc2ccccc2)c2ccccc21,Q9NPD5,P46721,5.7496,5.9208,=,=,IC50,within
Clc1ccc([C@]23CCNC[C@@]2(Cn2cccc2)C3)cc1Cl,Q01959,P23975,7.8,8.0,=,=,Ki,within
OCCN(CCO)c1nc(N2CCCCC2)c2nc(N(CCO)CCO)nc(N3CCCCC3)c2n1,O15244,O15245,5.585,4.0915,=,=,IC50,within
CCN(CC)C(=O)C1(c2ccccc2)CC1CNCc1ccccn1,P31645,P23975,5.4559,5.0915,=,=,IC50,within
Cc1csc(C[C@@H]2[C@H]3CNC[C@]32c2ccc(Cl)c(Cl)c2)n1,P23975,Q01959,7.1,7.3,=,=,Ki,within
CCCCc1nc(Cl)c(CO)n1Cc1ccc(-c2ccccc2-c2nnn[nH]2)cc1,Q9Y6L6,Q9NPD5,6.54,5.94,=,=,IC50,within
Cl.O=C(O)[C@H]1CCC2CC(=C(c3ccccc3)c3ccccc3)CCN2C1,P48066,P30531,3.0575,3.0921,=,=,IC50,within
O=S(=O)(Nc1ccc(C(F)(F)F)nc1)c1ccccc1C(F)(F)F,Q96S37,Q9NSA0,7.3768,5.0269,=,=,IC50,within
CNC[C@H](c1ccc(Cl)c(Cl)c1)[C@@H](O)c1cccnc1OC,P23975,P31645,7.2175,6.1831,=,=,Ki,within
NCC(Cc1ccccc1F)c1ccc2ccccc2c1,Q01959,P23975,7.1096,7.6345,=,=,Ki,within
CCOC(=O)c1ccc(OC(=O)CCCCCNC(=N)N)cc1,Q86VL8,O15244,4.9666,6.0458,=,=,IC50,within
CNC[C@@H](c1ccc(Br)c(Cl)c1)[C@@H](O)c1ccccc1,P23975,P31645,6.8477,6.1694,=,=,Ki,within
CN(C)CC(c1ccc(OC(=O)c2ccccc2)cc1)C1(O)CCCCC1,P31645,P23975,6.9788,6.1911,=,=,IC50,within
COc1cc(C(F)(F)F)ccc1O[C@@H](c1ccccc1)[C@@H]1CNCCO1,P31645,P23975,7.3872,6.7959,=,=,Ki,within
O=C(OCc1ccco1)C1=C(c2ccc(Cl)c(Cl)c2)CCC1,P31645,Q01959,4.6198,5.8239,=,=,Ki,within
OC1(c2ccccc2)c2ccccc2C2=NCCN21,P23975,Q01959,7.0,5.9706,=,=,Ki,within
OC[C@H]1O[C@@H](c2ccc(F)c(Cc3cc4ccccc4s3)c2)[C@H](O)[C@@H](O)[C@@H]1O,P31639,P13866,8.1308,5.7212,=,=,EC50,within
CCCCC1CNCCN1c1ccc2[nH]ncc2c1,P31645,Q01959,8.4,7.5,=,=,Ki,within
CC(C)CC(N(C)C)C1(c2ccc(Cl)cc2)CCC1,P31645,Q01959,5.6809,6.1993,=,=,IC50,within
CNC(=O)c1cc2cc(C3(Cc4ccccc4)CCNC3)ccc2[nH]1,Q01959,P23975,6.4802,6.821,=,=,Ki,within
NC[C@H](c1ccc2ccccc2c1)[C@@H](O)c1ccncc1Cl,P31645,P23975,7.433,7.475,=,=,Ki,within
CN1C2CCC1CC(O)(C1c3ccccc3-c3ccc(Br)cc31)C2,P31645,Q01959,5.5901,4.7747,=,=,IC50,within
CNC[C@@H](c1ccc2ccccc2c1)[C@H](O)c1ccccc1F,Q01959,P23975,6.8013,7.4342,=,=,Ki,within
CN(C)CC1(c2ccc(Cl)c(Cl)c2)CCC1,P31645,P23975,6.0467,7.6576,=,=,IC50,within
CC(N)Cc1ccc2c(c1)OCO2,P23975,P31645,6.1524,5.6371,=,=,Ki,within
CCC(=O)CCCCC[C@H](NC(=O)[C@H]1CC12CCN(Cc1ccccc1)CC2)c1ncc(-c2cc3ccccc3nc2OC)[nH]1,Q13547,Q9UBN7,8.699,6.1391,=,=,IC50,within
CCCCCCCCCCCCNC(=O)[C@H](CCCCN)NC(C)=O,Q96EB6,Q8IXJ6,4.0483,3.8717,=,=,IC50,within
O=C(CCCCCCc1nc2ccc(Br)cc2[nH]1)NO,Q9UQL6,Q9BY41,8.6021,6.5498,=,=,IC50,within
O=C(CCCCCCc1nc2ccc(Br)cc2[nH]1)NO,Q9BY41,P56524,6.5498,6.5544,=,=,IC50,within
O=C(/C=C/C1CCN(CCc2ccccc2)CC1)NO,Q13547,Q9UBN7,4.7959,5.3565,=,=,IC50,within
NC(=O)CCN1CCc2c(c3ccccc3n2Cc2ccc(C(=O)NO)cc2)C1,Q13547,Q9UBN7,5.7932,9.3382,=,=,IC50,within
O=C(/C=C/c1ccc2c(c1)C(=O)CC1(CCN(Cc3ccc(F)cc3)CC1)O2)NO,Q92769,Q9UBN7,6.5017,6.719,=,=,IC50,within
CC(C)(C)C(=O)NCCC1CCN(c2ncnc3cc(C(N)=O)sc23)CC1,Q96EB6,Q9NTG7,7.8239,7.4815,=,=,IC50,within
O=C(NO)c1ccc(CNC(=O)c2cncc(-c3ccc(C(F)(F)F)cc3)c2)cc1,O60341,Q13547,5.4685,8.3635,=,=,IC50,within
O=C(NO)c1ccc(Cn2cc(CN3CCCC3)c3ccccc32)cc1,Q9BY41,Q969S8,6.5,8.4,=,=,IC50,within
CN1C(=O)N2Cc3c(c4cc(OCCN5CCOCC5)ccc4n3Cc3ccc(C(=O)NO)cc3)C(c3ccccc3)(C2)C1=O.Cl,O15379,Q9BY41,6.2924,6.0742,=,=,Ki,within
COc1ccc(-c2cc(-c3ccccc3)[nH]c2C(=O)NCc2ccc(C(=O)Nc3ccccn3)cc2)cc1,Q96DB2,Q9UBN7,7.1427,9.1549,=,=,IC50,within
O=C(CCCCC[C@H](NC(=O)[C@H]1CCC(=O)N1)C(=O)Nc1cccc(C(F)(F)F)c1)NO,Q969S8,Q9UBN7,7.9667,8.699,=,=,IC50,within
CC(Nc1ncc(C(=O)NO)cn1)(c1ccccc1)c1ccccc1,Q92769,Q13547,5.7375,5.8969,=,=,IC50,within
O=C(/C=C/c1ccc(C(c2c[nH]c3ccccc23)c2c[nH]c3ccccc23)cc1)NO,Q8WUI4,Q9UKV0,5.3768,5.4815,=,=,IC50,within
CCCNNC(=O)/C=C/c1ccc(CN(CCC)CCc2c(C)[nH]c3ccccc23)cc1,O15379,Q13547,8.5086,7.1904,=,=,IC50,within
CCCCCN(CCC)NC(=O)/C=C/c1ccc(CNCCc2c(C)[nH]c3ccccc23)cc1.O=C(O)C(F)(F)F,Q92769,Q13547,5.1357,6.4185,=,=,IC50,within
Cc1ccsc1C(NC(=O)c1ccccc1)c1cc(Cl)c2cccnc2c1O,P41229,O15054,3.7496,3.9747,=,=,IC50,within
O=C(/C=C/c1ccc(-c2ccc(O)c(C34CC5CC(CC(C5)C3)C4)c2)cc1)NO,Q9UBN7,Q9BY41,5.5528,5.1574,=,=,IC50,within
COc1ccc(NC(=O)N2CCC(Nc3ncc(C(=O)NO)cn3)(c3ccccc3)CC2)cc1,Q92769,Q9UBN7,7.6198,8.8239,=,=,IC50,within
O=C(NO)c1ccc(Cn2c(=O)n(CCc3ccc(N4CCOCC4)cc3)c(=O)c3ccccc32)cc1,Q9BY41,Q96DB2,6.0092,4.643,=,=,IC50,within
Fc1cc(COc2nc[nH]n2)ccc1-c1noc(C(F)(F)F)n1,Q9BY41,Q9UQL6,5.8539,7.0088,=,=,IC50,within
COc1ccc(-c2ccc(/C=C/C(=O)NO)cc2)cc1,Q9BY41,O15379,7.1561,4.0731,=,=,IC50,within
COc1ccc2c3c(cccc13)C(=O)N(Cc1ccc(C(=O)NO)cc1)C2=O,Q969S8,O15379,6.426,7.1938,=,=,IC50,within
CCCCCCNNC(=O)c1cnc(NCc2cccc3ccccc23)nc1,Q13547,Q9BY41,5.0809,7.2007,=,=,IC50,within
CCc1c(C#N)c(S[C@@H](C(N)=O)c2ccccc2)nc(N2CCC(CNCc3ccc(/C=C/C(=O)NO)cc3)CC2)c1C#N,Q13547,Q9UKV0,7.301,4.3903,=,=,IC50,within
O=C(/C=C/c1ccc(-c2ccc(O)cc2)cc1)NO,Q13547,Q9UKV0,5.2588,5.0496,=,=,IC50,within
Cc1c(O)c(O)c2c(c1C=O)[C@@H]1O[C@H](O2)c2c(C)c(O)c(O)c(O)c2C1=O,Q969S8,Q96DB2,5.0757,4.9318,=,=,IC50,within
CCCN(C)C[C@@H](C)NC(=O)c1ccc(-c2noc(C(F)(F)F)n2)cc1,P56524,Q9UBN7,9.0,5.0177,=,=,IC50,within
C[C@H](C(=O)Nc1ccc(C(=O)Nc2ccc(F)cc2N)nc1)c1ccccc1,Q13547,Q92769,5.8539,5.699,=,=,IC50,within
O=C(/C=C/c1ccc(-c2ccc(O)c(C34CC5CC(CC(C5)C3)C4)c2)cc1)NO,Q9UBN7,Q92769,5.5528,5.5784,=,=,IC50,within
CCCCCCCC(=O)SCC/C=C/[C@@H]1CC(=O)NCc2nc(cs2)C2=N[C@@](C)(CS2)C(=O)N[C@@H](C(C)C)C(=O)O1,Q13547,Q92769,7.1854,6.0207,=,=,IC50,within
CCCC(CCC)C(=O)NO,P56524,Q9UBN7,3.7696,4.7959,=,=,IC50,within
CCN(Cc1ccccc1)Cc1ccc(/C=C/C(=O)NO)o1,Q13547,P56524,5.2644,4.9694,=,=,IC50,within
Nc1ccccc1NC(=O)c1ccc(CNC2=NC[C@@H](c3ccccc3)O2)cc1,Q9BY41,Q92769,3.762,6.7167,=,=,IC50,within
CC1=CCC(C(=O)/N=C2\CC=C(S(=O)(=O)[O-])c3cc(S(=O)(=O)[O-])cc(S(=O)(=O)[O-])c32)=C/C1=N/C(=O)C1=CC=C/C(=N\C(=O)/N=C2\C=CC=C(C(=O)/N=C3/CC(C(=O)/N=C4\CC=C(S(=O)(=O)[O-])c5cc(S(=O)(=O)[O-])cc(S(=O)(=O)[O-])c54)=CC=C3C)C2)C1.[Na+].[Na+].[Na+].[Na+].[Na+].[Na+],Q9NTG7,Q8IXJ6,4.6576,5.9393,=,=,IC50,within
O=C(NO)c1cnc(Nc2cc(F)cc(F)c2)nc1,Q13547,O15379,6.8665,6.752,=,=,IC50,within
CC12CC3CC(C)(C1)CC(NC(=O)CCCCCC(=O)NO)(C3)C2,Q9UBN7,Q9BY41,6.6861,5.383,=,=,IC50,within
C[C@@H](c1ccccc1)n1c(-c2cccc(/C=C/C(=O)NO)c2)nc2ccccc21,Q9UBN7,Q9BY41,7.2007,7.7959,=,=,IC50,within
CCOC(=O)CC(=O)CSc1nc(C)cc(O)n1,Q13547,Q9UBN7,4.1124,5.1427,=,=,IC50,within
CCc1ccccc1Oc1ccc(-c2nc(-c3sc(CN4CC(C(=O)O)C4)cc3CC)no2)cc1,Q99500,P21453,5.0,8.1871,=,=,EC50,within
Cn1c(-c2ccccc2)nc2c(N)ncnc21,P30542,P0DMS8,7.6383,4.8539,=,=,Ki,within
Cn1c(=O)c2[nH]c([C@]34C[C@@H]5C[C@H](C[C@H]3C5)C4)nc2n(C)c1=O,P0DMS8,P29274,5.6383,6.0088,=,=,Ki,within
Cn1nc(-c2c(-c3ccc(F)cc3)nc(N)n3nc(Cc4ncccc4F)nc23)ccc1=O,P29275,P29274,6.7959,8.2291,=,=,IC50,within
NC(=O)[C@@H]1CCCN1C(=O)[C@H]1CC(=O)NCCCC[C@@H](NC(=O)[C@@H](N)Cc2ccc(O)cc2)C(=O)NCC(=O)N[C@@H](Cc2ccc(F)cc2)C(=O)N1,P35372,P41145,9.0458,7.0353,=,=,EC50,within
Cc1nc(C(=O)NCCN2CCN(c3cccc(Cl)c3Cl)CC2)c(C)n1-c1ccccc1.Cl.Cl.Cl.Cl,P28335,P14416,7.1805,6.0419,=,=,IC50,within
CCO[C@@H](C)[C@@H]1CC23C=C[C@]1(OC)[C@H]1Oc4c(O)ccc5c4C12CCN(C)C3C5,P41145,P41143,6.2526,7.2343,=,=,EC50,within
CCCCCCCCCCCCCC(=O)OC[C@@H](O)COP(=O)(O)O[C@@H](C)[C@H](N)C(=O)O,Q9BXC1,O00398,5.8029,6.1494,=,=,EC50,within
CCc1ccc(OCc2ccccc2C(=O)Nc2ccc3nc(C)cc(N)c3c2)cc1.Cl,Q8IYL9,P49238,5.4586,5.5854,=,=,IC50,within
C[C@@H]1C[C@H]2[C@@H]3CCC4=CC(=O)C=C[C@]4(C)C3=CC[C@]2(C)[C@H]1C(=O)CN1CCN(c2cc(N3CCCC3)nc(N3CCCC3)n2)CC1,P28335,P07550,6.1439,4.6448,=,=,IC50,within
CC(=O)O.NS(=O)(=O)c1cccc(CCCCOCCCCCCNC[C@@H](O)c2ccc(O)c(CO)c2)c1,P13945,P08588,4.7,5.3,=,=,EC50,within
CCCC[C@H](NC(=O)[C@H](Cc1ccccc1)NC(=O)[C@H](Cc1c[nH]cn1)NC(=O)[C@H](C)NC(=O)[C@@H](NC(=O)[C@H](C)NC(=O)[C@H](Cc1c[nH]c2ccccc12)NC(=O)[C@H](CCC(N)=O)NC(=O)[C@@H](N)Cc1ccc(O)cc1)C(C)C)C(N)=O,P28336,P32247,9.0177,8.9586,=,=,IC50,within
CN1C(=N)N/C(=C/c2c[nH]c3ccccc23)C1=O,P41595,P28335,5.8914,5.0,=,=,Ki,within
Cc1cc(O)cc(C)c1C[C@H](N)C(=O)N(C)[C@H](C)C(=O)N[C@H]1Cc2ccccc2CN(CC(N)=O)C1=O,P35372,P41143,7.8297,8.301,=,=,Ki,within
COc1cccc(OC)c1C1CCCC(=O)N1Cc1cncc(-c2ccccc2)c1,O43614,O43613,6.1549,5.7696,=,=,IC50,within
C[C@@H](CO)NC(=O)CN1C[C@]2(CC[C@](c3ccccc3)(N(C)C)CC2)N(CC2CCC2)C1=O,P41146,P35372,8.4437,7.0757,=,=,Ki,within
C[C@@H](O)[C@@H]1NC(=O)[C@H](CCCCN)NC(=O)[C@@H](Cc2c[nH]c3ccccc23)NC(=O)[C@H](Cc2ccccc2)NC(=O)[C@H](Cc2ccccc2)NC(=O)[C@@H](NC(=O)[C@H](CCCNC(=N)N)NC(=O)COCCOCCNC(=O)CN2CCN(CC(=O)O)CCN(CC(=O)O)CCN(CC(=O)O)CC2)CSSC[C@@H](C(=O)O)NC(=O)[C@H](CO)NC(=O)[C@H](Cc2ccccc2)NC1=O,P30872,P32745,6.767,7.6198,=,=,IC50,within
O=C1CC2(CCCC2)CC(=O)N1CCN1CCN(c2ccccc2F)CC1,P08908,P35348,7.8061,6.2007,=,=,Ki,within
COc1cc2c(cc1Br)C(C(C)C)CNCC2,P28335,P41595,6.7959,6.0,=,=,EC50,within
COc1ccccc1N1CCN(CCCNS(=O)(=O)c2ccc3ccccc3c2)CC1,P28335,P34969,6.618,7.699,=,=,IC50,within
COc1cc2c(CO)coc2cc1C,P48039,P49286,3.1549,3.284,=,=,EC50,within
COc1ccccc1N1CCN(CCN(C(=O)C23CCC(CF)(CC2)CC3)c2ccccn2)CC1,P21917,P34969,7.0757,7.1135,=,=,Ki,within
CN1CCC(=C2c3ccccc3C=Cc3ccccc32)CC1,P08912,P08913,8.4162,6.5482,=,=,IC50,within
CSc1ccc2c(c1)C(N1CCN(C)CC1)Cc1ccccc1S2,P50406,P34969,8.4318,9.912,=,=,Kb,within
CCCN1CCC(COc2nc3c(Cl)cccc3c3ccccc23)CC1,P50406,P08908,5.2037,5.0537,=,=,Ki,within
COc1ccc(C(=O)NC/C=C/CN2CCN(c3cccc(Cl)c3Cl)CC2)cc1,P14416,P35462,7.209,8.3197,=,=,EC50,within
N=C(N)NCCN(Cc1ccc2ccccc2c1)C(=O)CCc1c[nH]c2ccccc12,P33032,P32245,4.7696,3.8268,=,=,Ki,within
Cn1nnnc1CC1(C2CCCCC2)CCN(C(=O)[C@@H](Cc2ccc(Cl)cc2)NC(=O)[C@H]2Cc3ccccc3CN2)CC1,P41968,P33032,7.2291,6.8962,=,=,EC50,within
COc1ccccc1OCCNCC(CO)OC(c1ccccc1)c1ccccc1.O=C(O)C(=O)O,P25100,P08908,8.23,8.8099,=,=,Ki,within
O=S(=O)(NC1CCN(CCOc2cccc(F)c2)C1)c1ccc(F)c(F)c1,P50406,P14416,6.0218,6.2815,=,=,Ki,within
O=C(N[C@H]1CC[C@H](CCN2CCN(c3nccc4c3CCO4)CC2)CC1)C1(O)CCC1,P14416,P35462,6.0184,6.8821,=,=,Ki,within
O=C(O)c1ccc(S(=O)(=O)N2CCC(Nc3cnnc4ccc(C(c5ccc(Cl)cc5)c5ccc(Cl)cc5)cc34)CC2)o1,P21554,P34972,5.8914,5.2518,=,=,EC50,within
NC(=O)C1CCN(CCC(=O)Nc2ccc(-c3cn4c(=O)n(-c5ccccc5)nc4c(N)n3)cc2)CC1,P29274,P30542,7.1013,6.4318,=,=,Ki,within
COc1cc2c(cc1OC)[C@@H]1Cc3ccc(OC)c(OC)c3CN1CC2,P21728,P14416,5.7878,6.3468,=,=,IC50,within
CCCCCCCCc1ccc(CCC(N)(CO)COP(=O)(O)O)cc1,Q9H228,P21453,9.1135,10.2034,=,=,IC50,within
Cc1cc(C)nc(N2CC3CCN(C(=O)c4ccccc4-c4ccco4)CC32)n1,O43613,O43614,7.2147,8.3979,=,=,Ki,within
Br.CCCN1C[C@H](c2ccc(O)cc2)C[C@@H]2c3cc(O)c(O)cc3CC[C@H]21,P21728,P35462,6.0357,8.9586,=,=,Ki,within
O=S(=O)(Nc1ccc(CCNC[C@H](O)COc2ccc(O)cc2)cc1)c1ccccc1Cl,P08588,P13945,8.5229,7.2676,=,=,EC50,within
O=C(O)C(=O)O.OC1(c2ccc(Br)cc2)CCN(Cc2c[nH]c3cccc(OCCF)c23)CC1,P21917,P14416,6.1752,7.5575,=,=,Ki,within
Cn1nnc(-c2ccc3c(c2)c(C2CCN(CCN4CCOC4=O)CC2)cn3-c2ccc(F)cc2)n1,P28335,P21917,6.3872,5.2441,=,=,Ki,within
O=C(Nc1nn[nH]n1)c1ccc(Cn2nc(-c3ccc(OC(F)(F)F)cc3)cc2C2CCCCC2)cc1,P47871,P48546,6.8583,5.6778,=,=,IC50,within
CCCC(c1ccc(C(=O)NCCC(=O)O)cc1)n1nc(-c2cc(C(F)(F)F)ccc2OC)c2ccc(-c3ccc(OC(F)(F)F)cc3)cc21,P48546,P47871,5.8539,8.6259,=,=,IC50,within
NCCc1cn(S(=O)(=O)c2c(Cl)nc3sccn23)c2ccccc12.O=C(O)C(=O)O,Q5T601,P43220,5.3911,5.5198,=,=,IC50,within
O=C(O)CCNC(=O)c1ccc(CN(c2ccc3c(c2)CCCC3)c2nc(-c3ccc(C(F)(F)F)cc3)cs2)cc1,P47871,P48546,7.2161,6.3288,=,=,IC50,within
O=C(NCC(O)C(=O)O)c1ccc(CN(C(=O)Nc2cc(Cl)cc(Cl)c2)c2ccc(C3=CCCCC3)cc2)cc1,P48546,P47871,6.1543,7.8539,=,=,IC50,within
CC[C@H](C)[C@H](NC(=O)[C@H](Cc1ccccc1)NC(=O)[C@H](CCC(=O)O)NC(=O)[C@H](CCCCN)NC(=O)[C@H](C)NC(=O)[C@H](C)NC(=O)[C@H](CCC(N)=O)NC(=O)[C@H](CCC(=O)O)NC(=O)[C@H](CC(=O)O)NC(=O)[C@H](CC(C)C)NC(=O)[C@H](Cc1ccc(O)cc1)NC(=O)[C@H](CCCCN)NC(=O)[C@H](CO)NC(=O)[C@H](Cc1ccc(O)cc1)NC(=O)[C@H](CC(=O)O)NC(=O)[C@H](CO)NC(=O)[C@@H](NC(=O)[C@H](Cc1ccccc1)NC(=O)[C@@H](NC(=O)CNC(=O)[C@H](CCC(N)=O)NC(=O)[C@H](CO)N[C@@H](Cc1cnc[nH]1)C(=O)O)[C@@H](C)O)[C@@H](C)O)C(=O)N[C@@H](C)C(=O)N[C@@H](Cc1c[nH]c2ccccc12)C(=O)N[C@@H](CC(C)C)C(=O)N[C@@H](CCSC)C(=O)N[C@@H](CC(N)=O)C(=O)N[C@H](C(=O)O)[C@@H](C)O,P43220,P47871,10.585,10.1675,=,=,EC50,within
O=C(O)CCNC(=O)c1ccc(C(CCC(F)(F)F)Nc2cnn(-c3ccc(C(F)(F)F)cc3)c2)cc1,P47871,P48546,7.6198,5.9693,=,=,Ki,within
Cc1ncc(Cl)cc1C(=O)N[C@H]1CC[C@H](Cn2c(=O)n(CC(C)C)c3ccccc32)CC1,P34998,Q13324,7.7447,6.5287,=,=,IC50,within
CS(=O)(=O)c1cc(NC(=O)N(Cc2ccc(C(=O)NC[C@@H](O)C(=O)O)cc2)c2ccc(C3=CCCCC3)cc2)ccc1OC(F)(F)F,P47871,P48546,8.301,6.3036,=,=,IC50,within
CSCC[C@@H]1NC(=O)[C@H](CC(C)C)NC(=O)[C@H](Cc2c[nH]c3ccccc23)NC(=O)[C@@H](NC(=O)[C@@H](NC(=O)[C@H](Cc2ccccc2)NC(=O)[C@H](CC(=O)O)NC(=O)[C@H](CCC(N)=O)NC(=O)[C@H](C)NC(=O)[C@H](CCCNC(=N)N)NC(=O)[C@H](CCCNC(=N)N)NC(=O)[C@H](CO)NC(=O)[C@H](CC(=O)O)NC(=O)[C@H](CC(C)C)NC(=O)[C@H](Cc2ccc(O)cc2)NC(=O)[C@H](CCCCN)NC(=O)[C@H](CO)NC(=O)[C@H](Cc2ccc(O)cc2)NC(=O)[C@H](CC(=O)O)NC(=O)[C@H](CO)NC(=O)[C@@H](NC(=O)[C@H](Cc2ccccc2)NC(=O)[C@@H](NC(=O)CNC(=O)[C@H](CCC(N)=O)NC(=O)[C@H](CO)N[C@@H](Cc2cnc[nH]2)C(=O)O)[C@@H](C)O)[C@@H](C)O)C(C)C)CCC(=O)NCCCC[C@@H](C(=O)N[C@H](C(=O)O)[C@@H](C)O)NC1=O,P47871,P43220,10.1192,9.7447,=,=,EC50,within
C[C@H](c1ccc(C(=O)NCCC(=O)O)cc1)N1C(=O)C(c2ccc(F)cc2)=N[C@]12CC[C@@H](C(C)(C)C)CC2,P47871,P43220,6.7186,5.1079,=,=,IC50,within
CC[C@H](C)[C@H](NC(=O)[C@H](C)NC(=O)[C@H](CC(N)=O)NC(=O)CC(CC(C)C)NC(=O)[C@H](Cc1ccc(O)cc1)NC(=O)[C@H](CCCCN)NC(=O)[C@H](CCCCN)NC(=O)CC(NC(=O)[C@H](C)NC(=O)[C@H](CC(C)C)NC(=O)[C@H](CCC(N)=O)NC(=O)CC(CCCCN)NC(=O)[C@H](CCCNC(=N)N)NC(=O)[C@H](CC(C)C)NC(=O)[C@H](CCCNC(=N)N)NC(=O)CC(NC(=O)[C@H](Cc1ccc(O)cc1)NC(=O)[C@H](CC(N)=O)NC(=O)[C@H](CC(=O)O)NC(=O)[C@@H](NC(=O)[C@H](Cc1ccccc1)NC(=O)[C@@H](NC(=O)[C@H](C)NC(=O)[C@H](CC(=O)O)NC(=O)[C@H](CO)NC(=O)[C@@H](N)Cc1cnc[nH]1)C(C)C)[C@@H](C)O)C(C)O)C(C)C)C(=O)NC(CC(=O)N[C@@H](CC(N)=O)C(=O)O)CC(C)C,P32241,P41587,8.3266,2.0829,=,=,EC50,within
CCCCCCN1C(=O)CC(SC[C@H](NC(=O)[C@H](CO)NC(=O)[C@H](CC(=O)O)NC(=O)[C@H](CC(C)C)NC(=O)[C@H](Cc2ccc(O)cc2)NC(=O)[C@H](CCCCN)NC(=O)[C@H](CO)NC(=O)[C@H](Cc2ccc(O)cc2)NC(=O)[C@H](CC(=O)O)NC(=O)[C@H](CO)NC(=O)[C@@H](NC(=O)[C@H](Cc2ccccc2)NC(=O)[C@@H](NC(=O)CNC(=O)[C@H](CCC(N)=O)NC(=O)[C@H](CO)NC(=O)[C@@H](N)Cc2cnc[nH]2)[C@@H](C)O)[C@@H](C)O)C(=O)N[C@@H](CCCNC(=N)N)C(=O)N[C@@H](C)C(=O)N[C@@H](CCC(N)=O)C(=O)N[C@@H](CC(=O)O)C(=O)N[C@@H](Cc2ccccc2)C(=O)N[C@H](C(=O)N[C@@H](CCC(N)=O)C(=O)N[C@@H](Cc2c[nH]c3ccccc23)C(=O)N[C@@H](CC(C)C)C(=O)N[C@@H](CCSC)C(=O)N[C@@H](CC(N)=O)C(=O)N[C@H](C(N)=O)[C@@H](C)O)C(C)C)C1=O,P47871,P43220,8.8894,8.7959,=,=,EC50,within
Cc1ncc(Cl)cc1C(=O)N[C@H]1CC[C@@H](Cn2nc(-c3ccc(F)cc3)cc2C)CC1,P34998,Q13324,6.7447,5.3344,=,=,IC50,within
CCCCCCCCCCCCCCCC(=O)N[C@@H](CCC(=O)N[C@@H](CCC(=O)NCCCC[C@H](NC(=O)[C@H](CC(=O)O)NC(=O)[C@H](CO)NC(=O)[C@@H](NC(=O)[C@H](Cc1ccccc1)NC(=O)[C@@H](NC(=O)CNC(=O)[C@H](CCC(N)=O)NC(=O)[C@@H](CO)NC(=O)[C@@H](N)Cc1c[nH]cn1)[C@@H](C)O)[C@@H](C)O)C(=O)N[C@@H](CO)C(=O)N[C@@H](CCCCN)C(=O)N[C@@H](Cc1ccc(O)cc1)C(=O)N[C@@H](CC(C)C)C(=O)N[C@@H](CC(=O)O)C(=O)N[C@@H](CCC(=O)O)C(=O)N[C@@H](CCCNC(=N)N)C(=O)N[C@@H](C)C(=O)N[C@@H](C)C(=O)N[C@@H](CCC(N)=O)C(=O)N[C@@H](CC(=O)O)C(=O)N[C@@H](Cc1ccccc1)C(=O)N[C@H](C(=O)N[C@@H](CCCCN=[N+]=[N-])C(=O)N[C@@H](Cc1c[nH]c2ccccc12)C(=O)N[C@@H](CC(C)C)C(=O)N[C@@H](CC(C)C)C(=O)N[C@@H](CC(=O)O)C(=O)N[C@H](C(N)=O)[C@@H](C)O)C(C)C)C(=O)O)C(=O)O,P47871,P43220,10.7212,10.3188,=,=,EC50,within
CSCC[C@H](NC(=O)[C@H](CC(C)C)NC(=O)[C@H](Cc1c[nH]c2ccccc12)NC(=O)[C@H](CCC(N)=O)NC(=O)[C@@H](NC(=O)[C@H](Cc1ccccc1)NC(=O)[C@H](CC(=O)O)NC(=O)[C@H](CCC(N)=O)NC(=O)[C@H](C)NC(=O)[C@H](CCCNC(=N)N)NC(=O)[C@H](CCCNC(=N)N)NC(=O)[C@H](CO)NC(=O)[C@H](CS)NC(=O)[C@H](CC(C)C)NC(=O)[C@H](Cc1ccc(O)cc1)NC(=O)[C@H](CCCCN)NC(=O)[C@H](CO)NC(=O)[C@H](Cc1ccc(O)cc1)NC(=O)[C@H](CC(=O)O)NC(=O)[C@H](CO)NC(=O)[C@@H](NC(=O)[C@H](Cc1ccccc1)NC(=O)[C@@H](NC(=O)CNC(=O)[C@H](CCC(N)=O)NC(=O)[C@H](CO)NC(=O)[C@@H](N)Cc1cnc[nH]1)[C@@H](C)O)[C@@H](C)O)C(C)C)C(=O)N[C@@H](CC(N)=O)C(=O)N[C@H](C(N)=O)[C@@H](C)O,P43220,P47871,8.8539,9.3372,=,=,EC50,within
CC(C)C[C@H](NC(=O)[C@H](CC(C)C)NC(=O)[C@H](Cc1c[nH]c2ccccc12)NC(=O)[C@H](CCC(N)=O)NC(=O)[C@@H](NC(=O)[C@H](Cc1ccccc1)NC(=O)[C@H](CC(C)C)NC(=O)[C@H](CSCC(=O)NCCCC[C@H](NC(=O)CC[C@H](NC(=O)CC[C@H](NC(=O)COCCOCCNC(=O)CCCCCCCCCCCCCCCCCCC(=O)O)C(=O)O)C(=O)O)C(=O)O)NC(=O)[C@H](C)NC(=O)[C@H](C)NC(=O)[C@H](CCC(N)=O)NC(=O)[C@H](CCCCN)NC(=O)[C@H](CCC(=O)O)NC(=O)[C@H](CC(C)C)NC(=O)[C@H](Cc1ccc(O)cc1)NC(=O)[C@H](Cc1ccc(O)cc1)NC(=O)[C@H](CO)NC(=O)[C@H](Cc1ccc(O)cc1)NC(=O)[C@H](CC(=O)O)NC(=O)[C@H](CO)NC(=O)[C@@H](NC(=O)[C@H](Cc1ccccc1)NC(=O)[C@@H](NC(=O)CNC(=O)[C@H](CCC(=O)O)NC(=O)C(C)(C)NC(=O)[C@@H](N)Cc1ccc(O)cc1)[C@@H](C)O)[C@@H](C)O)C(C)C)C(=O)N[C@@H](C)C(=O)NCC(=O)NCC(=O)N1CCC[C@H]1C(=O)N[C@@H](CO)C(=O)N[C@@H](CO)C(=O)NCC(=O)N[C@@H](C)C(=O)N1CCC[C@H]1C(=O)N1CCC[C@H]1C(=O)N1CCC[C@H]1C(=O)N[C@@H](CO)C(N)=O,P48546,P43220,9.1367,8.9031,=,=,EC50,within
Cc1ncc(Cl)cc1C(=O)N[C@H]1CC[C@H](CN2C(=O)C(C)(C)c3ccc(Cl)cc32)CC1,Q13324,P34998,5.3354,7.8539,=,=,IC50,within
CC[C@H](C)[C@H](NC(=O)[C@H](Cc1ccccc1)NC(=O)[C@H](CC(C)C)NC(=O)[C@H](CCCNC(=N)N)NC(=O)[C@@H](NC(=O)[C@H](C)NC(=O)[C@H](CCC(=O)O)NC(=O)[C@H](CCC(=O)O)NC(=O)[C@H](CCC(=O)O)NC(=O)[C@H](CCSC)NC(=O)[C@H](CCC(N)=O)NC(=O)[C@H](CCCCN)NC(=O)[C@H](CO)NC(=O)[C@H](CC(C)C)NC(=O)[C@H](CC(=O)O)NC(=O)[C@H](CO)NC(=O)[C@@H](NC(=O)[C@H](Cc1ccccc1)NC(=O)[C@@H](NC(=O)CNC(=O)[C@H](CCC(N)=O)NC(=O)[C@H](CO)NC(=O)[C@@H](N)Cc1cnc[nH]1)[C@@H](C)O)[C@@H](C)O)C(C)C)C(=O)N[C@@H](CCC(=O)O)C(=O)N[C@@H](Cc1c[nH]c2ccccc12)C(=O)N[C@@H](CC(C)C)C(=O)N[C@@H](CCSC)C(=O)N[C@@H](CC(N)=O)C(=O)N[C@H](C(=O)N[C@@H](CCCCN)C(=O)N[C@@H](CCCNC(=N)N)C(=O)N[C@@H](CC(N)=O)C(=O)N[C@@H](CCCNC(=N)N)C(=O)NCC(=O)N[C@@H](C)C(=O)N1CCC[C@H]1C(=O)N1CCC[C@H]1C(=O)N1CCC[C@H]1C(=O)N[C@@H](CO)C(N)=O)[C@@H](C)O,P47871,P43220,8.9066,11.6576,=,=,EC50,within
CC[C@H](C)[C@H](NC(=O)CNC(=O)[C@H](CC(=O)O)NC(=O)[C@H](CO)NC(=O)[C@@H](N)Cc1cnc[nH]1)C(=O)N[C@@H](Cc1ccccc1)C(=O)N[C@H](C(=O)N[C@@H](CC(=O)O)C(=O)N[C@@H](CO)C(=O)N[C@@H](Cc1ccc(O)cc1)C(=O)N[C@@H](CO)C(=O)N[C@@H](CCCNC(=N)N)C(=O)N[C@@H](Cc1ccc(O)cc1)C(=O)N[C@@H](CCCNC(=N)N)C(=O)N[C@@H](CCCCN)C(=O)N[C@@H](CCC(N)=O)C(=O)N[C@@H](CCSC)C(=O)N[C@@H](C)C(=O)N[C@H](C(=O)N[C@@H](CCCCN)C(=O)N[C@@H](CCCCN)C(=O)N[C@@H](Cc1ccc(O)cc1)C(=O)N[C@@H](CC(C)C)C(=O)N[C@@H](C)C(=O)N[C@@H](C)C(=O)N[C@H](C(=O)N[C@@H](CC(C)C)C(=O)O)C(C)C)C(C)C)[C@@H](C)O,P41587,P32241,7.8861,7.9208,=,=,IC50,within
CC[C@H](C)[C@H](NC(=O)[C@H](Cc1ccccc1)NC(=O)[C@H](CC(=O)O)NC(=O)[C@H](CCC(N)=O)NC(=O)[C@H](C)NC(=O)[C@H](CCCNC(=N)N)NC(=O)[C@H](CCCNC(=N)N)NC(=O)[C@H](CO)NC(=O)[C@H](CC(=O)O)NC(=O)[C@]1(C)CCC/C=C\CCC[C@](C)(NC(=O)[C@H](CC(=O)O)NC(=O)[C@H](CO)NC(=O)[C@@H](NC(=O)[C@H](Cc2ccccc2)NC(=O)[C@@H](NC(=O)CNC(=O)[C@H](CCC(N)=O)NC(=O)[C@H](CO)NC(=O)[C@@H](N)Cc2cnc[nH]2)[C@@H](C)O)[C@@H](C)O)C(=O)N[C@@H](CO)C(=O)N[C@@H](CCCCN)C(=O)N[C@@H](CCC(N)=O)C(=O)N1)C(=O)N[C@@H](CCC(=O)O)C(=O)N[C@@H](Cc1c[nH]c2ccccc12)C(=O)N[C@@H](CC(C)C)C(=O)N[C@@H](CCCCN)C(=O)N[C@@H](CC(N)=O)C(=O)NCC(=O)NCC(=O)N1CCC[C@H]1C(=O)N[C@@H](CO)C(=O)N[C@@H](CO)C(=O)NCC(=O)N[C@@H](C)C(=O)N1CCC[C@H]1C(=O)N1CCC[C@H]1C(=O)N1CCC[C@H]1C(=O)N[C@@H](CO)C(N)=O,P43220,P47871,11.1308,11.6383,=,=,EC50,within
CC[C@H](C)[C@H](NC(=O)[C@H](CCCCNC(=O)COCCOCCNC(=O)COCCOCCNC(=O)CC[C@H](NC(=O)CCCCCCCCCCCCCCCCCCC(=O)O)C(=O)O)NC(=O)[C@H](CCC(=O)O)NC(=O)[C@H](CCSC)NC(=O)[C@H](C)NC(=O)[C@H](CCCNC(=N)N)NC(=O)[C@H](CO)NC(=O)[C@H](CCSC)NC(=O)[C@H](CC(=O)O)NC(=O)[C@H](CO)NC(=O)[C@@H](NC(=O)[C@H](Cc1ccccc1)NC(=O)[C@@H](NC(=O)CNC(=O)[C@H](CCC(N)=O)NC(=O)C(C)(C)NC(=O)[C@@H](N)Cc1c[nH]cn1)[C@@H](C)O)[C@@H](C)O)C(=O)N[C@@H](C)C(=O)N[C@H](C(=O)N[C@@H](CCCNC(=N)N)C(=O)N[C@@H](CC(C)C)C(=O)N[C@@H](Cc1ccccc1)C(=O)N[C@H](C(=O)N[C@@H](CC(=O)O)C(=O)N[C@@H](Cc1c[nH]c2ccccc12)C(=O)N[C@@H](CC(C)C)C(=O)N[C@H](C(=O)N[C@@H](CCC(=O)O)C(=O)NCC(=O)NCC(=O)N1CCC[C@H]1C(=O)N[C@@H](CO)C(=O)N[C@@H](CO)C(=O)NCC(=O)N[C@@H](C)C(=O)N1CCC[C@H]1C(=O)N1CCC[C@H]1C(=O)N1CCC[C@H]1C(=O)N[C@@H](CO)C(N)=O)[C@@H](C)CC)C(C)C)C(C)C,P47871,P48546,9.0969,9.0506,=,=,EC50,within
O=C(O)CCNC(=O)c1ccc(CN(c2ccc3c(c2)CCC3)c2nc(-c3ccc(OC(F)(F)F)cc3)cs2)cc1,P47871,P48546,7.0442,6.0679,=,=,IC50,within
C[C@H](c1ccc(C(=O)NCCC(=O)O)cc1)N1C(=O)C(c2cccc(C(F)(F)F)c2)=N[C@]12CC[C@@H](C(C)(C)C)CC2,P43220,P47871,5.2007,6.3478,=,=,IC50,within
O=C(O)CCNC(=O)c1ccc(C(CCC(F)(F)F)Nc2cnn(-c3ccc(C(F)(F)F)cc3)c2)cc1,P48546,P43220,5.9693,5.7315,=,=,Ki,within
CSCC[C@H](NC(=O)[C@H](CC(C)C)NC(=O)[C@H](Cc1c[nH]c2ccccc12)NC(=O)[C@H](CCC(N)=O)NC(=O)[C@@H](NC(=O)[C@H](Cc1ccccc1)NC(=O)[C@H](CC(=O)O)NC(=O)[C@H](CCC(N)=O)NC(=O)[C@H](C)NC(=O)[C@H](CCCNC(=N)N)NC(=O)[C@H](CCCNC(=N)N)NC(=O)[C@H](CC(=O)O)NC(=O)[C@H](CC(=O)O)NC(=O)[C@H](CC(C)C)NC(=O)[C@H](Cc1ccc(O)cc1)NC(=O)[C@H](CCCCN)NC(=O)[C@H](CO)NC(=O)[C@H](Cc1ccc(O)cc1)NC(=O)[C@H](CC(=O)O)NC(=O)[C@H](CO)NC(=O)[C@@H](NC(=O)[C@H](Cc1ccccc1)NC(=O)[C@@H](NC(=O)CNC(=O)[C@H](CCC(N)=O)NC(=O)[C@H](CO)N[C@@H](Cc1cnc[nH]1)C(=O)O)[C@@H](C)O)[C@@H](C)O)C(C)C)C(=O)N[C@@H](CC(N)=O)C(=O)N[C@H](C(N)=O)[C@@H](C)O,P43220,P47871,9.2441,10.1675,=,=,EC50,within
CCCCC(NC(=O)[C@H](CCC(=O)O)NC(=O)[C@H](CC(=O)O)NC(=O)[C@H](CO)NC(=O)[C@H](Cc1ccccc1)NC(=O)[C@H](CO)NC(=O)CNC(=O)[C@H](CC(=O)O)NC(=O)CNC(=O)[C@@H](N)Cc1cnc[nH]1)C(=O)N[C@H](Cc1ccccc1Cl)C(=O)N[C@H](C(=O)N[C@H](C(=O)N[C@@H](CC(C)C)C(=O)N[C@@H](CC(=O)O)C(=O)N[C@@H](CC(N)=O)C(=O)N[C@@H](CC(C)C)C(=O)N[C@@H](C)C(=O)N[C@@H](C)C(=O)N[C@@H](CCCNC(=N)N)C(=O)N[C@@H](CC(=O)O)C(=O)N[C@@H](Cc1ccccc1)C(=O)N[C@H](C(=O)N[C@@H](CC(N)=O)C(=O)N[C@@H](Cc1c[nH]c2ccccc12)C(=O)N[C@@H](CC(C)C)C(=O)N[C@H](C(=O)N[C@@H](CCC(N)=O)C(=O)N[C@H](C(=O)N[C@@H](CCCCN)C(N)=O)[C@@H](C)O)[C@@H](C)CC)[C@@H](C)CC)[C@@H](C)CC)[C@@H](C)O,O95838,P43220,9.9586,7.0,=,=,EC50,within
Cc1cc(N(Cc2ccc(C(=O)NCCC(=O)O)cc2)c2nc(-c3cc(C(F)(F)F)cc(C(F)(F)F)c3)cs2)ccc1C(C)C,P47871,P48546,6.8827,6.2336,=,=,IC50,within
CC(C)C[C@H](NC(=O)[C@H](CC(C)C)NC(=O)[C@H](Cc1c[nH]c2ccccc12)NC(=O)[C@H](CCC(N)=O)NC(=O)[C@@H](NC(=O)[C@H](Cc1ccccc1)NC(=O)[C@H](CC(C)C)NC(=O)[C@H](CCCCN)NC(=O)[C@H](C)NC(=O)[C@H](C)NC(=O)[C@H](CCC(N)=O)NC(=O)[C@H](CCCCN)NC(=O)[C@H](CCC(=O)O)NC(=O)[C@H](CC(C)C)NC(=O)[C@H](CS)NC(=O)[C@H](Cc1ccc(O)cc1)NC(=O)[C@H](CO)NC(=O)[C@H](Cc1ccc(O)cc1)NC(=O)[C@H](CC(=O)O)NC(=O)[C@H](CO)NC(=O)[C@@H](NC(=O)[C@H](Cc1ccccc1)NC(=O)[C@@H](NC(=O)CNC(=O)[C@H](CCC(=O)O)NC(=O)C(C)(C)NC(=O)[C@@H](N)Cc1ccc(O)cc1)[C@@H](C)O)[C@@H](C)O)C(C)C)C(=O)N[C@@H](C)C(=O)NCC(=O)NCC(=O)N1CCC[C@H]1C(=O)N[C@@H](CO)C(=O)N[C@@H](CO)C(=O)NCC(=O)N[C@@H](C)C(=O)N1CCC[C@H]1C(=O)N1CCC[C@H]1C(=O)N1CCC[C@H]1C(=O)N[C@@H](CO)C(N)=O,P43220,P48546,9.3768,9.4089,=,=,EC50,within
CC(C)C[C@H](NC(=O)[C@H](CC(C)C)NC(=O)[C@H](Cc1c[nH]c2ccccc12)NC(=O)[C@H](CSCC(=O)NCCCC[C@H](NC(=O)[C@@H](N)CCCCNC(=O)[C@@H](N)CCCCNC(=O)CC[C@H](NC(=O)CCCCCCCCCCCCCCCCCCC(=O)O)C(=O)O)C(=O)O)NC(=O)[C@@H](NC(=O)[C@H](Cc1ccccc1)NC(=O)[C@H](CC(C)C)NC(=O)[C@H](CCCCN)NC(=O)[C@H](C)NC(=O)[C@H](C)NC(=O)[C@H](CCC(N)=O)NC(=O)[C@H](CCCCN)NC(=O)[C@H](CCC(=O)O)NC(=O)[C@H](CC(C)C)NC(=O)[C@H](Cc1ccc(O)cc1)NC(=O)[C@H](Cc1ccc(O)cc1)NC(=O)[C@H](CO)NC(=O)[C@H](Cc1ccc(O)cc1)NC(=O)[C@H](CC(=O)O)NC(=O)[C@H](CO)NC(=O)[C@@H](NC(=O)[C@H](Cc1ccccc1)NC(=O)[C@@H](NC(=O)CNC(=O)[C@H](CCC(=O)O)NC(=O)C(C)(C)NC(=O)[C@@H](N)Cc1ccc(O)cc1)[C@@H](C)O)[C@@H](C)O)C(C)C)C(=O)N[C@@H](C)C(=O)NCC(=O)NCC(=O)N1CCC[C@H]1C(=O)N[C@@H](CO)C(=O)N[C@@H](CO)C(=O)NCC(=O)N[C@@H](C)C(=O)N1CCC[C@H]1C(=O)N1CCC[C@H]1C(=O)N1CCC[C@H]1C(=O)N[C@@H](CO)C(N)=O,P43220,P48546,9.5376,8.1427,=,=,EC50,within
CC(C)C[C@H](NC(=O)[C@H](CC(C)C)NC(=O)[C@H](Cc1c[nH]c2ccccc12)NC(=O)[C@H](CCC(N)=O)NC(=O)[C@@H](NC(=O)[C@H](Cc1ccccc1)NC(=O)[C@H](CC(C)C)NC(=O)[C@H](CSCC(=O)NCCCC[C@H](NC(=O)CC[C@H](NC(=O)CC[C@H](NC(=O)COCCOCCNC(=O)CCCCCCCCCCCCCCCCC(=O)O)C(=O)O)C(=O)O)C(=O)O)NC(=O)[C@H](C)NC(=O)[C@H](C)NC(=O)[C@H](CCC(N)=O)NC(=O)[C@H](CCCCN)NC(=O)[C@H](CCC(=O)O)NC(=O)[C@H](CC(C)C)NC(=O)[C@H](Cc1ccc(O)cc1)NC(=O)[C@H](Cc1ccc(O)cc1)NC(=O)[C@H](CO)NC(=O)[C@H](Cc1ccc(O)cc1)NC(=O)[C@H](CC(=O)O)NC(=O)[C@H](CO)NC(=O)[C@@H](NC(=O)[C@H](Cc1ccccc1)NC(=O)[C@@H](NC(=O)CNC(=O)[C@H](CCC(=O)O)NC(=O)C(C)(C)NC(=O)[C@@H](N)Cc1ccc(O)cc1)[C@@H](C)O)[C@@H](C)O)C(C)C)C(=O)N[C@@H](C)C(=O)NCC(=O)NCC(=O)N1CCC[C@H]1C(=O)N[C@@H](CO)C(=O)N[C@@H](CO)C(=O)NCC(=O)N[C@@H](C)C(=O)N1CCC[C@H]1C(=O)N1CCC[C@H]1C(=O)N1CCC[C@H]1C(=O)N[C@@H](CO)C(N)=O,P48546,P43220,9.1739,8.9914,=,=,EC50,within
CC[C@H](C)[C@H](NC(=O)[C@H](CCCCNC(=O)COCCOCCNC(=O)COCCOCCNC(=O)CC[C@H](NC(=O)CCCCCCCCCCCCCCCCCCC(=O)O)C(=O)O)NC(=O)[C@H](CCC(=O)O)NC(=O)[C@H](CCSC)NC(=O)[C@H](C)NC(=O)[C@H](CCCNC(=N)N)NC(=O)[C@H](CO)NC(=O)[C@H](CCSC)NC(=O)[C@H](CC(=O)O)NC(=O)[C@H](CO)NC(=O)[C@@H](NC(=O)[C@H](Cc1ccccc1)NC(=O)[C@@H](NC(=O)CNC(=O)[C@H](CCC(N)=O)NC(=O)C(C)(C)NC(=O)[C@@H](N)Cc1c[nH]cn1)[C@@H](C)O)[C@@H](C)O)C(=O)N[C@@H](C)C(=O)N[C@H](C(=O)N[C@@H](CCCNC(=N)N)C(=O)N[C@@H](CC(C)C)C(=O)N[C@@H](Cc1ccccc1)C(=O)N[C@H](C(=O)N[C@@H](CC(=O)O)C(=O)N[C@@H](Cc1c[nH]c2ccccc12)C(=O)N[C@@H](CC(C)C)C(=O)N[C@H](C(=O)N[C@@H](CCC(=O)O)C(=O)NCC(=O)NCC(=O)N1CCC[C@H]1C(=O)N[C@@H](CO)C(=O)N[C@@H](CO)C(=O)NCC(=O)N[C@@H](C)C(=O)N1CCC[C@H]1C(=O)N1CCC[C@H]1C(=O)N1CCC[C@H]1C(=O)N[C@@H](CO)C(N)=O)[C@@H](C)CC)C(C)C)C(C)C,P48546,P43220,9.0506,10.699,=,=,EC50,within
CC[C@H](C)[C@H](NC(=O)[C@H](CO)NC(=O)[C@H](CCSC)NC(=O)[C@H](CC(=O)O)NC(=O)[C@H](CO)NC(=O)CNC(=O)[C@H](Cc1ccccc1)NC(=O)[C@H](CO)NC(=O)CNC(=O)[C@H](CCC(=O)O)NC(=O)CNC(=O)[C@@H](N)Cc1cnc[nH]1)C(=O)N[C@@H](C)C(=O)N[C@@H](CC(C)C)C(=O)N[C@@H](CC(=O)O)C(=O)N[C@@H](CCCCN)C(=O)N[C@@H](CC(C)C)C(=O)N[C@@H](C)C(=O)N[C@@H](C)C(=O)N[C@@H](CCCNC(=N)N)C(=O)N[C@@H](CC(=O)O)C(=O)N[C@@H](Cc1ccccc1)C(=O)N[C@H](C(=O)N[C@@H](CC(N)=O)C(=O)N[C@@H](Cc1c[nH]c2ccccc12)C(=O)N[C@@H](CC(C)C)C(=O)N[C@@H](CC(C)C)C(=O)N[C@@H](CCC(N)=O)C(=O)N[C@H](C(=O)N[C@@H](CCCCN)C(=O)N[C@H](C(=O)N[C@H](C(=O)N[C@@H](CC(=O)O)C(N)=O)[C@@H](C)O)[C@@H](C)CC)[C@@H](C)O)C(C)C,O95838,P48546,9.3565,8.9245,=,=,IC50,within
CC[C@H](C)[C@H](NC(=O)[C@H](CCCCNC(=O)COCCOCCNC(=O)COCCOCCNC(=O)CC[C@H](NC(=O)CCCCCCCCCCCCCCCCCCC(=O)O)C(=O)O)NC(=O)[C@H](CCC(=O)O)NC(=O)[C@H](CCSC)NC(=O)[C@H](C)NC(=O)[C@H](CCCNC(=N)N)NC(=O)[C@H](CO)NC(=O)[C@H](CCSC)NC(=O)[C@H](CC(=O)O)NC(=O)[C@H](CO)NC(=O)[C@@H](NC(=O)[C@H](Cc1ccccc1)NC(=O)[C@@H](NC(=O)CNC(=O)[C@H](CCC(N)=O)NC(=O)C(C)(C)NC(=O)[C@@H](N)Cc1c[nH]cn1)[C@@H](C)O)[C@@H](C)O)C(=O)N[C@@H](C)C(=O)N[C@H](C(=O)N[C@@H](CCCNC(=N)N)C(=O)N[C@@H](CC(C)C)C(=O)N[C@@H](Cc1ccccc1)C(=O)N[C@H](C(=O)N[C@@H](CC(=O)O)C(=O)N[C@@H](Cc1c[nH]c2ccccc12)C(=O)N[C@@H](CC(C)C)C(=O)N[C@H](C(=O)N[C@@H](CCC(=O)O)C(=O)NCC(=O)NCC(=O)N1CCC[C@H]1C(=O)N[C@@H](CO)C(=O)N[C@@H](CO)C(=O)NCC(=O)N[C@@H](C)C(=O)N1CCC[C@H]1C(=O)N1CCC[C@H]1C(=O)N1CCC[C@H]1C(=O)N[C@@H](CO)C(N)=O)[C@@H](C)CC)C(C)C)C(C)C,P43220,P47871,10.699,9.0969,=,=,EC50,within
CCc1[nH]nc(NC[C@H]2CC[C@H](NC(=O)c3cc(Cl)cnc3C)CC2)c1C,Q13324,P34998,5.3118,6.8729,=,=,IC50,within
CC[C@H](C)[C@H](NC(=O)[C@H](Cc1ccccc1)NC(=O)[C@H](CC(=O)O)NC(=O)[C@H](CCCNC(=N)N)NC(=O)[C@H](C)NC(=O)[C@H](C)NC(=O)[C@H](CCC(N)=O)NC(=O)CNC(=O)[C@H](CC(=O)O)NC(=O)[C@H](CC(C)C)NC(=O)[C@@H](NC(=O)[C@@H](NC(=O)[C@H](C)NC(=O)[C@H](CC(C)C)NC(=O)[C@H](CCC(=O)O)NC(=O)[C@H](CO)NC(=O)[C@H](CO)NC(=O)[C@H](Cc1ccccc1)NC(=O)[C@H](CO)NC(=O)CNC(=O)[C@H](CC(=O)O)NC(=O)CNC(=O)[C@@H](N)Cc1cnc[nH]1)[C@@H](C)O)[C@@H](C)CC)C(=O)N[C@@H](C)C(=O)N[C@@H](Cc1c[nH]c2ccccc12)C(=O)N[C@@H](CC(C)C)C(=O)N[C@H](C(=O)N[C@@H](CCC(N)=O)C(=O)N[C@H](C(=O)N[C@@H](CCCCN)C(=O)N[C@H](C(=O)N[C@H](C(=O)N[C@@H](CC(=O)O)C(=O)O)[C@@H](C)O)[C@@H](C)CC)[C@@H](C)O)[C@@H](C)CC,O95838,P43220,9.699,9.4685,=,=,EC50,within
CC[C@H](C)[C@H](NC(=O)[C@H](Cc1ccccc1)NC(=O)[C@H](CC(=O)O)NC(=O)[C@H](CCC(N)=O)NC(=O)[C@H](C)NC(=O)[C@H](CCCNC(=N)N)NC(=O)[C@H](CCCNC(=N)N)NC(=O)[C@H](CO)NC(=O)[C@H](CC(=O)O)NC(=O)[C@H](CCSC)NC(=O)[C@H](CCC(N)=O)NC(=O)[C@H](CCCCN)NC(=O)[C@H](CO)NC(=O)[C@H](CC(C)C)NC(=O)[C@H](CC(=O)O)NC(=O)[C@H](CO)NC(=O)[C@@H](NC(=O)[C@H](Cc1ccccc1)NC(=O)[C@@H](NC(=O)CNC(=O)[C@H](CCC(N)=O)NC(=O)[C@H](CO)NC(=O)[C@@H](N)Cc1cnc[nH]1)[C@@H](C)O)[C@@H](C)O)C(=O)N[C@@H](CCC(=O)O)C(=O)N[C@@H](Cc1c[nH]c2ccccc12)C(=O)N[C@@H](CC(C)C)C(=O)N[C@@H](CCCCN)C(=O)N[C@@H](CC(N)=O)C(=O)NCC(=O)NCC(=O)N1CCC[C@H]1C(=O)N[C@@H](CO)C(=O)N[C@@H](CO)C(N)=O,P47871,P43220,11.0506,10.8153,=,=,EC50,within
CC[C@H](C)[C@H](NC(=O)[C@H](CC(C)C)NC(=O)[C@H](Cc1c[nH]c2ccccc12)NC(=O)[C@H](CCC(=O)O)NC(=O)[C@@H](NC(=O)[C@H](Cc1ccccc1)NC(=O)[C@H](CC(=O)O)NC(=O)[C@H](CCC(N)=O)NC(=O)[C@H](C)NC(=O)[C@H](CCCNC(=N)N)NC(=O)[C@H](CCCNC(=N)N)NC(=O)[C@H](CO)NC(=O)[C@H](CC(=O)O)NC(=O)[C@H](CC(C)C)NC(=O)[C@H](Cc1ccc(O)cc1)NC(=O)[C@H](CCC(=O)O)NC(=O)[C@@H](NC(=O)[C@@H](NC(=O)[C@H](CC(=O)O)NC(=O)[C@H](CC(N)=O)NC(=O)[C@@H](NC(=O)[C@H](Cc1ccc(O)cc1)NC(=O)[C@@H](NC(=O)CNC(=O)[C@H](CCC(N)=O)NC(=O)[C@H](CO)NC(=O)[C@@H](N)Cc1c[nH]cn1)[C@@H](C)O)[C@@H](C)O)C(C)C)[C@@H](C)O)[C@@H](C)CC)C(=O)N[C@@H](CCCCN)C(=O)NCC(=O)N[C@@H](CCCCN)C(N)=O,P47871,P43220,8.585,9.9208,=,=,EC50,within
CCc1ccc(OCc2ccccc2C(=O)Nc2ccc3nc(C)cc(N)c3c2)cc1.Cl,P43220,Q5T601,5.4129,5.5468,=,=,IC50,within
Cc1ncc(Cl)cc1C(=O)N[C@H]1CC[C@H](CN2C(=O)C(C)(F)c3ccc(Cl)cc32)CC1,Q13324,P34998,6.0575,7.3565,=,=,IC50,within
CC(N)(C(=O)O)c1ccc(C(=O)O)cc1,Q13255,Q14416,3.7843,3.8805,=,=,Ki,within
N[C@]1(C(=O)O)C2C(C[C@H]1O)[C@@H]2C(=O)O,Q14832,O00222,7.0,4.8239,=,=,Ki,within
C[C@@H](C[C@H](N)C(=O)O)C(=O)O,Q14416,Q13255,5.699,5.0,=,=,Ki,within
Cc1ccoc1C(=O)Nc1cc(F)c(N2C(=O)c3cccc(Cl)c3C2=O)c(F)c1F,Q14831,Q14833,6.6968,6.7282,=,=,EC50,within
N[C@@]1(C(=O)O)C[C@H](NC(=O)C2CCCCC2)[C@H]2[C@H](C(=O)O)[C@H]21,Q14832,Q14416,5.0004,4.9208,=,=,IC50,within
C[C@@H](C[C@H](N)C(=O)O)C(=O)O,Q13255,Q14833,5.0,3.3279,=,=,Ki,within
CN(C)c1ccnc2sc3c(=O)n(C4CCCCCC4)cnc3c12,Q13255,P41594,9.0,6.8327,=,=,IC50,within
N[C@]1(C(=O)O)[C@H]2[C@@H](C[C@H]1OCc1ccc(Cl)c(Cl)c1)[C@]2(F)C(=O)O,Q14832,Q14416,8.3468,8.6576,=,=,Ki,within
Cc1ccoc1C(=O)Nc1ccc(N2C(=O)c3cccc(F)c3C2=O)cc1,Q13255,Q14833,7.3565,6.4179,=,=,EC50,within
CC1CCCC(n2cnc3c(sc4nccc(N(C)C)c43)c2=O)C1,P41594,Q13255,5.6655,6.317,=,=,IC50,within
Cc1cc(CO[C@@H]2[C@H](O)[C@H]3[C@H](C(=O)O)[C@H]3[C@]2(N)C(=O)O)ccc1F,Q14832,Q14416,7.0706,6.6676,=,=,IC50,within
Cc1c(-c2ccc3c(c2)CN(C2CC2)C3=O)nnn1-c1cccnc1F,Q13255,P41594,8.4559,5.2676,=,=,IC50,within
COc1cn(C2=NCC(=O)N3CCc4c(cccc4C4CC4)C3=C2)cn1,Q13255,P41594,6.2916,7.9586,=,=,IC50,within
N[C@]1(C(=O)O)C2C(C[C@H]1O)[C@@H]2C(=O)O,Q14833,Q14416,4.6576,6.9586,=,=,Ki,within
CS(=O)(=O)c1cccc(CC[C@](N)(C(=O)O)C2C[C@@H]2C(=O)O)c1.O,Q14416,Q14832,6.7212,6.7447,=,=,IC50,within
Cc1c(C2=CCN(C(=O)OC(C)C)CC2)nnn1-c1cccnc1F,Q13255,P41594,8.1427,7.3979,=,=,IC50,within
COc1ccc(-n2ccc3c(sc4nccc(N(C)C)c43)c2=O)cc1,Q13255,P41594,8.2007,5.335,=,=,IC50,within
NC(C(=O)O)c1ccc(C(=O)O)c(O)c1,Q14416,Q13255,4.3188,4.0485,=,=,IC50,within
Cc1ccoc1C(=O)Nc1cc(F)c(N2C(=O)c3cccc(Cl)c3C2=O)c(F)c1F,Q13255,Q14833,7.2518,6.7282,=,=,EC50,within
CN(C)c1ccnc2sc3c(=O)n(-c4ccc(Br)cc4)ccc3c12,P41594,Q13255,5.1055,8.2441,=,=,IC50,within
Cc1cc(SC[C@@H]2[C@@H](N)[C@H]3[C@H](C(=O)O)[C@H]3[C@]2(N)C(=O)O)ccc1F.Cl,Q14416,Q14832,7.3429,6.7878,=,=,IC50,within
N[C@@H](CCP(=O)(O)[C@H](O)c1cc(F)c(O)c([N+](=O)[O-])c1)C(=O)O,Q14833,O00222,5.6162,4.4647,=,=,EC50,within
CCOc1cc(C(O)P(=O)(O)CC[C@H](N)C(=O)O)cc([N+](=O)[O-])c1O,O00222,Q14833,4.699,5.0706,=,=,EC50,within
N[C@H]1[C@H]2[C@H](C(=O)O)[C@H]2[C@](N)(C(=O)O)[C@@H]1OCc1ccc(Cl)c(Cl)c1,Q14416,Q14832,5.9469,5.9706,=,=,IC50,within
N[C@]1(C(=O)O)[C@@H]2[C@@H](C(=O)O)[C@@H]2[C@@H](O)[C@H]1OCc1ccc(Cl)c(F)c1,Q14832,Q14416,6.8962,6.6478,=,=,IC50,within
CC(N)(C(=O)O)c1ccc(C(=O)O)cc1,Q14416,Q13255,3.8848,3.8097,=,=,IC50,within
N[C@@]1(C(=O)O)CC(=O)[C@H]2[C@H](C(=O)O)[C@H]21,O00222,Q14416,5.1851,9.7959,=,=,EC50,within
CCc1cn(C2=NCC(=O)N3CCc4c(cccc4-c4ccc(F)cc4)C3=C2)cn1,P41594,Q13255,7.9208,5.2291,=,=,IC50,within
CN(C)c1ccnc2sc3c(=O)n(-c4ccc5scnc5c4)ccc3c12,P41594,Q13255,5.8791,8.301,=,=,IC50,within
Cc1ccoc1C(=O)Nc1cc(F)c(N2C(=O)c3cccc(Cl)c3C2=O)c(F)c1F,Q13255,Q14831,7.2518,6.6968,=,=,EC50,within
N[C@@](CCc1ccc(F)cc1)(C(=O)O)C1C[C@@H]1C(=O)O,Q14416,Q14832,6.7447,6.6778,=,=,IC50,within
N[C@]1(C(=O)O)[C@@H]2[C@@H](C(=O)O)[C@@H]2[C@@H](O)[C@H]1OCc1cccc(Cl)c1,Q14416,Q14832,6.5528,6.7496,=,=,IC50,within
N[C@@H](CCP(=O)(O)[C@H](O)c1cc(F)c(O)c([N+](=O)[O-])c1)C(=O)O,O00222,Q14831,4.4647,4.4089,=,=,EC50,within
CCc1ccc(-n2cnc3c(sc4nccc(N(C)C)c43)c2=O)cc1,Q13255,P41594,8.5229,6.3546,=,=,IC50,within
CCNc1ncnc2sc3c(=O)n(-c4ccc(OC)cc4)cnc3c12,P41594,Q13255,5.0,8.1549,=,=,IC50,within
N[C@@H](CCP(=O)(O)Cc1cccc([N+](=O)[O-])c1)C(=O)O,O15303,Q14833,5.4949,6.2368,=,=,EC50,within
C[C@@H]1C[C@H]1C(=O)Nc1snc(-c2ccc3nn(C)cc3c2)c1-c1cccc(C2CCC2)n1.Cl,Q13255,P41594,6.163,7.2676,=,=,IC50,within
N[C@]1(C(=O)O)C2C(C[C@H]1O)[C@@H]2C(=O)O,Q14416,O00222,6.9586,4.8239,=,=,Ki,within
N[C@@H](CCP(=O)(O)[C@H](O)c1cc(F)c(O)c([N+](=O)[O-])c1)C(=O)O,Q14833,Q14831,5.6162,4.4089,=,=,EC50,within
N[C@@]1(C(=O)O)C[C@H](NC(=O)c2ccc(Cl)cc2)[C@H]2[C@H](C(=O)O)[C@H]21,Q14416,Q14832,6.8633,8.6402,=,=,Ki,within
O=C1Cc2ccc(-c3cccc(NC(=O)[C@H]4[C@@H](c5ccccc5)[C@H](C(=O)O)[C@@H]4c4ccccc4)c3)cc2N1,O15540,Q01469,5.8097,5.6478,=,=,Ki,within
O=C(O)[C@H]1CCCC[C@@H]1C(=O)Nc1sc2c(c1-c1nc(C3CC3)no1)CCCCC2,Q01469,P15090,6.3768,6.4202,=,=,IC50,within
CC1(C)Cc2c(sc(NC(=O)C3=C(C(=O)O)CCC3)c2-c2nc(C3CC3)no2)CO1,P15090,Q01469,6.7696,6.9208,=,=,IC50,within
O=C(O)c1ccccc1Nc1cccc(Cl)c1-c1ccccc1,P05413,Q01469,6.0,6.0555,=,=,Ki,within
COc1c(-c2ccc(F)cc2)cc(S(=O)(=O)Nc2ccc(F)c(CC(=O)O)c2)c2ccccc12,P15090,Q01469,5.327,4.8345,=,=,IC50,within
Cc1noc(-c2c(NC(=O)[C@H]3CCC[C@H]3C(=O)O)sc3c2CCCC3)n1,Q01469,P15090,4.7104,5.4711,=,=,IC50,within
O=C(O)C1=C(C(=O)Nc2sc3c(c2-c2nc(C4CC4)no2)CC[C@@H](C(F)(F)F)C3)CCC1,P15090,Q01469,6.821,7.3188,=,=,IC50,within
COc1c(-c2ccc(F)c(Cl)c2)cc(S(=O)(=O)Nc2ccc(F)c(CC(=O)O)c2)c2ccccc12,Q01469,P15090,4.8921,5.301,=,=,IC50,within
Cc1coc(-c2c(NC(=O)C3=C(C(=O)O)C4CCC3CC4)sc3c2CCOC3)n1,P15090,Q01469,6.0862,5.9747,=,=,IC50,within
O=C(O)[C@@H]1CCCN1C(=O)Nc1sc2c(c1-c1nc(C3CC3)no1)CCCC2,Q01469,P15090,5.2248,6.0132,=,=,IC50,within
Cc1cc(Cl)cc2c(-c3ccccc3)c(C(=O)O)c(N3CCCCC3)nc12,P15090,Q01469,7.8861,7.0,=,=,Ki,within
COc1ccccc1[C@H]1[C@H](C(=O)O)[C@H](c2ccccc2OC)[C@@H]1C(=O)Nc1cccc(-c2ccc3c(c2)OCO3)c1,O15540,P05413,4.4532,4.331,=,=,Ki,within
COc1ccccc1[C@H]1[C@H](C(=O)O)[C@H](c2ccccc2OC)[C@@H]1C(=O)Nc1cccc(-c2ccc3c(c2)OCO3)c1,Q01469,P05413,5.1637,4.331,=,=,Ki,within
O=C(O)C1=C(C(=O)Nc2sc3c(c2-c2cccc(Cl)n2)CCCC3)CCC1,Q01469,P15090,6.2076,6.0757,=,=,IC50,within
CCc1nc2ccc(Cl)cc2c(-c2ccccc2)c1C(=O)O,P15090,Q01469,7.5229,5.2676,=,=,Ki,within
O=C(O)[C@H]1C[C@@H](O)CN1C(=O)Nc1sc2c(c1-c1nc(C3CC3)no1)CCCC2,Q01469,P15090,6.2168,6.3665,=,=,IC50,within
Cc1csc(-c2c(NC(=O)[C@H]3CC=CC[C@H]3C(=O)O)sc3c2CCCCC3)n1,P15090,Q01469,5.9626,6.3979,=,=,IC50,within
COc1c(-c2cccc(N)c2)cc(S(=O)(=O)Nc2ccc(F)c(C(=O)O)c2)c2ccccc12,Q01469,P15090,4.6807,5.7696,=,=,IC50,within
Cc1c(Cl)cccc1OCc1cc(=O)n2nc(-c3ccccc3)nc2[nH]1,P05413,P15090,5.9034,5.5259,=,=,IC50,within
CC(C)c1ccccc1-c1ccc(S(=O)(=O)Nc2ccc(F)c(C(=O)O)c2)c2ccccc12,P15090,Q01469,4.9241,4.7737,=,=,IC50,within
O=C(O)[C@H]1CCCN1C(=O)Nc1sc2c(c1-c1nc(C3CC3)no1)CCC2,P15090,Q01469,6.6198,5.6402,=,=,IC50,within
O=C(O)Cc1cccc(OCc2ccccc2Cl)c1OCc1ccccc1Cl,P15090,Q01469,7.7959,8.5229,=,=,Ki,within
O=C(O)[C@H]1CCCC[C@H]1C(=O)Nc1sc2c(c1-c1nc(C(F)(F)F)no1)CCOC2,Q01469,P15090,5.3034,5.9959,=,=,IC50,within
Cc1noc(-c2c(NC(=O)CC(C)(C)C(=O)O)sc3c2CCCC3)n1,Q01469,P15090,5.0926,5.983,=,=,IC50,within
COc1ccccc1[C@H]1[C@H](C(=O)O)[C@H](c2ccccc2OC)[C@@H]1C(=O)Nc1cccc(-c2ccc3c(c2)OCO3)c1,O15540,Q01469,4.4532,5.1637,=,=,Ki,within
Cc1c(Cl)cccc1OCc1cc(=O)n2nc(-c3ccccc3)nc2[nH]1,P15090,P05413,8.0,6.284,=,=,Kd,within
Cc1nc(-c2c(NC(=O)C3=C(C(=O)O)CCC3)sc3c2CCOC3)sc1C,Q01469,P15090,5.6003,5.0878,=,=,IC50,within
O=C1Cc2ccc(-c3cccc(NC(=O)[C@H]4[C@@H](c5ccccc5)[C@H](C(=O)O)[C@@H]4c4ccccc4)c3)cc2N1,P05413,O15540,3.5352,5.8097,=,=,Ki,within
Cc1c(Cl)cccc1OCc1cc(=O)n2nc(-c3ccccc3)nc2[nH]1,Q01469,P15090,4.6304,5.5259,=,=,IC50,within
O=C(Nc1cc(Cl)c(F)cc1-c1ccccc1)NC1(C(=O)O)CCCC1,P15090,Q01469,7.0,4.8642,=,=,IC50,within
CCc1nc2ccc(Cl)cc2c(-c2ccccc2)c1C(=O)O,P05413,Q01469,6.8239,5.2676,=,=,Ki,within
Cc1noc(-c2c(NC(=O)[C@@H]3[C@H](C(=O)O)C3(C)C)sc3c2CCCC3)n1,Q01469,P15090,5.1979,6.4318,=,=,IC50,within
COc1c(-c2ccc(F)c(Cl)c2)cc(S(=O)(=O)Nc2ccc(F)c(C(=O)O)c2)c2ccccc12,Q01469,P15090,4.9965,5.8013,=,=,IC50,within
Cc1noc(-c2c(NC(=O)[C@H]3CCCC[C@H]3C(=O)O)sc3c2CCCC3)n1,Q01469,P15090,5.9872,6.4437,=,=,IC50,within
COc1c(-c2ccc(F)c(Cl)c2)cc(S(=O)(=O)Nc2ccc(F)c(C(=O)O)c2)c2ccccc12,P05413,P15090,4.3294,5.8013,=,=,IC50,within
Cc1noc(-c2c(NC(=O)[C@H]3CC=CC[C@H]3C(=O)O)sc3c2CCCC3)n1,P15090,Q01469,6.2147,6.2676,=,=,IC50,within
Cc1c(Cl)cccc1OCc1cc(=O)n2nc(-c3ccccc3)nc2[nH]1,P05413,Q01469,5.9034,4.6304,=,=,IC50,within
Cc1noc(-c2c(NC(=O)C3=C(C(=O)O)CCC3)sc3c2CCC(F)(F)C3)n1,Q01469,P15090,6.7447,7.1549,=,=,IC50,within
O=C(O)c1c(N2CCCCC2)nc2ccc(Cl)cc2c1-c1ccccc1,P15090,Q01469,7.6576,6.3054,=,=,Ki,within
Cc1[nH]nc(C(=O)Nc2sc3c(c2-c2nc(C4CC4)no2)CCOC3)c1C(=O)O,Q01469,P15090,5.5986,6.3224,=,=,IC50,within
CSCC[C@H](NC(=O)[C@@H](NC(=O)[C@H](Cc1cnc[nH]1)NC(=O)[C@H](CSSC[C@H](NC(=O)[C@H](Cc1c[nH]c2ccccc12)NC(=O)[C@H](Cc1ccccc1)NC(=O)[C@H](CCC(=O)O)NC(=O)[C@H](CC(C)C)NC(=O)[C@H](CC(=O)O)NC(=O)[C@H](CC(=O)O)NC(=O)[C@H](CO)NC(C)=O)C(=O)N[C@@H](Cc1cnc[nH]1)C(=O)N[C@H](C(=O)N[C@@H](CCSC)C(=O)N[C@@H](Cc1ccc(O)cc1)C(N)=O)C(C)C)NC(=O)[C@H](Cc1c[nH]c2ccccc12)NC(=O)[C@H](Cc1ccccc1)NC(=O)[C@H](CCC(=O)O)NC(=O)[C@H](CC(C)C)NC(=O)[C@H](CC(=O)O)NC(=O)[C@H](CC(=O)O)NC(=O)[C@H](CO)NC(C)=O)C(C)C)C(=O)N[C@@H](Cc1ccc(O)cc1)C(N)=O,O75084,Q9UP38,9.4318,8.9508,=,=,Kd,within
CN(C)CCC[C@@]1(c2ccc(F)cc2)OCc2cc(-c3nnc(-c4cccc(Cl)c4)[nH]3)ccc21,P22303,P06276,3.3845,4.5763,=,=,IC50,within
CN1CC[C@@H](Oc2ccc(Cl)c(-c3nc4c(o3)C(=O)c3ccccc3C4=O)c2F)C1,Q9P275,Q96FW1,5.1427,9.3768,=,=,IC50,within
NC(CCCCB(O)O)(C(=O)O)C1CC2CCC(C1)N2Cc1ccc(Cl)cc1,P05089,P78540,7.7696,7.5229,=,=,IC50,within
CCN(CCCCN1C(=O)c2ccccc2C1=O)Cc1ccccc1,P22303,P06276,6.1675,4.8153,=,=,IC50,within
O=C(NCc1ccncc1)c1cnc2c(SSc3cccc4cc(C(=O)NCc5ccncc5)cnc34)cccc2c1,Q92905,O95630,5.1549,6.301,=,=,IC50,within
O=C(N1CCC(=C2c3ccccc3C=Cc3ccccc32)CC1)n1cncn1,Q9BV23,Q99685,6.1225,7.329,=,=,IC50,within
CC(CCNCCC12CC3CC(CC(C3)C1)C2)Nc1ccnc2cc(Cl)ccc12,P06276,P22303,6.8239,5.7212,=,=,Ki,within
CC(=O)N[C@H]1CC[C@@]2(C)[C@@H](CC[C@@H]3[C@@H]2CC[C@]2(C)[C@@H]([C@H](C)N(C)C)CC[C@@H]32)C1,P06276,P22303,4.9872,4.16,=,=,IC50,within
Cc1ccc(Oc2ccc3nc4c(c(N)c3c2)CCCCC4)cc1.Cl,P22303,P06276,5.4214,5.556,=,=,IC50,within
[N-]=[N+]=NCC(=O)N[C@H]1[C@H]([C@H](O)[C@H](O)CO)OC(C(=O)O)=C[C@@H]1O,Q9UQ49,Q9Y3R4,5.3279,4.8861,=,=,IC50,within
c1cc(CCNc2c3c(nc4ccccc24)CCCC3)cc(CCNc2c3c(nc4ccccc24)CCCC3)c1,P22303,P06276,8.765,9.0343,=,=,Ki,within
CN(CCC(=O)NCCCNc1c2c(nc3ccccc13)CCCC2)C1CCCCC1,P06276,P22303,5.6234,6.4001,=,=,IC50,within
Cl.O=C(NCCCNc1c2c(nc3cc(Cl)ccc13)CCCC2)c1nc2ccc([N+](=O)[O-])cc2s1,P22303,P06276,7.7447,2.3319,=,=,IC50,within
CCN(Cc1ccccc1)Cc1ccc(NC(=O)Cc2ccc(OC)c(OC)c2)cc1,P06276,P22303,5.9172,5.4921,=,=,IC50,within
CN(C)C(=O)c1cccc(CN2CCN(C(=O)n3nnc4ccccc43)CC2)c1,O00519,Q99685,6.5607,6.9914,=,=,IC50,within
COc1ccc2sc3c(C)ccc(NCC[C@@H]4CCCN5CCCC[C@H]45)c3c(=O)c2c1,P06276,P22303,6.1487,5.4449,=,=,IC50,within
CCCSC(=O)N1C[C@@H]([C@@H](C)OC(=O)CCCc2ccccc2)C1=O,O00519,Q99685,7.9187,4.7222,=,=,IC50,within
CC(=O)N[C@H]1[C@H]([C@H](O)[C@H](O)Cn2cc(COc3ccccc3)nn2)OC(C(=O)O)=C[C@@H]1O,Q9Y3R4,Q8WWR8,3.0969,5.7696,=,=,IC50,within
CCCCCCCCCCCc1ccc(B(O)O)cc1,Q9Y5X9,P06858,6.199,5.0625,=,=,IC50,within
CO[C@@H]([C@H](O)[C@@H](O)CO)[C@H](O)C[S@+]1C[C@@H](O)[C@H](O)[C@H]1CO.[Cl-],P14410,O43451,7.8054,6.301,=,=,Ki,within
CC(=O)N[C@H]1[C@H]([C@H](O)[C@H](O)CO)OC(C(=O)O)=C[C@@H]1O,Q9UQ49,Q8WWR8,4.3665,4.6213,=,=,IC50,within
CCCC(=O)NC[C@@H](O)[C@@H](O)[C@@H]1OC(C(=O)O)=C[C@H](O)[C@H]1NC(C)=O,Q99519,Q8WWR8,5.3979,4.1337,=,=,IC50,within
CC(=O)N[C@H]1[C@H]([C@H](O)[C@H](O)CNC(=O)c2cccc(N)c2)OC(C(=O)O)=C[C@@H]1O,Q8WWR8,Q9Y3R4,3.8239,3.7447,=,=,IC50,within
CC(=O)N[C@H]1[C@H]([C@H](O)[C@H](O)CNC(=O)CC(C)C)OC(C(=O)O)=C[C@@H]1O,Q9UQ49,Q8WWR8,4.1427,3.8861,=,=,IC50,within
OC[C@H]1NC[C@H](O)[C@@H](O)[C@H]1O,P16278,P10253,4.0458,5.2218,=,=,IC50,within
FC(F)(F)Oc1ccc(CNC2CCN(Cc3ccccc3)CC2)cc1,P22303,P06276,6.2291,5.4559,=,=,IC50,within
O=C(CCCCCc1ccccc1)c1nc2ncccc2o1,P23141,Q9Y4D2,9.0,7.415,=,=,IC50,within
CN(Cc1ccccc1)Cc1ccc(NC(=O)Cc2ccccc2)cc1,P06276,P22303,5.3054,5.2366,=,=,IC50,within
O=C(CCCCN1CCC2c3ccccc3NC2C1)Oc1ccc(/C=C2\CCn3c2nc2ccccc2c3=O)cc1,P06276,P22303,6.3744,8.9666,=,=,IC50,within
CCCCC/C=C\C/C=C\C/C=C\C/C=C\CCCCP(=O)(F)OC,Q9BV23,Q99685,7.7696,7.58,=,=,IC50,within
CC(=O)N[C@H]1[C@H]([C@H](O)[C@H](O)Cn2cc(-c3ccc(-c4ccccc4)cc3)nn2)OC(C(=O)O)=C[C@@H]1O,Q9Y3R4,Q8WWR8,4.4949,5.8579,=,=,IC50,within
Cc1cc2nc(C(C(=O)NCCS(N)(=O)=O)S(=O)(=O)Cc3ccccc3)sc2cc1-c1ccc(C(=O)N2CCOCC2)cc1,Q9Y5X9,P11150,8.2757,6.3975,=,=,IC50,within
O=C(O[C@@H]1C=C[C@]23CCN(Cc4cc5c(cc42)OCO5)[C@H]3C1)c1ccccc1[N+](=O)[O-],P22303,P06276,4.2218,5.8539,=,=,IC50,within
CCNC(=O)Oc1ccc2c(c1)C1(C)COC(C1)O2,P22303,P06276,6.0809,7.6198,=,=,IC50,within
CCN(CC)CCCCCCCCOc1ccc(/C=C/C(=O)Nc2ccccc2)cc1OC,P06276,P22303,5.4001,5.8665,=,=,IC50,within
C[C@@H](CN1CCC2(CC1)OC(=O)NC[C@H]2c1cccc(F)c1)NC(=O)c1ccc(F)cc1,O14939,Q13393,7.1938,7.6576,=,=,IC50,within
CN(CCCOc1ccc2c(=O)c3ccccc3oc2c1)Cc1cccc(OC(=O)NCCCCCCCCCN2CCOCC2)c1,P22303,P06276,7.5331,8.0073,=,=,IC50,within
COc1cc(C(=O)N2CC[C@@H](O)[C@@H](N)C2)cc2nc(-c3cc4ccccc4n3CC3CC3)n(C)c12.Cl,Q9ULW8,Q9ULC6,2.6799,3.9666,=,=,Ki,within
COc1cccc2cc(CNCCCCCCNc3c4c(nc5ccccc35)CCC4)oc12,P22303,P06276,7.2,8.8861,=,=,IC50,within
COc1cccc(COc2c(OC)ccc3cc4[n+](cc23)CCc2cc3c(cc2-4)OCO3)c1.[Br-],P22303,P06276,5.4559,5.1308,=,=,IC50,within
COc1ccc(CC[C@H]2OC(=O)[C@@H]3CCCCN3C(=O)[C@@H](C3CCCCC3)c3cc(OC)c(c(OC)c3)OCC(O)C(O)COc3cccc2c3)cc1OC,Q02790,P62942,6.0996,7.1024,=,=,Kd,within
COc1ccc(CC[C@H]2OC(=O)[C@@H]3CCCCN3C(=O)[C@@H](C3CCCCC3)c3cc(OC)c(OC)c(c3)OCCOCC(=O)CCOc3cccc2c3)cc1OC,P62942,P68106,7.2076,7.2757,=,=,Kd,within
C/C=C/C[C@@H](C)[C@@H](O)C1C(=O)N[C@@H](CC)C(=O)N(C)[C@H](CC)C(=O)N(C)[C@@H]([C@H](C)COC)C(=O)N[C@@H](C(C)C)C(=O)N(C)[C@@H](CC(C)C)C(=O)N[C@@H](C)C(=O)N[C@H](C)C(=O)N(C)[C@@H](CC(C)C)C(=O)N(C)[C@@H](CC(C)C)C(=O)N(C)[C@@H](C(C)C)C(=O)N1C,P23284,P62937,8.7959,8.4685,=,=,Kd,within
C/C=C/C[C@@H](C)[C@@H](O)[C@H]1C(=O)N[C@@H](CC)C(=O)N(C)[C@H](C)C(=O)N(C)[C@@H]([C@H](C)COCCN2C[C@@H](C)OC[C@H]2C)C(=O)N[C@@H](C(C)C)C(=O)N(C)[C@@H](CC(C)C)C(=O)N[C@@H](C)C(=O)N[C@H](C)C(=O)N(C)[C@@H](CC(C)C)C(=O)N(C)[C@@H](CC(C)C)C(=O)N(C)[C@@H](C(C)C)C(=O)N1C,P23284,P62937,9.1549,9.0458,=,=,Kd,within
COc1ccc(CC[C@@H](OC(=O)[C@@H]2CCCCN2C(=O)C(=O)[C@]2(O)CCCC[C@H]2CO)c2cccc(OCC(=O)O)c2)cc1OC,Q02790,P62942,5.2076,6.2924,=,=,IC50,within
COc1ccc(CC[C@H]2OC(=O)[C@@H]3CCCCN3C(=O)[C@@H](C3CCCCC3)c3cc(OC)c(OC)c(c3)OCCOCC(=O)CCOc3cccc2c3)cc1OC,P62942,Q02790,7.2076,5.4115,=,=,Kd,within
C/C=C/C[C@@H](C)[C@@H](O)[C@H]1C(=O)N[C@@H](CC)C(=O)N(C)[C@H](C)C(=O)N(C)[C@@H]([C@H](C)CCCN2CCC(OC)CC2)C(=O)N[C@@H](C(C)C)C(=O)N(C)[C@@H](CC(C)C)C(=O)N[C@@H](C)C(=O)N[C@H](C)C(=O)N(C)[C@@H](CC(C)C)C(=O)N(C)[C@@H](CC(C)C)C(=O)N(C)[C@@H](C(C)C)C(=O)N1C,P23284,P62937,9.301,9.1549,=,=,Kd,within
C=C1NC(=O)C(C)C(CCC(C)C(=O)/C=C/C(C)=C/CC(C)CCCCCCC)OC(=O)[C@H](CC(OS(=O)(=O)O)C(N)=O)NC(=O)[C@@H](C)CNC1=O,P11387,P11388,4.301,5.3979,=,=,IC50,within
C/C=C/C[C@@H](C)[C@@H](O)C1C(=O)N[C@@H](CC)C(=O)N(C)[C@H](C)C(=O)N(C)[C@@H]([C@H](C)CO[C@H]2CCOC2)C(=O)N[C@@H](C(C)C)C(=O)N(C)[C@@H](CC(C)C)C(=O)N[C@@H](C)C(=O)N[C@H](C)C(=O)N(C)[C@@H](CC(C)C)C(=O)N(C)[C@@H](CC(C)C)C(=O)N(C)[C@@H](C(C)C)C(=O)N1C,P62937,P23284,9.0,9.301,=,=,Kd,within
C/C=C/C[C@@H](C)[C@@H](O)[C@@H](C(=O)N[C@@H](CC)C(=O)N(C)[C@H](C)C(C)=O)N(C)C(=O)[C@H](C(C)C)N(C)C(=O)[C@H](CC(C)C)N(C)C(=O)[C@H](CC(C)C)N(C)C(=O)[C@@H](C)NC(=O)[C@H](C)NC(=O)[C@H](CC(C)C)N(C)C(=O)[C@@H](NC(=O)[C@@H](NC)[C@H](C)COCC(=O)N1CCNCC1)C(C)C,P23284,P62937,9.1549,9.0,=,=,Kd,within
COc1ccc(CC[C@H]2OC(=O)[C@@H]3CCCCN3C(=O)[C@@H](C3CCCCC3)c3cc(OC)c(c(OC)c3)OCC(O)C(O)COc3cccc2c3)cc1OC,Q02790,P68106,6.0996,7.0706,=,=,Kd,within
CSc1ccccc1[C@H]1CCCN1C(=O)CNC(=O)N(Cc1cc(F)c(N)c(F)c1)Cc1cn(C)nn1,P62937,P30405,5.3372,5.5272,=,=,Kd,within
COc1ccc(CC[C@H]2OC(=O)[C@@H]3CCCCN3C(=O)[C@@H](C3CCCCC3)c3cc(OC)c(OC)c(c3)OCCOCC(=O)CCOc3cccc2c3)cc1OC,Q02790,P68106,5.4115,7.2757,=,=,Kd,within
C/C=C/C[C@@H](C)[C@@H](O)[C@H]1C(=O)N[C@@H](CC)C(=O)N(C)[C@H](C)C(=O)N(C)[C@@H]([C@H](C)CN2CCC(C#N)CC2)C(=O)N[C@@H](C(C)C)C(=O)N(C)[C@@H](CC(C)C)C(=O)N[C@@H](C)C(=O)N[C@H](C)C(=O)N(C)[C@@H](CC(C)C)C(=O)N(C)[C@@H](CC(C)C)C(=O)N(C)[C@@H](C(C)C)C(=O)N1C,P62937,P23284,8.87,9.0969,=,=,Kd,within
C/C=C/C[C@@H](C)[C@@H](O)C1C(=O)N[C@@H](CC)C(=O)N(C)[C@H](CCCNC)C(=O)N(C)[C@@H]([C@H](C)COC)C(=O)N[C@@H](C(C)C)C(=O)N(C)[C@@H](CC(C)C)C(=O)N[C@@H](C)C(=O)N[C@H](C)C(=O)N(C)[C@@H](CC(C)C)C(=O)N(C)[C@@H](CC(C)C)C(=O)N(C)[C@@H](C(C)C)C(=O)N1C,P23284,P62937,8.5229,8.2007,=,=,Kd,within
COc1ccc(-n2sc3ccc(F)cc3c2=O)cc1,O15305,P34949,5.041,6.0,=,=,IC50,within
COc1ccc(CC[C@H]2OC(=O)[C@@H]3CCCCN3C(=O)[C@@H](C3CCCCC3)c3cc(OC)c(c(OC)c3)OCC(O)C(O)COc3cccc2c3)cc1OC,P62942,P68106,7.1024,7.0706,=,=,Kd,within
C/C=C/C[C@@H](C)[C@@H](O)C1C(=O)N[C@@H](CC)C(=O)N(C)[C@H](CCCN2CCOCC2)C(=O)N(C)[C@@H]([C@H](C)CS(C)(=O)=O)C(=O)N[C@@H](C(C)C)C(=O)N(C)[C@@H](CC(C)C)C(=O)N[C@@H](C)C(=O)N[C@H](C)C(=O)N(C)[C@@H](CC(C)C)C(=O)N(C)[C@@H](CC(C)C)C(=O)N(C)[C@@H](C(C)C)C(=O)N1C,P62937,P23284,8.0605,8.3565,=,=,Kd,within
C/C=C/C[C@@H](C)[C@@H](O)[C@H]1C(=O)N[C@@H](CC)C(=O)N(C)[C@H](C)C(=O)N(C)[C@@H]([C@H](C)CN2C[C@H](C)OC[C@@H]2C)C(=O)N[C@@H](C(C)C)C(=O)N(C)[C@@H](CC(C)C)C(=O)N[C@@H](C)C(=O)N[C@H](C)C(=O)N(C)[C@@H](CC(C)C)C(=O)N(C)[C@@H](CC(C)C)C(=O)N(C)[C@@H](C(C)C)C(=O)N1C,P62937,P23284,8.301,8.5686,=,=,Kd,within
O=C(OC(CCCc1ccccc1)CCCc1ccccc1)[C@@H]1CCCCN1C(=O)N[C@@H](COP(=O)(O)O)Cc1ccccc1,Q13526,P62942,6.0969,3.8633,=,=,Ki,within
Cc1sc(NC(=O)CCCC(=O)Nc2sc(C)c(C)c2C(N)=O)c(C(N)=O)c1C,Q14318,Q02790,5.3979,5.301,=,=,IC50,within
C/C=C/C[C@@H](C)[C@@H](O)[C@@H](C(=O)N[C@@H](CC)C(=O)N(C)[C@H](C)C(C)=O)N(C)C(=O)[C@H](C(C)C)N(C)C(=O)[C@H](CC(C)C)N(C)C(=O)[C@H](CC(C)C)N(C)C(=O)[C@@H](C)NC(=O)[C@H](C)NC(=O)[C@H](CC(C)C)N(C)C(=O)[C@@H](NC(=O)[C@@H](NC)[C@H](C)COCC(=O)N1CCN(C)CC1)C(C)C,P23284,P62937,9.0969,8.8239,=,=,Kd,within
Cc1ccc(C)c(-n2sc3cc(F)ccc3c2=O)c1,O15305,P34949,5.1367,5.9793,=,=,IC50,within
C/C=C/C[C@@H](C)[C@@H](O)[C@H]1C(=O)N[C@@H](CC)C(=O)N(C)[C@H](C)C(=O)N(C)[C@@H]([C@H](C)CN2CC3(COC3)C2)C(=O)N[C@@H](C(C)C)C(=O)N(C)[C@@H](CC(C)C)C(=O)N[C@@H](C)C(=O)N[C@H](C)C(=O)N(C)[C@@H](CC(C)C)C(=O)N(C)[C@@H](CC(C)C)C(=O)N(C)[C@@H](C(C)C)C(=O)N1C,P62937,P23284,8.8539,9.1549,=,=,Kd,within
O=C(O)c1ccccc1NS(=O)(=O)c1cccc(-n2sc3ccccc3c2=O)c1,O15305,P34949,5.284,6.1487,=,=,IC50,within
COc1ccc(-c2ccc(OC(F)(F)F)cc2)cc1C(=O)C1CCc2ccccc21,P62937,P23284,5.9208,5.6778,=,=,Ki,within
COc1ccc(CC[C@@H](OC(=O)[C@@H]2CCCCN2C(=O)[C@H](c2cc(OC)c(OC)c(OC)c2)C2CCCCC2)c2cccc(OCC(=O)O)c2)cc1OC,Q02790,P62942,5.4135,7.0458,=,=,Ki,within
O=C(/C=C/c1ccccc1)Nc1ccc(-c2ccc3cc(O)ccc3c2)cc1,P11388,Q02880,5.2735,4.7645,=,=,IC50,within
C/C=C/C[C@@H](C)[C@@H](O)[C@H]1C(=O)N[C@@H](CC)C(=O)N(C)CC(=O)N(C)[C@@H](CC(C)C)C(=O)N[C@@H](C(C)C)C(=O)N(C)[C@@H](CC(C)C)C(=O)N[C@@H](C)C(=O)N[C@H](CCCCN(C)C)C(=O)N(C)[C@@H](CC(C)C)C(=O)N(C)[C@@H](CC(C)C)C(=O)N(C)[C@@H](C(C)C)C(=O)N1C,P23284,P62937,7.0128,7.8539,=,=,IC50,within
C[C@@H]1NC(=O)[C@H](C2CC(N)C2)OC(=O)C2(/C=C/c3ccc4ccc(nc4c3)[C@@H](C)NC(=O)[C@@H]3CCCN(N3)C1=O)COCOC2,P62937,P30405,5.7645,5.8327,=,=,Ki,within
N[C@H]1CCN(c2c(F)cc3c(=O)c(C(=O)O)cn4c3c2Oc2cc([N+](=O)[O-])ccc2-4)C1,P11387,P11388,5.1079,5.6219,=,=,IC50,within
C/C=C/C[C@@H](C)[C@@H](O)[C@H]1C(=O)N[C@@H](CC)C(=O)N(C)[C@H](C)C(=O)N(C)[C@@H]([C@@H](C)CN2CCN(S(C)(=O)=O)CC2)C(=O)N[C@@H](C(C)C)C(=O)N(C)[C@@H](CC(C)C)C(=O)N[C@@H](C)C(=O)N[C@H](C)C(=O)N(C)[C@@H](CC(C)C)C(=O)N(C)[C@@H](CC(C)C)C(=O)N(C)[C@@H](C(C)C)C(=O)N1C,P23284,P62937,9.2218,9.0458,=,=,Kd,within
Cc1sc(NC(=O)CCCC(=O)Nc2sc(C)c(C)c2C(N)=O)c(C(N)=O)c1C,Q08752,Q02790,5.8239,5.301,=,=,IC50,within
CCC(C)(C)C(=O)C(=O)N1CCC[C@H]1C(=O)OCCCc1cccnc1,Q02790,P62942,6.0287,8.1249,=,=,Ki,within
C/C=C/C[C@@H](C)[C@@H](O)[C@H]1C(=O)N[C@@H](CC)C(=O)N(C)[C@H](C)C(=O)N(C)[C@@H]([C@@H](C)CN2CCN(C3CCC3)CC2)C(=O)N[C@@H](C(C)C)C(=O)N(C)[C@@H](CC(C)C)C(=O)N[C@@H](C)C(=O)N[C@H](C)C(=O)N(C)[C@@H](CC(C)C)C(=O)N(C)[C@@H](CC(C)C)C(=O)N(C)[C@@H](C(C)C)C(=O)N1C,P23284,P62937,9.3979,9.301,=,=,Kd,within
COc1ccc(CC[C@@H](OC(=O)[C@@H]2CCCCN2S(=O)(=O)c2ccc3nc(C)sc3c2)c2cccc(OCC(=O)O)c2)cc1OC,Q02790,P62942,4.5768,5.9208,=,=,IC50,within
C/C=C/C[C@@H](C)[C@@H](O)[C@H]1C(=O)N[C@@H](CC)C(=O)N(C)[C@H](C)C(=O)N(C)[C@@H]([C@H](C)CCC(=O)N2CCOCC2)C(=O)N[C@@H](C(C)C)C(=O)N(C)[C@@H](CC(C)C)C(=O)N[C@@H](C)C(=O)N[C@H](C)C(=O)N(C)[C@@H](CC(C)C)C(=O)N(C)[C@@H](CC(C)C)C(=O)N(C)[C@@H](C(C)C)C(=O)N1C,P23284,P62937,8.8239,8.6778,=,=,Kd,within
Cc1sc(NC(=O)CCCC(=O)Nc2sc(C)c(C)c2C(N)=O)c(C(N)=O)c1C,Q08752,Q14318,5.8239,5.3979,=,=,IC50,within
Cc1ccc(-n2sc3ccccc3c2=O)cc1S(=O)(=O)N1CCCCC1,O15305,P34949,4.9586,5.5086,=,=,IC50,within
COc1cc(OC)cc(N(Cc2ccccc2)c2ccc3ncc(-c4cnn(C)c4)nc3c2)c1,P22455,P11362,6.9,6.685,=,=,IC50,within
CC(C)(C)c1cc(NC(=O)Nc2ccc(-c3cn4c(n3)sc3cc(OCCN5CCOCC5)ccc34)cc2)no1,P07948,P48729,5.1332,4.7696,=,=,Kd,within
C[C@@H](N)c1ccc(C(=O)Nc2ccnc3[nH]ccc23)cc1,Q9Y5S2,O75116,7.4685,8.0458,=,=,Kd,within
Cn1cc(C2=C(c3cn(C4CCN(Cc5ccccn5)CC4)c4ccccc34)C(=O)NC2=O)c2ccccc21,Q9UPZ9,Q86UE8,6.1675,5.8539,=,=,Kd,within
CCCC(=O)O[C@@H]1[C@@H](C)[C@@]2(O)[C@@H](C=C(CO)C[C@]3(O)C(=O)C(C)=C[C@@H]23)[C@@H]2C(C)(C)[C@]12OC(=O)CCC,Q02156,P05129,9.0915,8.8239,=,=,Kd,within
CCC(SC)N1[C@@H]2CC[C@H]1C[C@H](Nc1nc(Nc3cc(C)[nH]n3)cc3ncc(S(C)(=O)=O)cc13)C2,O60674,P29597,9.2596,7.301,=,=,Ki,within
Cn1cc(-c2cc3c(cn2)cnn3-c2cccc(N3CCCNCC3)n2)cn1,Q9P1W9,Q86V86,8.3002,10.0132,=,=,Ki,within
CCOc1cc(N2CCC(O)CC2)ccc1Nc1ncc2c(n1)N(C1CCCC1)CCC(=O)N2C,O14976,O00444,6.8539,5.5086,=,=,Kd,within
CC[C@@](C)(Nc1ccnc(-c2c[nH]c3ncccc23)n1)C(=O)NCC(F)(F)F,Q7L7X3,O75116,5.4676,4.2513,=,=,Kd,within
C[C@@H](N)c1ccc(C(=O)Nc2ccnc3[nH]ccc23)cc1,Q16512,Q7L7X3,6.5969,5.6925,=,=,Kd,within
Cc1n[nH]c2ccc(-c3nnc4n3[C@H](c3ccc(Cl)cc3)CC4)cc12,Q9Y463,P49841,6.4815,8.6576,=,=,Kd,within
Cn1cc(C2=C(c3cccc(NCC(O)CO)c3)C(=O)NC2=O)c2cc(F)ccc21,P49336,O75716,4.3979,6.6383,=,=,Kd,within
Cc1nc2c(F)cc(-c3nc(Nc4ccc5c(n4)CCN(CCCN(C)C)C5)ncc3F)cc2n1C(C)(C)C,P50613,P24941,7.4377,7.5452,=,=,IC50,within
CNC(=O)CN1CCN(CCONC(=O)c2ccc(N/C(=C3\C(=O)Nc4cc(C(=O)OC)c(C)cc43)c3ccccc3)cc2)CC1,P16234,P17948,7.8861,7.0,=,=,Ki,within
CN1C/C=C/CCOc2cccc(c2)-c2ccnc(n2)Nc2cccc(c2)C1,O75116,Q9H2K8,4.2293,5.5442,=,=,Kd,within
Cc1cc(Nc2nc(Sc3ccc(NC(=O)C4CC4)cc3)nn3cc(NC(=O)C(=O)N4CCN(C)CC4)cc23)n[nH]1,Q96GD4,O14965,8.3979,8.1549,=,=,Kd,within
Cc1nc(Nc2n[nH]c3c2CN(C(=O)N[C@H](CN(C)C)c2ccccc2)C3(C)C)c2sccc2n1,P05771,P06241,6.7328,7.585,=,=,Ki,within
N#CCCNC[C@H]1CC[C@H](c2nnn3cnc4[nH]ccc4c23)CC1,O60674,P52333,7.585,6.699,=,=,IC50,within
COc1cc(N2CCC(N3CCN(C)CC3)CC2)ccc1Nc1ncnc(Nc2ccccc2S(=O)(=O)C(C)C)n1,P08631,Q08345,5.9041,5.3936,=,=,Kd,within
CCn1cc(-c2cc3c(-c4cccc(N5CCOCC5)n4)n[nH]c3cn2)cn1,P11309,Q9P1W9,9.2358,8.3979,=,=,Ki,within
CN[C@@H]1C[C@H]2O[C@@](C)([C@@H]1OC)n1c3ccccc3c3c4c(c5c6ccccc6n2c5c31)C(=O)N[C@H]4O,P17252,O95382,7.4559,5.9263,=,=,Kd,within
COc1cc(N2CCC(N3CCN(C)CC3)CC2)ccc1Nc1ncnc(Nc2ccccc2S(=O)(=O)C(C)C)n1,Q2M2I8,P06239,5.8778,5.8945,=,=,Kd,within
c1ncc(-c2c[nH]c3nccc(N4CCC[C@H](NC5CC5)C4)c23)cn1,Q13464,Q9Y5S2,6.4473,8.4737,=,=,Ki,within
CNC(=O)CN1CCN(CCONC(=O)c2ccc(N/C(=C3\C(=O)Nc4cc(C(=O)OC)c(C)cc43)c3ccccc3)cc2)CC1,P09619,P16234,8.1024,7.8861,=,=,Ki,within
CC(C)(C)c1cc(NC(=O)Nc2ccc(-c3cn4c(n3)sc3cc(OCCN5CCOCC5)ccc34)cc2)no1,O43353,Q02763,5.3497,4.9586,=,=,Kd,within
CCCCNS(=O)(=O)c1ccc2c(c1)C(=C(c1ccccc1)c1nc3ccccc3[nH]1)C(=O)N2,P11362,P35968,6.5229,5.9454,=,=,IC50,within
CN1CCC(CNc2ccc3ncc(-c4cccc(OC(F)(F)F)c4)n3n2)CC1,Q9Y616,P11309,7.585,7.3665,=,=,Kd,within
CC(C)(C)c1cc(NC(=O)Nc2ccc(-c3cn4c(n3)sc3cc(OCCN5CCOCC5)ccc34)cc2)no1,Q13546,Q8N4C8,6.0506,5.7959,=,=,Kd,within
N#Cc1ncc2nc1OCCCCOc1cc(NCc3cncs3)c(Cl)cc1NC(=O)N2,P31749,O00141,5.432,5.0875,=,=,Ki,within
COCc1ccccc1-c1cccc2nc(Nc3ccc4c(c3)CCN(C(=O)OC(C)(C)C)CC4)nn12,P52333,O60674,5.5951,6.1869,=,=,IC50,within
CCCC(=O)O[C@@H]1[C@@H](C)[C@@]2(O)[C@@H](C=C(CO)C[C@]3(O)C(=O)C(C)=C[C@@H]23)[C@@H]2C(C)(C)[C@]12OC(=O)CCC,P05771,Q04759,8.8827,9.1427,=,=,Kd,within
CC(C)[C@@](C)(O)[C@@H]1CN(c2nc(-c3n[nH]c4ncccc34)c(F)cc2Cl)CCN1,Q04759,Q02156,10.0969,9.0,=,=,Ki,within
COC(=O)[C@H](C)NC1=N/C(=C\c2ccc3ncsc3c2)C(=O)N1,P49761,O43781,6.5467,5.9115,=,=,IC50,within
CC(C)=C1CC(CO)(COC(=O)CCOc2ccc(C#Cc3ccc(C)cc3)cc2)OC1=O,P05771,P17252,7.2123,7.2633,=,=,Ki,within
Cc1ncc(-c2ccc3cnc(NC(=O)N4CCC(NC(C)C)CC4)cc3c2)o1,P49841,Q13627,7.301,8.0458,=,=,EC50,within
CCn1c(-c2nonc2N)nc2cnccc21,Q13464,Q15418,7.8861,7.6198,=,=,IC50,within
Nc1nc(N)c2nc(-c3cccc(O)c3)c(-c3cccc(O)c3)nc2n1,Q9NRM7,O43353,5.7447,6.0036,=,=,Kd,within
COc1ccccc1Nc1cc(Nc2ccccn2)ncc1C(N)=O,P29597,P23458,8.2218,8.0458,=,=,IC50,within
Cc1cc(Nc2nc(N[C@@H](C)c3ncc(F)cc3F)c(F)c(N3CCOCC3)n2)n[nH]1,P52333,O60674,7.2644,8.3389,=,=,IC50,within
CCC(CC#N)N1[C@@H]2CC[C@H]1C[C@H](Nc1nc(Nc3cc(C)[nH]n3)cc3ncccc13)C2,P52333,P23458,7.301,9.2596,=,=,Ki,within
Cc1cnc(-c2cc(OC[C@H]3CN(C)CCO3)cc(C(=O)N[C@H](C)c3ccc(C(F)F)nc3)c2)s1,P56373,Q9UBL9,7.9586,6.4841,=,=,IC50,within
CCCn1nnc(-c2onc(O)c2CC(N)C(=O)O)n1,P42261,P42263,5.2882,5.9281,=,=,Ki,within
CCC(CC)=C(C[C@H](N)C(=O)O)C(=O)O,Q16478,P39086,4.6696,6.618,=,=,Ki,within
CC(C)(C)c1snc(O)c1C[C@H](N)C(=O)O,P42263,P48058,4.4949,4.699,=,=,EC50,within
N[C@@H](Cn1cc(F)c(=O)[nH]c1=O)C(=O)O,Q16478,P48058,5.7399,6.5157,=,=,Ki,within
C=C(C)[C@@H]1CCC(C)=C[C@H]1c1c(O)cc(CCCCC)cc1O,P47870,P23416,6.8861,5.5686,=,=,IC50,within
Cc1cnc(-c2cc(OC3COC3)cc(C(=O)NCc3cnc(C(F)(F)F)nc3)c2)s1,Q9UBL9,P56373,6.0491,7.1427,=,=,IC50,within
Oc1nc2c(c3nc(-c4ccccc4F)cn13)CN(Cc1cccs1)CC2,P14867,P34903,6.9706,6.4353,=,=,EC50,within
CCC(CC)=C(C[C@H](N)C(=O)O)C(=O)O,Q13003,P42262,4.9066,3.5514,=,=,Ki,within
Cl.O=C(O)c1ccc(-c2ccccc2)cc1O[C@H]1CC[C@H]2CN[C@H](C(=O)O)C[C@H]2C1,P42262,P39086,5.0555,6.301,=,=,Ki,within
CC[S+]1CCCN(C(=O)c2ccc(-c3cccc(C(F)(F)F)c3)o2)CC1.O=S(=O)([O-])C(F)(F)F,P36544,Q9UGM1,4.58,5.3947,=,=,IC50,within
O=C1c2cccc3c2[C@H](CCC3)CN1[C@@H]1CN2CCC1CC2,P46098,O95264,9.5089,9.6383,=,=,Kd,within
O=C(N[C@@H]1C2CCN(CC2)C12CC2)c1ccc2cc(Cl)sc2c1,P46098,P36544,5.6383,6.5376,=,=,Ki,within
Cc1cnc(-c2cc(O[C@@H]3CCCNC3)cc(C(=O)N[C@H](C)c3cnc(C(F)(F)F)nc3)c2)s1,Q9UBL9,P56373,6.5654,8.3979,=,=,IC50,within
Cc1cc(-c2nnc3c4ccccc4c(OCc4ccccn4)nn23)no1,P14867,P31644,9.3979,9.301,=,=,Ki,within
O=C(Nc1cc([N+](=O)[O-])cc(C(F)(F)F)c1)c1cc(Cl)ccc1O,P51575,Q99572,7.5003,6.8447,=,=,IC50,within
O=C(N1CCCC1)N1c2ccccc2C=Cc2ccccc21,P56373,Q99571,4.5258,4.4672,=,=,IC50,within
Oc1nc2c(c3nc(-c4ccccc4F)cn13)CN(Cc1cccnc1)CC2,P34903,P47869,7.6383,6.9957,=,=,EC50,within
CCC(CC)=C(C[C@H](N)C(=O)O)C(=O)O,Q16478,P42262,4.6696,3.5514,=,=,Ki,within
CCCn1nnc(-c2onc(O)c2CC(N)C(=O)O)n1,P39086,P42262,5.2636,5.7932,=,=,Ki,within
NCc1ccn(-c2cc3c(cc2[N+](=O)[O-])[nH]c(=O)c(=O)n3CC(=O)O)c1,P39086,Q16478,6.6383,5.0088,=,=,Ki,within
C=C(C)[C@H]1CN[C@H](C(=O)O)[C@H]1CC(=O)O,P42262,P42261,4.9759,4.2218,=,=,EC50,within
Cc1ncc([C@@H](C)NC(=O)c2cc(OCC3CCOCC3)cc(-c3ncc(C4CCC4)s3)c2)cn1,Q9UBL9,P56373,6.7825,7.5686,=,=,IC50,within
CCc1c(C(=O)OC)nc(C)c2[nH]c3cc(OC)c(OC)cc3c12,P14867,P34903,8.2218,8.3979,=,=,Ki,within
Clc1ccc2c(N[C@@H]3CN4CCC3CC4)noc2c1Cl,P46098,P36544,6.5376,7.585,=,=,Ki,within
Cc1cnc([C@@H](C)NC(=O)c2cc(OC[C@H]3CCOC3)cc(-c3ncc(C4CCC4)s3)c2)cn1,Q9UBL9,P56373,6.5544,7.1024,=,=,IC50,within
C=C(C)[C@H]1CN[C@H](C(=O)O)[C@H]1CC(=O)O,Q13002,P42263,6.1549,4.575,=,=,EC50,within
Nc1ncnc2c1ncn2[C@@H]1O[C@H](COP(=O)(O)OP(=O)(O)OP(=O)(O)O)[C@@H](O)[C@H]1O,P51575,Q99572,7.2518,3.1079,=,=,EC50,within
Cc1ccc(O[C@H]2CC[C@H]3CN[C@H](C(=O)O)C[C@H]3C2)c(C(=O)O)c1.Cl,P39086,P42262,5.0044,3.9706,=,=,Ki,within
CCCn1nnc(-c2onc(O)c2CC(N)C(=O)O)n1,P42262,P48058,5.7932,6.1355,=,=,Ki,within
N[C@@H](Cc1nsnc1O)C(=O)O,P48058,P42261,6.7399,6.7328,=,=,Ki,within
O=C(O)c1cc2cccc(O)c2cc1O,Q13224,Q12879,5.0269,5.0132,=,=,IC50,within
CC(C)(C)c1onc(O)c1C[C@H](N)C(=O)O,P42261,Q16478,4.6576,6.3188,=,=,EC50,within
O=C(Nc1cc([N+](=O)[O-])cc(C(F)(F)F)c1)c1cc(Cl)ccc1O,Q99571,P51575,7.3706,7.5003,=,=,IC50,within
CCc1c(C(=O)OC)nc(C)c2[nH]c3cc(OC)c(OC)cc3c12,P47869,Q16445,8.0969,6.8861,=,=,Ki,within
Cc1cnc(-c2cc(O[C@@H]3CCOC3)cc(C(=O)N[C@H](C)c3nnc(C)s3)c2)s1,Q9UBL9,P56373,6.3134,7.4559,=,=,IC50,within
Oc1nc2c(c3nc(-c4ccccc4F)cn13)CN(Cc1cccs1)CC2,P34903,P31644,6.4353,6.426,=,=,EC50,within
NCC1CCP(=O)(O)C1,P24046,P28476,4.7009,4.2431,=,=,IC50,within
CCC(CC)=C(C[C@H](N)C(=O)O)C(=O)O,P48058,Q13003,5.327,4.9066,=,=,Ki,within
Oc1nc2c(c3nc(-c4ccccc4F)cn13)CN(Cc1cccs1)CC2,P31644,P47869,6.426,7.1739,=,=,EC50,within
NCCCC(NC(=O)c1ccc(NCC2CNc3nc(N)nc(O)c3C2)cc1)C(=O)O,P22102,Q05932,5.3188,6.6778,=,=,IC50,within
O=c1ccc2cc(C[N+]34CN5CN(CN(C5)C3)C4)ccc2o1.[Cl-],Q9Y2D0,P23280,5.301,7.0,=,=,Ki,within
COCCOP(=O)(Oc1ccc(S(N)(=O)=O)cc1)c1ccccc1,Q9Y2D0,Q16790,7.1726,7.9172,=,=,Ki,within
Cc1c(-c2ccc(O)cc2)ccc(/C=N/O)c1O,P00915,P00918,5.1035,5.1972,=,=,Ki,within
NS(=O)(=O)c1ccc(SCCO)cc1,Q8N1Q1,P00918,5.9269,6.6838,=,=,Kd,within
Cc1cc(N2CC(C(=O)NN)CC2=O)cc(C)c1S(N)(=O)=O,Q9ULX7,P35218,7.6686,6.8288,=,=,Kd,within
NS(=O)(=O)c1ccc(CCN2CCC(N(C(=O)CCl)c3ccccc3)CC2)cc1,P22748,P00915,5.0378,8.1871,=,=,Ki,within
CSc1cccc(NC(=O)Nc2ccc(OS(N)(=O)=O)cc2)c1,P00915,Q16790,5.4584,8.0458,=,=,Ki,within
COC(=O)CNC(=O)Nc1ccc(S(N)(=O)=O)cc1,Q16790,P00915,5.7176,6.0957,=,=,Ki,within
O=C([O-])P(=O)([O-])[O-].[Na+].[Na+].[Na+],P00915,P43166,1.618,3.2518,=,=,Ki,within
COC[C@@H](NC(C)=O)C(=O)NCc1ccccc1,P43166,P00915,5.352,6.4413,=,=,Ki,within
COc1cccc(OC)c1C(=O)O,P43166,Q16790,5.4921,5.0424,=,=,Ki,within
NS(=O)(=O)c1cc(C(=O)O)c(Br)cc1Br,P23280,Q16790,6.785,7.6132,=,=,Kd,within
CC1(C)O[C@@H]2[C@@H](CO[C@@]3(COS(N)(=O)=O)OC(C)(C)O[C@@H]23)O1,P23280,P07451,7.3468,3.1079,=,=,Ki,within
NS(=O)(=O)c1cc(C(=O)Nn2cnc3ccccc32)c(Sc2ccccc2)cc1Cl,P35218,P00915,8.1055,5.5428,=,=,Kd,within
CC(=O)N[C@@H]1[C@@H](OC(C)=O)[C@H](OC(C)=O)[C@@H](COC(C)=O)O[C@H]1n1cc(COC(=O)c2ccc(S(N)(=O)=O)cc2)nn1,Q16790,P00918,5.9208,6.6615,=,=,Ki,within
OCc1cn(-c2ccc3c(c2)B(O)OC3)nn1,P43166,Q16790,6.8505,6.8377,=,=,Ki,within
NS(=O)(=O)c1ccc(C(=O)N2CCN(Cc3ccc(F)cc3)CC2)cc1,P00918,Q9ULX7,9.301,7.8182,=,=,Ki,within
Cc1nc(N(C)C(=O)Cc2ccc(-c3ccccc3)cc2)sc1S(=O)(=O)NCCO,P00915,P35218,7.5751,7.0083,=,=,Ki,within
NS(=O)(=O)c1ccc(C(=O)N2CCN(C(=O)c3ccc[nH]3)CC2)cc1,P00918,P43166,8.1675,8.1192,=,=,Ki,within
NS(=O)(=O)c1cn(CC(=O)Nc2ccc(Cl)c([N+](=O)[O-])c2)ccc1=O,P00918,O43570,6.1391,7.3261,=,=,Ki,within
CCCCC(=O)OC[C@H]1O[C@@H](n2cc(-c3cccc(S(N)(=O)=O)c3)nn2)[C@H](OC(=O)CCCC)[C@@H](OC(=O)CCCC)[C@H]1OC(=O)CCCC,Q9ULX7,P00915,6.8297,7.1319,=,=,Ki,within
NS(=O)(=O)c1c(F)c(F)c(NCCc2ccc(O)cc2)c(F)c1F,Q8N1Q1,P00918,9.3979,8.7696,=,=,Kd,within
NS(=O)(=O)c1ccc(CNC(=O)CCN2CCN(c3ncccn3)CC2)cc1,Q16790,P00915,6.3424,6.1178,=,=,Ki,within
CSc1nc(Cl)c(C=O)c(NCc2ccc(S(N)(=O)=O)cc2)n1,P43166,P00918,7.0,7.4932,=,=,Kd,within
COc1ccc(C(C)C)c2c1C(=O)C(O)(O)C2=O,P43166,P00918,7.585,5.5058,=,=,Ki,within
NS(=O)(=O)c1ccccc1/N=C1\C(=O)Nc2ccc(F)cc21,P00918,P00915,6.3686,6.1858,=,=,Ki,within
CC(C)c1nc(SCC(=O)c2ccccc2)nc(Nc2ccc(S(N)(=O)=O)cc2)c1C#N,P00915,O43570,6.1096,8.1249,=,=,Ki,within
Cc1cc(N2CC(c3n[nH]c(=S)n3-c3ccccc3)CC2=O)c(Cl)c(C)c1S(N)(=O)=O,P43166,P23280,9.7186,7.4823,=,=,Kd,within
COC(=O)[C@H]1O[C@@H](On2cc(CNC(=O)c3ccc(S(N)(=O)=O)cc3)nn2)[C@H](O)[C@@H](O)[C@@H]1O,Q16790,P00918,7.6383,6.4225,=,=,Ki,within
Cc1ccc2c(n1)SCc1cnn(-c3ccc(S(N)(=O)=O)cc3)c1-2,P23280,P00918,5.0894,7.3098,=,=,Ki,within
Cc1c(C(=O)NNC(N)=S)nnn1-c1ccc(S(N)(=O)=O)cc1,P22748,P00918,5.3361,7.1824,=,=,Ki,within
CCCCCCCCCCCCCCCCCCOS(N)(=O)=O,Q16790,P00918,6.9208,6.8894,=,=,Ki,within
NS(=O)(=O)c1cc(C(=O)NCCO)c(S(=O)(=O)Cc2ccccc2)cc1Cl,P00915,P00918,5.8283,8.2285,=,=,Kd,within
N=c1c2c(-c3ccc(Cl)cc3)cn(-c3ccc(S(N)(=O)=O)cc3)c2ncn1N,Q16790,P00915,6.8242,6.3919,=,=,Ki,within
CC1(C)O[C@@H]2[C@@H](CO[C@@]3(COS(N)(=O)=O)OC(C)(C)O[C@@H]23)O1,P00918,P43166,8.0,9.0458,=,=,Ki,within
Cc1cc(N2CC(c3n[nH]c(=S)n3-c3ccccc3)CC2=O)c(Cl)c(C)c1S(N)(=O)=O,P00915,O43570,7.8288,7.9604,=,=,Kd,within
NS(=O)(=O)c1ccc(NC2CCN(c3nccs3)C2=O)cc1,P00915,P00918,6.8614,7.5884,=,=,Ki,within
NS(=O)(=O)c1cc(C(=O)NC2CCCCC2)c(S(=O)(=O)C2CCCCC2)cc1Cl,P23280,Q9ULX7,6.6387,9.2474,=,=,Kd,within
COCCNC(=O)c1cc(S(N)(=O)=O)c(Cl)cc1S(=O)(=O)C1CCCCC1,Q8N1Q1,Q9ULX7,7.9604,9.3797,=,=,Kd,within
N#Cc1ccc(CN2C(=O)/C(=N\c3ccc(NC(=O)Nc4ccc(S(N)(=O)=O)cc4)cc3)c3cc(Br)ccc32)cc1,P00915,O43570,5.2334,7.7825,=,=,Ki,within
CC(=O)Nc1nc(C)c(S(=O)(=O)Nc2ccc(C(O)(C(F)(F)F)C(F)(F)F)cc2)s1,P51449,Q92753,6.3288,5.9586,=,=,IC50,within
Cc1ccc(F)cc1C(C)(C)CC(O)(Cc1cc2cnccc2[nH]1)C(C)(C)C,P04150,P06401,7.8785,6.1079,=,=,IC50,within
Oc1ccc(-c2cc(F)c3cc(O)ccc3c2)cc1,Q92731,P03372,8.7959,7.6576,=,=,IC50,within
Oc1ccc2c(c1)S[C@H](Cc1ccccc1)[C@H](c1ccc(OCCN3CCCCC3)cc1)O2,P03372,Q92731,8.1308,7.2218,=,=,IC50,within
CCCc1cc(C(=O)CC)cc(CCC)c1O[C@H](C(=O)O)c1ccc(CC)cc1,P37231,Q07869,6.3188,7.1192,=,=,EC50,within
Cc1ccccc1OS(=O)(=O)C1CC2OC1C(c1ccc(NC(=O)CCCCCCC(=O)O)cc1)=C2c1ccc(O)cc1,Q92731,P03372,7.0367,6.9829,=,=,Ki,within
COc1nc(C2=NN(c3ccc(C#N)c(C)n3)[C@@H](C3CCCC3)C2)ccc1C(N)=O,P06401,P08235,6.224,8.3665,=,=,IC50,within
CC[C@H](C)[C@@H]1NC(=O)[C@H](NC(=O)[C@@H](N)CCCNC(=N)N)CCSC[C@@H](C(=O)N[C@@H](CCCNC(=N)N)C(=O)N[C@@H](CC(C)C)C(=O)N[C@@H](CC(C)C)C(=O)N[C@@H](CCC(N)=O)C(N)=O)NC(=O)[C@H](CC(C)C)NC1=O,Q92731,P03372,7.1938,8.1612,=,=,Ki,within
CCc1ccc(C2=C(/C=C/C#Cc3ccc(C(=O)O)cc3)C(C)(C)CCC2)cc1,P10276,P10826,6.6576,7.3979,=,=,IC50,within
N#CC[C@H](Cc1ccc(O)cc1)c1ccc(O)cc1,P03372,Q92731,6.8861,7.5229,=,=,EC50,within
CCCOC1Oc2ccc(Cl)cc2-c2ccc3c(c21)C(C)=CC(C)(C)N3,P10275,P04150,6.1568,6.585,=,=,Ki,within
Cc1cc(C2(c3ccc(O)c(C)c3)c3ccccc3-c3ccccc32)ccc1O,Q92731,P03372,4.6021,5.0132,=,=,IC50,within
Cc1nocc1-c1ccc2[nH]c([C@@]3(Cc4ccccc4)OC(=O)N([C@H](C)c4ccc(F)cc4)C3=O)nc2c1,P03372,P04150,5.3098,5.5376,=,=,IC50,within
Cc1cc(COc2ccc3c(c2)O/C(=C\c2ccc(Cl)cc2)C3=O)cc(C)c1OC(C)(C)C(=O)O,Q07869,Q03181,5.762,5.7033,=,=,EC50,within
CC(C)CN(Cc1ccc(-c2ccc(S(C)(=O)=O)cc2)s1)S(=O)(=O)Cc1ccccc1,Q92753,P55055,5.6576,5.4089,=,=,EC50,within
O=C(O)CCOc1nc(Cl)cc(N2CCCCc3ccccc32)n1,P28702,P48443,6.3468,5.699,=,=,EC50,within
CC(C)[C@@H]1CN(c2ccc(F)c(S(C)(=O)=O)c2)CCN1c1ccc(C(C)(O)C(F)(F)F)cn1,Q13133,P55055,6.118,7.284,=,=,Ki,within
COc1ccc(-c2ncc(C)c(N(C)CCCOc3ccc4c(c3)CC[C@H]4CC(=O)O)n2)cc1,Q07869,Q03181,5.857,7.9208,=,=,EC50,within
Oc1ccc(CC2CCc3ccc(O)cc32)cc1,P03372,Q92731,5.6757,7.5867,=,=,EC50,within
C/C(=C\c1ccc(C(=O)O)cc1)c1cc2c(cc1Br)C(C)(C)CCC2(C)C,P19793,P13631,6.5258,7.041,=,=,EC50,within
CCCCCCOc1ccc(C(=O)CCN(C)C)cc1[N+](=O)[O-],P10827,P10828,5.4318,5.5229,=,=,IC50,within
CCN(c1ccc(OCCCCCC(=O)N[C@H](C(=O)N2C[C@@H](O)C[C@H]2C(=O)N[C@@H](C)c2ccc(-c3scnc3C)cc2)C(C)(C)C)cc1)S(=O)(=O)C1CC2OC1C(c1ccc(O)cc1)=C2c1ccc(O)cc1,Q92731,P03372,5.3089,5.8069,=,=,Ki,within
O=S(=O)(Oc1ccc(O)cc1)C1CC2OC1C(c1ccc(/C=C/c3cc(O)cc(O)c3)cc1)=C2c1ccc(O)cc1,P03372,Q92731,6.9329,6.743,=,=,Ki,within
CCOC(=O)c1cc(Br)cc(NC(=O)c2sc(Cl)cc2S(=O)(=O)N(C)c2ccc(OCC)c(OC)c2)c1,Q13133,P55055,5.8539,5.8239,=,=,EC50,within
O=C(CC(Nc1ccc([N+](=O)[O-])cc1)c1cccc(F)c1)c1ccc(F)cc1,P06401,P10275,7.1675,7.5229,=,=,Ki,within
CC(/C=C/[C@@]1(C)CCC[C@@H]1c1ccc2c(c1)C(C)(C)CCC2(C)C)=C\C(=O)O,P10826,P13631,6.0921,5.7498,=,=,EC50,within
CCc1ccc(C2=C(/C=C/C#Cc3ccc(C(=O)O)cc3)C(C)(C)CCC2)cc1,P10826,P10276,8.3979,6.8665,=,=,Kd,within
Cc1cc(CNC(=O)c2cc(-c3ccc(N4CCCC4)cc3)n(C)n2)ccc1OC(C)(C)C(=O)O,P37231,Q03181,7.699,5.9747,=,=,EC50,within
CCCC1(C)CCc2cc3c(C(F)(F)F)cc(O)nc3cc2N1,P06401,P10275,5.9416,7.3768,=,=,IC50,within
CCC(CC)(c1ccc(O)c(C)c1)c1ccc(O)c(C)c1,P10275,P03372,5.3468,8.0271,=,=,IC50,within
CCCc1c(OCCCSc2ccc(CC(=O)O)cc2Cl)ccc2c(C(F)(F)F)noc12,P55055,Q13133,7.6038,7.451,=,=,IC50,within
CC(C)[C@H]1CN(c2ccc(CCO)c(S(C)(=O)=O)c2)CCN1C[C@H]1CCN(CC(F)(F)F)C1,P55055,Q13133,6.382,5.4999,=,=,Ki,within
CCc1ccc(C2=C(/C=C/C#Cc3ccc(C(=O)O)cc3)C(C)(C)CCC2)cc1,P10276,P13631,6.6576,8.5229,=,=,IC50,within
O=C(O)Cc1ccc(COc2ccc3c(c2)CCC3)cc1,P48443,P19793,4.6576,4.8861,=,=,EC50,within
CC(=O)[C@H]1CC[C@H]2[C@@H]3CCC4=CC(=O)CC[C@]4(C)[C@H]3CC[C@]12C,P06401,P10275,8.4559,8.0706,=,=,Ki,within
O=C(O)CCc1ccc(COc2cccc3c2CCC3)cc1,P28702,P48443,5.7696,5.585,=,=,EC50,within
C/C=C/C=C/C(O)=C1/C(=O)[C@@]2(C)[C@H]3/C(=C(/O)CC/C=C/C)C(=O)[C@@]4(C)[C@@H]1[C@]1(C)O[C@@]4(O)[C@@]3(C)O[C@@]12O,P37231,Q07869,4.7557,4.9473,=,=,Kd,within
CC(C)=CCc1c(O)cc(O)c2c1O[C@H](c1ccc(O)cc1)CC2=O,Q92731,P03372,8.301,8.228,=,=,EC50,within
Cc1nn(CCC(C)(F)F)c(-c2ccc(F)cc2)c1-c1ccc2c(c1)NC(=O)CO2,P06401,P08235,5.9149,7.8724,=,=,IC50,within
O=S(=O)(c1ccccc1)N(CC(F)(F)F)c1ccc(C(O)(C(F)(F)F)C(F)(F)F)cc1,P35398,O75469,5.699,7.4437,=,=,IC50,within
CC1=C(C2=C(C)C(=O)c3c(cc(O)c(O)c3CCCc3ccccc3)C2=O)C(=O)c2cc(O)c(O)c(CCCc3ccccc3)c2C1=O,P10415,Q07817,5.8386,6.0177,=,=,Ki,within
O=C(NS(=O)(=O)c1ccc(NC[C@H]2CC[C@@H](O)CC2)c([N+](=O)[O-])c1)c1ccc(C2=CCC(N3CCC[C@H]3c3ccccc3C3CC3)CC2)cc1Oc1cnc2[nH]ccc2c1,Q07817,P10415,5.5322,8.3565,=,=,IC50,within
O=C(O)c1cc(SCCc2ccccc2)ccc1NS(=O)(=O)c1ccc2ccccc2c1,P10415,Q07817,5.2518,5.284,=,=,Ki,within
CO[C@@H]1CC(c2ccccc2C2CC2)N(C2CC=C(c3ccc(C(=O)NS(=O)(=O)c4ccc(NCC5CCOCC5)c([N+](=O)[O-])c4)c(Oc4cnc5[nH]ccc5c4)c3)CC2)C1,P10415,Q07817,7.699,5.4445,=,=,IC50,within
O=C(NS(=O)(=O)c1ccc(NCC2CCOCC2)c([N+](=O)[O-])c1)c1ccc(-c2ccc(N3CCCC3c3ccccc3C3CCC3)cc2)cc1Oc1cnc2[nH]ccc2c1,P10415,Q07817,8.03,5.9076,=,=,IC50,within
CCOc1ccccc1N/N=C1\C(=O)N(c2cc(O)cc(-c3ccc(N(C)C)cc3)c2)N=C1C,Q07812,P10415,6.0969,4.9208,=,=,Ki,within
O=C(NS(=O)(=O)c1ccc(N[C@H](CCN2CCOCC2)CSc2ccccc2)c(S(=O)(=O)C(F)(F)F)c1)c1ccc(N2CCC(Oc3ccccc3-c3ccc(Cl)cc3)CC2)cc1,P10415,Q07817,6.6021,7.4202,=,=,IC50,within
CN1CCN(C2CC3(CCN(c4ccc(C(=O)NS(=O)(=O)c5ccc(NC[C@H]6CC[C@](C)(O)CC6)c([N+](=O)[O-])c5)c(Oc5cnc6[nH]ccc6c5)c4)CC3)C2)[C@H](c2ccccc2C2CC2)C1,P10415,Q07817,10.1487,6.7852,=,=,IC50,within
CN(C)CC[C@H](CSc1ccccc1)Nc1ccc(S(=O)(=O)Nc2ccc(N3CCNCC3)cc2)cc1[N+](=O)[O-],P10415,Q07817,3.2725,4.7212,=,=,IC50,within
CCn1c(C)c(C(=O)NS(C)(=O)=O)c(-c2cccc(N3CCN(c4ccc(NS(=O)(=O)c5ccc(N[C@H](CCN(C)C)CSc6ccccc6)c([N+](=O)[O-])c5)cc4)CC3)c2)c1-c1ccc(Cl)cc1,P10415,Q07817,8.7447,8.1549,=,=,IC50,within
COC(c1ccccc1C1CC1)C1CCCN1C1CC=C(c2ccc(C(=O)NS(=O)(=O)c3ccc(NCC4CCOCC4)c([N+](=O)[O-])c3)c(Oc3cnc4[nH]ccc4c3)c2)CC1,P10415,Q07817,8.3279,5.9772,=,=,IC50,within
O=C(NS(=O)(=O)c1ccc(NCC2CCOCC2)c([N+](=O)[O-])c1)c1ccc(-c2ccc(N3CCC[C@H]3c3ccccc3Cl)cc2)cc1Oc1cnc2[nH]ccc2c1,P10415,Q07817,7.4437,5.5691,=,=,IC50,within
CC1=C(C2=C(C)C(=O)c3c(cc(O)c(O)c3CCCc3ccccc3)C2=O)C(=O)c2cc(O)c(O)c(CCCc3ccccc3)c2C1=O,Q07817,P10415,5.8416,5.6635,=,=,IC50,within
CN(C)CC[C@H](CSc1ccccc1)Nc1ccc(S(=O)(=O)Nc2ccc(N3CCN(Cc4ccccc4-c4ccc(Cl)cc4)CC3)cc2)cc1[N+](=O)[O-],Q07817,P10415,7.054,7.0691,=,=,IC50,within
O=C(NS(=O)(=O)c1ccc(NCC2CCOCC2)c([N+](=O)[O-])c1)c1ccc(N2CCC3(CC2)CC(N2CCC[C@H]2c2ccccc2Cl)C3)cc1Oc1cnc2[nH]ccc2c1,P10415,Q07817,9.4762,6.535,=,=,IC50,within
O=C(NS(=O)(=O)c1ccc(NCC2CCOCC2)c([N+](=O)[O-])c1)c1ccc(C2=CCC(N3CCCC3c3cccc(C4CC4)c3)CC2)cc1Oc1cnc2[nH]ccc2c1,Q07817,P10415,5.2898,8.1024,=,=,IC50,within
CC1(C)CC(CNc2ccc(S(=O)(=O)NC(=O)c3ccc(N4CCC5(CC4)CC(N4CCC[C@H]4c4ccccc4C4CC4)C5)cc3Oc3cnc4[nH]ccc4c3)cc2[N+](=O)[O-])CCO1,P10415,Q07817,10.0757,6.7645,=,=,IC50,within
CCCCN(CCCC)C(=O)c1nn(-c2ccc(C(=O)NS(=O)(=O)c3ccc4cccc(OCCCN5CCOCC5)c4c3)cc2C(=O)N2CCc3ccccc3C2)c(C)c1Cl,P10415,Q07817,6.5376,7.301,=,=,IC50,within
COC1(Cc2ccc(Cl)cc2)CCN(c2ccc(C(=O)NS(=O)(=O)c3ccc(N[C@H](CCN(C)C)CSc4ccccc4)c([N+](=O)[O-])c3)cc2)CC1,P10415,Q07817,8.5686,9.0458,=,=,Ki,within
CN1CCC(Cc2ccccc2[C@H]2CCCN2c2ccc(-c3ccc(C(=O)NS(=O)(=O)c4ccc(NCC5CCOCC5)c([N+](=O)[O-])c4)c(Oc4cnc5[nH]ccc5c4)c3)cc2)CC1,P10415,Q07817,9.9586,7.9208,=,=,IC50,within
COC1(Cc2ccc(Cl)cc2)CCN(c2ccc(C(=O)NS(=O)(=O)c3ccc(N[C@H](CCN(C)C)CSc4ccccc4)c([N+](=O)[O-])c3)cc2)CC1,Q07817,P10415,6.3979,6.301,=,=,EC50,within
O=C(NS(=O)(=O)c1ccc(N[C@H](CCN2CCOCC2)CSc2ccccc2)c(S(=O)(=O)C(F)(F)F)c1)c1csc(N2CCN(Cc3ccccc3-c3ccc(Cl)cc3)CC2)n1,P10415,Q07817,6.9245,7.0088,=,=,IC50,within
CN(C)C(=O)COc1cccc(-c2ccc(Cl)cc2)c1CN1CCN(c2ccc(C(=O)NS(=O)(=O)c3ccc(N[C@H](CCN4CCOCC4)CSc4ccccc4)c(S(=O)(=O)C(F)(F)F)c3)cc2)CC1,Q07817,P10415,7.3229,7.3468,=,=,IC50,within
C[C@@H](Nc1ncnc2sc(-c3ccccc3)c(-c3cccc(O)c3)c12)C(=O)O,P10415,Q07817,4.3098,4.3768,=,=,Ki,within
O=C(NS(=O)(=O)c1ccc(NC[C@@H]2CCN(C3COC3)C2)c([N+](=O)[O-])c1)c1ccc(C2=CCC(N3CCCC3c3ccccc3C3CC3)CC2)cc1Oc1cnc2[nH]ccc2c1,P10415,Q07817,7.7696,6.1972,=,=,IC50,within
CCOc1ccccc1N/N=C1/C(=O)N(c2nc(-c3ccccc3)cs2)N=C1C,Q07812,P10415,5.9586,5.5229,=,=,Ki,within
O=C(NS(=O)(=O)c1ccc(NCC2CC(O)CO2)c([N+](=O)[O-])c1)c1ccc(N2CCC3(CC2)CC(N2CCC[C@H]2c2ccccc2C2CC2)C3)cc1Oc1cnc2[nH]ccc2c1,P10415,Q07817,10.276,7.6612,=,=,IC50,within
O=C(Nc1nc2ccccc2s1)c1cccc2c1CN(c1nc(C(=O)O)c(CCCOc3ccc(-n4ncc5cncnc54)cc3)s1)CC2,P10415,Q07817,6.7696,9.8985,=,=,Ki,within
O=C(NS(=O)(=O)c1ccc(NCCN2CCOCC2)c([N+](=O)[O-])c1)c1ccc(-c2ccc(N3CCC[C@@H]3c3ccccc3C3CC3)cc2)cc1Oc1cnc2[nH]ccc2c1,Q07817,P10415,6.7696,8.041,=,=,IC50,within
CCCN(CCC)c1nn(-c2ccc(C(=O)NS(=O)(=O)c3ccc4cccc(Cl)c4c3)cc2C(=O)N2CCc3ccccc3C2)c(C(F)(F)F)c1Cl,P10415,Q07817,7.3979,6.2924,=,=,IC50,within
CN1CCN(c2ccc(-c3ccc(C(=O)NS(=O)(=O)c4ccc(NCC5CCOCC5)c([N+](=O)[O-])c4)c(Oc4cnc5[nH]ccc5c4)c3)cc2)C(c2ccccc2C2CC2)C1,P10415,Q07817,8.2218,5.6853,=,=,IC50,within
CC1=C(C2=C(C)C(=O)c3c(cc(O)c(O)c3CCCc3ccccc3)C2=O)C(=O)c2cc(O)c(O)c(CCCc3ccccc3)c2C1=O,P10415,Q16548,5.6635,5.2782,=,=,IC50,within
CC(=O)N1CCC(c2ccccc2[C@H]2CCCN2c2ccc(-c3ccc(C(=O)NS(=O)(=O)c4ccc(NCC5CCOCC5)c([N+](=O)[O-])c4)c(Oc4cnc5[nH]ccc5c4)c3)cc2)CC1,P10415,Q07817,8.5229,6.5591,=,=,IC50,within
CC1=C(C2=C(C)C(=O)C3C(C(C)C)=C(O)C(O)=CC3C2=O)C(=O)c2cc(O)c(O)c(C(C)C)c2C1=O,P10415,Q07817,7.4559,6.1805,=,=,Ki,within
O=C(NS(=O)(=O)c1ccc(NCC2CCOCC2)c([N+](=O)[O-])c1)c1ccc(-c2ccc(N3CCCC3c3ccc(Cl)cc3)cc2)cc1Oc1cnc2[nH]ccc2c1,P10415,Q07817,6.8539,5.1456,=,=,IC50,within
CCSCCCCC(c1ccc(O)cc1)C(C)(CC)c1ccc(O)cc1,P10415,Q07817,3.6836,3.7053,=,=,Ki,within
C[C@]1(O)CC[C@H](CNc2ccc(S(=O)(=O)NC(=O)c3ccc(C4=CCC5(CC4)CC(N4CCC[C@H]4c4ccccc4C4CC4)C5)cc3Oc3cnc4[nH]ccc4c3)cc2[N+](=O)[O-])CC1,P10415,Q07817,9.3468,5.3435,=,=,IC50,within
C[C@]1(O)CC[C@H](CNc2ccc(S(=O)(=O)NC(=O)c3ccc(N4CCC5(CC4)CC(N4CCC[C@H]4c4ccccc4C4CC4)C5)cc3Oc3cnc4[nH]ccc4c3)cc2[N+](=O)[O-])CC1,Q07817,P10415,7.6198,9.8445,=,=,IC50,within
O=C1N=C2C(=C1NCCCc1ccccc1)c1ccc(N3CCSCC3)c3cccc2c13,P10415,Q07817,7.3098,7.3665,=,=,IC50,within
CCCCN(CCCC)C(=O)c1nn(-c2ccc(C(=O)NS(=O)(=O)c3ccc4ccc(OCc5ccccc5)cc4c3)cc2C(=O)N2CCc3ccccc3C2)c(C)c1Cl,P10415,Q07817,8.0,7.5229,=,=,IC50,within
C#CCN(CCOc1ccc2ccc(=O)oc2c1)Cc1ccc(OC)cc1,P21397,P27338,4.2592,5.4543,=,=,IC50,within
O=C(O)CNC(=O)c1ncc(-c2cccc(Cl)c2)cc1O,Q12797,O43151,5.3565,5.26,=,=,IC50,within
O=C1NC(c2cccc(NCc3ccc(F)cc3)n2)(c2cccc(Nc3ccc(F)c(F)c3)n2)CC(O)=C1Sc1ccccc1Cl,P00338,P07195,7.4307,6.6678,=,=,IC50,within
Cc1ccc(/C=C/C(=N\NC(=O)c2cccs2)c2ccc(Cl)cc2)cc1,P21397,P27338,7.4685,6.284,=,=,Ki,within
Fc1ccc([C@@H]2C[C@H]2N[C@H]2CC[C@@H](Nc3ncnc4sc(CC(F)(F)F)cc34)CC2)cc1F,P21397,P27338,4.3887,5.9172,=,=,IC50,within
Cc1ccc(-c2ccc(C3(C(=O)O)CC3)cc2F)cc1F,Q04828,O60218,5.3605,5.2549,=,=,IC50,within
O=C(O)CNC(=O)c1ncc(-c2cccc(Cl)c2)cc1O,O43151,Q8N371,5.26,5.3872,=,=,IC50,within
O=C(O)CNC(=O)c1ncc(-c2cccc(Cl)c2)cc1O,Q9H6Z9,Q9NWT6,6.4089,4.5376,=,=,IC50,within
Cl.N[C@@H]1C[C@H]1c1ccc(NC(=O)c2ccc(-c3ccoc3)cc2)cc1,P21397,P27338,7.3979,7.0605,=,=,IC50,within
O=C1NC(=O)C2(CCN(c3cc(C(F)(F)F)cn4cncc34)CC2)N1,P14902,P48775,5.9901,5.8401,=,=,IC50,within
NS(=O)(=O)c1ccc(-c2cc(F)c(F)cc2-c2ccc(F)cc2)cc1,P23219,P35354,5.2441,8.399,=,=,IC50,within
COc1ccccc1-c1ccc(C(C)C(=O)O)cc1C(F)(F)F,P42330,P52895,7.2218,5.5258,=,=,IC50,within
O=C(c1cccc(O)c1)c1nc2ccc(O)cc2s1,P14061,P37059,7.3565,5.9851,=,=,IC50,within
CON[C@H]1CC[C@]2(C)[C@H]3C(=O)C=C4[C@@H]5C[C@@](C)(C(=O)O)CC[C@]5(C)CC[C@@]4(C)[C@]3(C)CC[C@H]2C1(C)C.Cl,P28845,P80365,7.3696,7.8386,=,=,IC50,within
O=C(O)Cn1c2c(c3c(Cl)cc(Cl)cc31)CCN(Cc1ccccc1)C2=S,P14550,O60218,5.0,5.2147,=,=,IC50,within
O=C(O)CNC(=O)c1ncc(-c2cccc(Cl)c2)cc1O,Q9H6Z9,Q8NFU7,6.4089,5.2,=,=,IC50,within
NS(=O)(=O)c1ccc(-n2nc(NC(=O)NCCCCCCCCCCC(=O)O)cc2-c2ccccc2)cc1,P35354,P23219,5.6615,4.9618,=,=,IC50,within
CC(C)OC1(C)OC(=O)C(c2ccc(F)cc2)=C1c1ccc(S(C)(=O)=O)cc1,P35354,P23219,6.0969,5.5229,=,=,IC50,within
C#CCNCc1ccc(-c2ccc(O)c(C(=O)O)c2)o1.N,P00338,P07195,5.468,5.4957,=,=,Ki,within
Cc1ccc2oc(=O)c(-c3ccccc3O)cc2c1,P21397,P27338,4.6659,6.9207,=,=,IC50,within
O=C1Nc2ccc(-c3ccccc3)cc2C1=O,P21397,P27338,6.2503,5.9245,=,=,IC50,within
COc1cc2c(cc1OC)CN(C(=O)CCn1sc3nc(C)cc(C)c3c1=O)CC2,P23219,P35354,3.4117,3.529,=,=,IC50,within
CCOc1ccc(C(=O)/C=C/c2ccccc2)cc1,P21397,P27338,4.5452,6.5379,=,=,IC50,within
O=C(Nc1ccc(Cl)cc1C(=O)O)c1cccc(O)c1,P42330,Q04828,6.0831,4.2941,=,=,IC50,within
CCCN(CCC)c1ccc(C=O)cc1Br,P00352,P47895,5.15,6.2007,=,=,IC50,within
COc1c(C)c2c(c(O)c1C/C=C(\C)CCC(=O)NCC(=O)O)C(=O)OC2,P20839,P12268,6.0496,6.4935,=,=,Ki,within
CCCCNC=O,P08319,P00326,3.9586,4.0,=,=,Ki,within
COc1cccc(-c2ccc(C(=O)N(C)Cc3cccc(O)c3)s2)c1,P37059,P14061,6.556,4.6318,=,=,IC50,within
O/N=C(\CNc1cc(Br)cc2[nH]ncc12)c1ccc(O)cc1,P48775,P14902,4.8908,4.2428,=,=,IC50,within
CCN(CCCOc1ccc2c(C)c(C)c(=O)oc2c1)Cc1cccc(F)c1,P21397,P27338,5.1079,7.1367,=,=,IC50,within
O=C1C(=O)N(CCc2ccccc2)c2ccc(Cl)cc21,P30838,P00352,4.9586,7.0458,=,=,IC50,within
O=C(/C=C/c1ccc(F)cc1F)Nc1ccc2[nH]ccc2c1,P21397,P27338,4.8477,5.8697,=,=,IC50,within
O=C1c2ccccc2C(=O)N1c1nc2cc([N+](=O)[O-])ccc2n1Cc1ccc(-c2ccccc2)cc1,P35354,P16050,6.0,5.9914,=,=,IC50,within
Cc1ccc(-c2ccc(C(=O)c3cc(F)c(F)c(O)c3F)s2)cc1N,P14061,P37059,7.3098,8.0,=,=,IC50,within
Cc1cccc(S(=O)(=O)Nc2cccc(-c3ccc(C(=O)c4cc(F)c(F)c(O)c4F)s3)c2)c1,P14061,P37059,10.0,9.699,=,=,IC50,within
OC(c1cccs1)c1c(Br)sc2cncn12,P14902,P48775,7.1979,6.1918,=,=,IC50,within
CCC(C)NC(=O)c1cc2cc([N+](=O)[O-])ccc2oc1=O,P27338,P21397,4.7392,4.4256,=,=,IC50,within
COc1ccccc1CCC(=O)Nc1cc(/C=C/C(=O)O)ccc1CC=C(C)C,P42330,P52895,7.0915,5.1549,=,=,IC50,within
COCCOc1ccc(CCC(=O)N2CCN(c3ccc(O)cn3)CC2)cc1,P23368,Q16798,5.585,6.2366,=,=,IC50,within
COc1ccc(C(=O)O)c(Nc2cccc(C)c2)c1,P42330,P52895,6.1938,6.0605,=,=,IC50,within
CCCNC(=O)COc1ccc(-c2oc3cc(O)c(C(=O)O)cc3c2C#Cc2cccc(Cl)c2)cc1,Q12923,P29350,6.4089,6.041,=,=,IC50,within
O=C(O)[C@@H](Cc1ccccc1)N1C(=O)/C(=C/c2cn(-c3ccccc3)nc2-c2ccc3ccccc3c2)SC1=S,P17706,P30305,5.3363,5.2132,=,=,IC50,within
O=C(O)C(=O)c1ccc(OCc2cc(COc3ccc(C(=O)C(=O)O)cc3)cc(COc3ccc(C(=O)C(=O)O)cc3)c2)cc1,P10586,P18031,4.3872,4.8861,=,=,IC50,within
NCc1ccc(C(=O)c2ccc3c(-c4ccc(OCC(=O)O)cc4)nocc2-3)cc1,P18031,P30305,5.6655,5.0,=,=,IC50,within
O=S(=O)(Nc1ccc2oc(-c3ccc(NS(=O)(=O)c4cccc5nonc45)cc3)nc2c1)c1ccc(Cl)s1,P54829,P17706,4.6198,4.5528,=,=,IC50,within
COC(=O)c1c(O)cccc1OCCCCNC(=O)[C@H](Cc1ccc(OC(C)C(=O)O)c(C(=O)O)c1)NC(=O)[C@H](Cc1ccccc1)NC(=O)OC(C)(C)C,P18031,Q9Y2R2,6.7959,5.7055,=,=,Ki,within
CCCNC(=O)COc1ccc(-c2oc3cc(O)c(C(=O)O)cc3c2C#Cc2cccc(Cl)c2)cc1,P17706,Q9H1R2,4.9469,5.5376,=,=,IC50,within
CCCCCCCCCCCCCCCC(=O)C1=C(O)C(COS(C)(=O)=O)OC1=O,P18031,P24666,6.3979,5.4815,=,=,IC50,within
CCCNC(=O)COc1ccc(-c2oc3cc(O)c(C(=O)O)cc3c2C#Cc2cccc(Cl)c2)cc1,Q05209,P24666,6.0969,6.4685,=,=,IC50,within
NCc1ccc(C(=O)c2ccc3c(-c4ccc(OCC(=O)O)cc4)nocc2-3)cc1,P30304,P08575,5.0,5.9101,=,=,IC50,within
CCOS(=O)(=O)/C=C/c1ccc(OCC2=CC[C@@H]3C(C(=O)Nc4ccc(Oc5ccc(Br)cc5Cl)cc4)=CO[C@@H](OCc4ccccc4)[C@H]23)cc1,P18031,Q06124,6.3872,5.4012,=,=,IC50,within
O=C(O)c1cc2c(C#Cc3ccc(OC(F)(F)F)cc3)c(-c3ccccc3)oc2cc1O,P29350,P18031,5.6038,5.2924,=,=,IC50,within
O=C(O)c1cccc(/C=C/c2ccc(Oc3cnoc3-c3cccc([N+](=O)[O-])c3)cc2)c1,P17706,P18031,4.8778,5.6882,=,=,IC50,within
CCOS(=O)(=O)/C=C/c1ccc(OCc2ccc(COc3ccc(/C=C/S(=O)(=O)OCC)cc3)cc2)cc1,P18031,P17706,5.9208,5.4698,=,=,IC50,within
O=C(CCCCC1CCSS1)Nc1ccc2c(c1)C[C@@H](C(=O)O)OC2,P18031,P17706,6.9817,5.6366,=,=,IC50,within
O=S(=O)(Nc1ccc2oc(-c3ccc(NS(=O)(=O)c4cccc5nonc45)cc3)nc2c1)c1ccc(Cl)s1,P18031,P17706,4.8239,4.5528,=,=,IC50,within
C[C@H](CCC(=O)O)[C@H]1CC[C@H]2[C@@H]3CC=C4C(C)(C)c5oncc5C[C@]4(C)[C@H]3CC[C@]12C,P18031,P17706,5.0395,4.3316,=,=,IC50,within
O=C(O)c1cc2c(C#Cc3cccc(C(F)(F)F)c3)c(-c3ccccc3)oc2cc1O,P17706,Q9UNH5,4.8861,5.2218,=,=,IC50,within
O=C(O)c1cc2c(C#Cc3cccc(C(F)(F)F)c3)c(-c3ccccc3)oc2cc1O,Q12923,Q06124,5.8861,5.7447,=,=,IC50,within
CCOS(=O)(=O)/C=C/c1ccc(OCCCCNc2nc(-c3ccc(F)cc3)cs2)cc1,P18031,P17706,5.8861,4.8508,=,=,IC50,within
O=C(O)c1cc2c(C#Cc3cccc(C(F)(F)F)c3)c(-c3ccccc3)oc2cc1O,P24666,Q12923,5.3665,5.8861,=,=,IC50,within
O=C(O)c1ccc2c(c1)C1C=CCC1C(C(=O)O)N2,P18031,P30305,5.1805,5.6021,=,=,IC50,within
O=C(O)[C@H](Cc1ccccc1)n1cc(CO[C@@H]2O[C@H](COCc3ccccc3)[C@H](OCc3ccccc3)[C@H](OCc3ccccc3)[C@H]2OCc2ccccc2)nn1,Q06124,P30305,4.7595,5.1549,=,=,IC50,within
O=C(O)C(=O)c1ccc(OCc2ccc(COc3ccc(C(=O)C(=O)O)cc3)cc2)cc1,P17706,P18031,5.2048,5.3259,=,=,IC50,within
CCCNC(=O)COc1ccc(-c2oc3cc(O)c(C(=O)O)cc3c2C#Cc2cccc(Cl)c2)cc1,P24666,P51452,6.4685,5.2291,=,=,IC50,within
O=C(O)c1cc2c(C#Cc3ccc(OC(F)(F)F)cc3)c(-c3ccccc3)oc2cc1O,P51452,P08575,5.6778,5.4437,=,=,IC50,within
CCOS(=O)(=O)/C=C/c1ccc(OCC2=CC[C@@H]3C(C(=O)Nc4ccc(Oc5ccc(Br)cc5Cl)cc4)=CO[C@@H](OCc4ccccc4)[C@H]23)cc1,P17706,Q06124,5.8894,5.4012,=,=,IC50,within
CCCNC(=O)COc1ccc(-c2oc3cc(O)c(C(=O)O)cc3c2C#Cc2cccc(Cl)c2)cc1,P35236,Q06124,5.5229,6.2518,=,=,IC50,within
O=C(O)COc1c(O)cc(-c2ccc(C(F)(F)F)cc2)cc1OCc1ccc(C(F)(F)F)cc1,P17706,P18031,4.3565,5.2676,=,=,IC50,within
O=C(O)c1cc2c(C#Cc3ccc(OC(F)(F)F)cc3)c(-c3ccccc3)oc2cc1O,P08575,Q9UNH5,5.4437,5.2218,=,=,IC50,within
CCOS(=O)(=O)/C=C/c1ccc(O[C@@H]2CN(C(=O)C(=O)Nc3ccc(Oc4ccc(CC)cc4)cc3)C[C@@H]2Oc2ccc(CCS(=O)(=O)OCC)cc2)cc1,P18031,Q06124,5.9281,5.5086,=,=,IC50,within
O=C(O)C(=O)Nc1sc2c(c1C(=O)O)CCN(Cc1ccccc1)C2,P18031,P17706,4.8539,4.6198,=,=,Ki,within
Cn1cc(-c2cn(CC(=O)Nc3nc4ccccc4s3)nn2)c2cc(C(=O)O)c(O)cc21,P18031,Q06124,5.6778,5.2596,=,=,IC50,within
CC(C)CCN[C@@H]1CCc2cc(O)c(N3CC(=O)NS3(=O)=O)c(F)c2C1,P18031,P17706,8.8816,8.7447,=,=,IC50,within
O=C(O)C(=O)c1ccc(OCc2ccc(COc3ccc(C(=O)C(=O)O)cc3)c(C(=O)Nc3ccc(Oc4ccc(SC(F)(F)F)cc4)cc3)c2)cc1,P17706,P18031,5.3979,5.7959,=,=,IC50,within
O=S(=O)(/C=C/c1ccc(-c2ccccc2)cc1)Nc1nc(-c2ccccc2)c(-c2ccccc2)s1,P18031,P51452,4.0458,4.4685,=,=,IC50,within
CCCNC(=O)COc1ccc(-c2oc3cc(O)c(C(=O)O)cc3c2C#Cc2cccc(Cl)c2)cc1,P23470,P08575,5.3979,5.4949,=,=,IC50,within
O=C(O)c1cc2c(C#Cc3ccc(OC(F)(F)F)cc3)c(-c3ccccc3)oc2cc1O,P23470,Q9NRW4,5.7447,5.7212,=,=,IC50,within
O=S(=O)(Nc1ccc2oc(-c3ccccc3)nc2c1)c1ccc(Cl)s1,P17706,P18031,4.1427,4.1192,=,=,IC50,within
O=C(O)c1cc2c(C#Cc3cccc(C(F)(F)F)c3)c(-c3ccccc3)oc2cc1O,Q12923,P29350,5.8861,5.6383,=,=,IC50,within
CCCCCn1c(-c2ccco2)nc2c(N(C)CCCO)nccc21,Q14432,O76074,5.0035,5.5361,=,=,IC50,within
CCOc1ncccc1-c1cc(NCc2scnc2C)c2c(cnn2C(C)C)n1,Q01064,Q14123,7.7447,6.7447,=,=,IC50,within
CCOc1ncccc1-c1cc(NCc2cccc3oc(C)nc23)c2c(n1)c(C)nn2C(C)C,Q14123,Q01064,7.585,8.3979,=,=,IC50,within
N#Cc1c(-c2ccc(Cl)s2)nc(SCc2cccc(Cl)c2)[nH]c1=O,O76083,O00408,5.5409,5.5348,=,=,IC50,within
OCCN(CCO)c1nc(N2CCCCC2)c2nc(N(CCO)CCO)nc(N3CCCCC3)c2n1,O60658,O00408,5.3979,5.4437,=,=,IC50,within
CN(C)CCCn1c2c(c3cnccc3c1=O)C(=O)c1ccccc1-2,Q9NUW8,O95551,4.2007,4.4318,=,=,IC50,within
N#Cc1c(-c2ccc(Cl)s2)nc(SCc2cccc(Cl)c2)[nH]c1=O,O60658,Q13946,5.8945,5.8438,=,=,IC50,within
CCOc1ncccc1-c1cc(N[C@H]2CCOC2)c2c(cnn2CC)n1,Q14123,P54750,6.0191,6.3307,=,=,IC50,within
COc1ccc(CCNC(=O)c2cnc(SC)nc2N2CCOCC2)cc1OC,Q08499,P27815,6.8665,6.5467,=,=,IC50,within
O=C1NN=C(c2ccc(CN3CCOCC3)c(C(F)(F)F)c2)CO1,Q14432,Q13370,6.1871,6.0953,=,=,IC50,within
CCN(C)c1ccc(C2=NNC(=O)OC2)cc1C(F)(F)F,Q13370,Q14432,7.0,6.8539,=,=,IC50,within
O=C(O)c1ccc(-c2cc3cccnc3c(-c3cccc([N+](=O)[O-])c3)n2)cc1,P27815,Q08493,7.0555,7.1675,=,=,IC50,within
CC(C)(c1cc(-c2cccc(C(=O)Nc3ccc(S(C)(=O)=O)cc3)c2)c2ncccc2c1)S(C)(=O)=O,Q08499,Q08493,8.5528,7.585,=,=,IC50,within
CCn1c(NC(C)C)nc2c(C3CCN(C(C)C)CC3)csc2c1=O,Q13946,Q07343,6.7696,4.6021,=,=,IC50,within
C[C@H](Nc1nc2c(cnn2C2CCCC2)c(=O)[nH]1)c1ccc(Cl)cc1,Q9Y233,O60658,8.6383,9.0,=,=,IC50,within
CCc1nn(C2CCCC2)c2c1CCn1c(-c3cccc(OC)c3)nnc1-2,Q07343,Q08499,6.3665,6.7447,=,=,IC50,within
O=C(O)Cc1ccc(Nc2nc(-c3cccc(F)c3)nc(C3CC3)n2)cc1,Q08499,Q07343,5.6763,5.8425,=,=,IC50,within
CCOc1ncccc1-c1cc(NCc2cnc(C)o2)c(NC(C)CC)c(C(C)=N)n1,P54750,Q14123,7.9586,7.6383,=,=,IC50,within
CC(C)c1n[nH]c2c(=O)[nH]c(C[C@@H]3CCCC[C@H]3Nc3ncccn3)nc12,P54750,Q01064,5.1135,5.0088,=,=,IC50,within
COc1ccc(Cn2cnc(N)c3nc(C(C)(C)COc4cccc(F)c4)nc2-3)cc1OC1CCCC1,P27815,Q07343,6.6819,7.9355,=,=,Ki,within
N#Cc1c(-c2ccc(Cl)s2)nc(SCc2cccc(Cl)c2)[nH]c1=O,Q9Y233,P54750,7.1487,5.9574,=,=,IC50,within
COc1ccc(NC(=O)[C@@H](C)Nc2nc3c(cnn3C3CCCC3)c(=O)[nH]2)cc1,Q9Y233,Q13946,5.1612,5.7447,=,=,IC50,within
Cc1nc2ccc(CN3CCOCC3)cc2n2c(-c3ccccc3Cl)nnc12,O00408,Q14432,8.5528,5.1101,=,=,IC50,within
C[C@H](Nc1nc2c(cnn2C2CCCC2)c(=O)[nH]1)c1ccc(Cl)cc1,Q13946,O76074,8.6021,6.4365,=,=,IC50,within
Cc1c(C)n2c(C3(C4CC4)CC3)nnc2c(=O)n1C[C@H]1CCCCO1,Q14123,Q01064,9.0186,8.3063,=,=,IC50,within
CC(C)(O)CCc1ccc(OCc2cc(-c3cccc(OC(F)F)c3)c3ncccc3c2)cc1,Q08493,Q07343,6.821,7.3468,=,=,IC50,within
CC(=O)N(c1ccc(S(C)(=O)=O)cc1)C(C)c1cccc(-c2cc(C(C)(C)S(C)(=O)=O)cc3cccnc23)c1,Q07343,P27815,7.0379,8.0,=,=,IC50,within
CCOc1ncccc1-c1cc(NCc2cccn(C)c2=O)c2c(n1)c(C)nn2C(C)C,Q01064,Q14123,9.4437,7.9208,=,=,IC50,within
CCCCn1c(=O)c2nnc(C3(C4CC4)CC3)n2c2ncc(C(C)C)cc21,P54750,Q08499,9.585,6.0123,=,=,IC50,within
O=C1Nc2c(Cl)ccc(OCCN3CCOCC3)c2C2(CCCCC2)N1,Q13946,Q08499,7.5229,5.1337,=,=,IC50,within
CCc1ccc(C2c3[nH]c4ccccc4c3C(=O)CN2c2ncc(-c3ccc(OC)c(OC)c3)cn2)s1,P51160,O76074,6.5969,7.4012,=,=,IC50,within
CCCCCn1c(-c2ccco2)nc2c(N(C)CCCO)nccc21,Q13946,Q9Y233,5.1403,5.5302,=,=,IC50,within
O=C(c1nc2cccnc2n1-c1ccc(Cl)c(Cl)c1)N1CCC1,Q08499,Q07343,6.3468,6.9586,=,=,IC50,within
Cc1nn(C(C)C)c2c(NCc3cnn(C)c3)cc(-c3ncnn3C)nc12,P54750,Q14123,6.3768,6.7959,=,=,IC50,within
COc1ccc(C(=O)Nc2c(Cl)cncc2Cl)cc1OC1CCCC1,Q08499,Q07343,10.6778,9.699,=,=,IC50,within
O=c1n(Cc2ccc(Cl)cc2)c2sc3c(c2c2ncnn12)CCCC3,Q01064,Q9HCR9,6.2596,5.6383,=,=,IC50,within
CCC(NC(=O)N1CC(=O)Nc2cccnc21)c1ccc(OC(F)(F)F)cc1,Q14432,P54750,5.2341,5.5969,=,=,IC50,within
CC(C)n1ncc2c(=O)[nH]c([C@@H]3CN(Cc4ccccc4)C[C@H]3C)nc21,O76083,Q14123,7.1802,5.6739,=,=,IC50,within
C[C@@H](Nc1nc2c(cnn2C(C)(C)C)c(=O)n1Cc1ccc(F)cc1)c1ccc(Cl)cc1,Q01064,Q08499,8.5376,6.1555,=,=,IC50,within
Cc1cn2c(C3CCOCC3)ncc2c(=O)n1Cc1ccc(F)cc1,Q01064,P54750,7.3665,7.4202,=,=,IC50,within
Cc1cccc(Nc2nc(-c3ccccc3)nc3ccccc23)c1,Q9UNQ0,P08183,5.9393,5.5229,=,=,IC50,within
COc1cc(/C=C/C(=O)OC[C@@H](C)CN(C)CCCCCCCOC(=O)c2cc(OC)c(OC)c(OC)c2)cc(OC)c1OC,P08183,Q9UNQ0,6.4949,5.6383,=,=,EC50,within
c1ccc(N2CCN(c3ncnc4c3[nH]c3ccccc34)CC2)nc1,Q9UNQ0,P33527,5.7423,6.3054,=,=,IC50,within
OCCN(CCO)c1nc(N2CCCCC2)c2nc(N(CCO)CCO)nc(N3CCCCC3)c2n1,O15439,Q9UNQ0,5.3899,5.1938,=,=,IC50,within
O=c1cc(-c2ccccc2)oc2cc(OCCOCCn3cc(CN(Cc4ccccc4)Cc4cn(CCOCCOc5ccc6c(=O)cc(-c7ccccc7)oc6c5)nn4)nn3)ccc12,P33527,Q9UNQ0,6.1192,6.6861,=,=,EC50,within
O=c1cc(-c2ccc(OCCOCCOCCn3cc(COCCOc4ccc5c(=O)cc(-c6ccccc6)oc5c4)nn3)cc2)oc2ccccc12,Q9UNQ0,P33527,6.4939,6.5586,=,=,EC50,within
COc1cc(C2CC(c3ccc4ccccc4c3)=NN2C(C)=O)cc(I)c1OC,Q9UNQ0,P08183,5.1487,4.7878,=,=,IC50,within
COc1cc(/C=C/C(=O)OC[C@@H](C)CN(C)CCCCCOC(=O)c2cc(OC)c(OC)c(OC)c2)cc(OC)c1OC,P33527,P08183,4.9957,5.9586,=,=,EC50,within
N#Cc1ccc(Nc2cc(Nc3ccc(O)cc3)nc(-c3ccccc3)n2)cc1,Q9UNQ0,P08183,6.4123,5.3429,=,=,IC50,within
COC(=O)c1cccc(COc2c(-c3ccc(OCCOCCOCCn4cc(CN(Cc5ccccc5)Cc5cn(CCOCCOCCOc6ccc(-c7oc8ccccc8c(=O)c7OCc7cccc(C(=O)OC)c7)cc6)nn5)nn4)cc3)oc3ccccc3c2=O)c1,Q9UNQ0,P33527,8.424,6.3549,=,=,EC50,within
COc1cc(/C=C/C(=O)OCCCCCCCN(C)C[C@H](C)COC(=O)c2cc(OC)c(OC)c(OC)c2)cc(OC)c1OC,P33527,P08183,5.5528,6.2596,=,=,EC50,within
COc1cc(/C=C/C(=O)OCCCCCCCN(C)C[C@@H](C)COC(=O)c2cc(OC)c(OC)c(OC)c2)cc(OC)c1OC,P08183,Q9UNQ0,6.1871,5.3665,=,=,EC50,within
COc1cc2c(cc1OC)CN(CCc1ccc(-n3nnnc3-c3ccccc3OC)cc1)CC2,P08183,Q9UNQ0,6.0223,4.5391,=,=,EC50,within
Cc1ccc(Nc2nccc(N(C)c3ccc4c(C)n(C)nc4c3)n2)cc1S(N)(=O)=O,O95342,O15439,4.9872,5.0915,=,=,IC50,within
COc1ccc(CCNC(=O)c2cc(=O)c3c(OCc4ccccc4)cccc3o2)cc1OC,Q9UNQ0,P08183,6.2571,6.7122,=,=,IC50,within
COc1cc(/C=C/C(=O)OCCCCCCCN(C)C[C@@H](C)COC(=O)c2cc(OC)c(OC)c(OC)c2)cc(OC)c1OC,Q9UNQ0,P33527,5.3665,5.4559,=,=,EC50,within
COc1ccc(NC(=O)C(C)n2nc(C(=O)Nc3ccccc3)c3ccccc32)cc1,P33527,P08183,5.0346,5.3374,=,=,IC50,within
COc1cc(/C=C/C(=O)OCCCCCCCN(C)C[C@H](C)COC(=O)c2cc(OC)c(OC)c(OC)c2)cc(OC)c1OC,P33527,Q9UNQ0,5.5528,5.6021,=,=,EC50,within
COCCOCCOCCOc1cc2c(cc1OC)CN(Cc1ccc(-c3ccc(C(=O)OC)c(NC(=O)c4ccc5ncccc5c4)c3)cc1)CC2,P08183,Q9UNQ0,4.7447,6.6253,=,=,IC50,within
COc1cc(/C=C/C(=O)OC[C@@H](C)CN(C)CCCCCOC(=O)c2cc(OC)c(OC)c(OC)c2)cc(OC)c1OC,Q9UNQ0,P33527,5.3768,4.9957,=,=,EC50,within
N#Cc1c2n(c3c(N4CCN(CCc5c[nH]c6ccccc56)CC4)ncnc13)CCCC2,P33527,Q9UNQ0,6.3426,5.4672,=,=,IC50,within
OCCN(CCO)c1nc(N2CCCCC2)c2nc(N(CCO)CCO)nc(N3CCCCC3)c2n1,O95342,P08183,5.3979,4.6253,=,=,IC50,within
COC(=O)C1=C(C)NC(C)=C(C(=O)OCCN(C)Cc2ccccc2)C1c1cccc([N+](=O)[O-])c1,Q9UNQ0,O95342,5.0494,5.1024,=,=,IC50,within
COc1cc(/C=C/C(=O)OCCCCCCCN(C)C[C@@H](C)COC(=O)c2cc(OC)c(OC)c(OC)c2)cc(OC)c1OC,P33527,P08183,5.4559,6.1871,=,=,EC50,within
COc1ccc(Nc2nc(-c3cccs3)nc3ccccc23)cc1OC,Q9UNQ0,P33527,6.6946,5.0141,=,=,IC50,within
CCCc1nc(C(C)(C)O)c(C(=O)OCc2oc(=O)oc2C)n1Cc1ccc(-c2ccccc2-c2nnn[nH]2)cc1,O15438,O95342,5.699,5.3251,=,=,IC50,within
COc1ccc(NC(=O)C(C)n2nc(C(=O)Nc3ccccc3)c3ccccc32)cc1,P33527,Q9UNQ0,5.0346,4.8663,=,=,IC50,within
COc1ccc(C(=O)N2CCc3c([nH]c4ccccc34)C2c2ccc(F)c(F)c2)cc1,P08183,Q9UNQ0,5.0841,6.0942,=,=,IC50,within
COc1ccc(NC(=O)C(C)n2nc(C(=O)Nc3ccccc3)c3ccccc32)cc1,Q9UNQ0,P08183,4.8663,5.3374,=,=,IC50,within
CC(C)/N=c1\cc2n(-c3ccc(Cl)cc3)c3ccccc3nc-2cc1Nc1ccc(Cl)cc1,O15438,O15439,4.6778,4.3516,=,=,IC50,within
COC(=O)C1=C(C)NC(C)=C(C(=O)OCCN(C)Cc2ccccc2)C1c1cccc([N+](=O)[O-])c1,P08183,O15439,5.305,4.0555,=,=,IC50,within
COc1cc(OC)c2c(c1)O[C@H](c1ccc(OC)c(OC)c1)[C@@H](OC(=O)c1ccc(F)c(NC(=O)c3cc(OC)c(OC)c(OC)c3)c1)C2,Q9UNQ0,P08183,7.342,8.7447,=,=,IC50,within
O=C(Cn1nc(C(=O)Nc2ccccn2)c2ccccc21)Nc1cc(Cl)ccc1Cl,Q9UNQ0,P08183,6.4868,7.0506,=,=,EC50,within
CC(C)/N=c1\cc2n(-c3ccc(Cl)cc3)c3ccccc3nc-2cc1Nc1ccc(Cl)cc1,O15439,Q9UNQ0,4.3516,5.4949,=,=,IC50,within
N#Cc1c2n(c3c(N4CCN(Cc5ccc6c(c5)OCO6)CC4)ncnc13)CCCC2,P33527,P08183,6.4921,4.857,=,=,IC50,within
Cc1ccc2oc(-c3ccc(OCCCCc4cn(CCN(CCOc5ccc(-c6cc(=O)c7ccccc7o6)cc5)Cc5ccccc5)nn4)cc3)cc(=O)c2c1,P08183,Q9UNQ0,6.1683,7.2852,=,=,EC50,within
CC(C)/N=c1\cc2n(-c3ccc(Cl)cc3)c3ccccc3nc-2cc1Nc1ccc(Cl)cc1,Q92887,O95342,4.983,4.8894,=,=,IC50,within
O=C(Cn1nc(C(=O)Nc2ccccn2)c2ccccc21)Nc1cc(Cl)ccc1Cl,P33527,P08183,4.4802,7.0506,=,=,EC50,within
COC(=O)c1cccc(COc2c(-c3ccc(OCCOCCOCCn4cc(CN(CCO)Cc5ccccc5)nn4)cc3)oc3ccccc3c2=O)c1,Q9UNQ0,P33527,8.7959,6.2277,=,=,EC50,within
COC(=O)c1cccc(COc2c(-c3ccc(OCCOCCOCCn4cc(CN(CCO)Cc5ccccc5)nn4)cc3)oc3ccccc3c2=O)c1,P33527,P08183,6.2277,6.2993,=,=,EC50,within
C[C@@]1(c2nc(NC(=O)c3ncc(OCC(F)(F)F)nc3N)ccc2F)CO[C@@](C)(C(F)(F)F)C(N)=N1,P07339,P56817,3.9747,6.3979,=,=,IC50,within
O=C(NO)[C@@H](NCC1CC1)[C@@H](Cc1cccc(O)c1)C(=O)N[C@H]1c2ccccc2C[C@H]1O,P03956,P08253,4.4794,5.2007,=,=,Ki,within
CC(C)C[C@@H](C(=O)N(C)N(C)C#N)N(C)C(=O)c1ccc(-c2noc(-c3cccs3)n2)cc1,P07711,P25774,5.5686,6.8539,=,=,Ki,within
COC(=O)Nc1ccc2c(c1)NC(=O)CCCCC(c1ccc(-c3cc(Cl)ccc3-n3cnnn3)c[n+]1[O-])c1cccc-2c1,P03951,P06870,10.0,9.5376,=,=,Ki,within
CC(C)[C@H](C(=O)NO)N(Cc1ccccc1)S(=O)(=O)c1ccc(F)cc1,P14780,P22894,6.5513,7.9208,=,=,IC50,within
CC(C)(C)CNc1nc(C#N)ncc1C(=O)NCCc1ccc(OCCn2ccnc2)cc1,P43235,P25774,11.5229,9.0458,=,=,IC50,within
CN1C(=O)N(CC(COc2ccc(-c3ccc(C#N)cc3)cc2)N(O)C=O)C(=O)C1(C)C,P08254,P08253,5.041,5.7366,=,=,IC50,within
COCCOC(=O)N1CCC(C(NS(=O)(=O)c2ccc(-c3ccc(SC)cc3)cc2)C(=O)O)CC1,P08253,P03956,9.3979,5.9666,=,=,IC50,within
CNC(=O)N1CCC(c2cccc(C(Cc3ccccc3)c3ccc(-c4cc(Cl)ccc4-n4cnnn4)c[n+]3[O-])c2)CC1,P03951,P03952,7.8563,6.2254,=,=,IC50,within
O=C(NO)[C@@]1(O)COCC[C@H]1S(=O)(=O)c1ccc(OCc2ccccc2Cl)cc1,O75173,P45452,7.3979,8.5686,=,=,IC50,within
COc1ccc(S(=O)(=O)N2CCN(Cc3ccccc3)CC2C(=O)NO)cc1,P03956,P45452,6.4895,8.0969,=,=,IC50,within
COC(=O)[C@@H](Cc1ccc(O)c(O)c1)OC(=O)/C=C/c1ccc(O)c(O)c1,P08253,P08254,5.4461,4.5488,=,=,IC50,within
COc1ccc(S(=O)(=O)N(CC(=O)O)CC(=O)NO)cc1,P45452,P13497,6.6716,3.4622,=,=,IC50,within
CCNC(=O)OCC(Oc1cccc2sc(C(=N)N)cc12)c1ccccc1,P00742,P00740,6.4437,7.5528,=,=,Ki,within
CN1CC(C)(COc2ccc(C(=N)N)cc2)Oc2cc(NC(=O)CCC(=O)O)ccc21,P00742,P00734,4.4711,5.2874,=,=,Ki,within
CC[C@@H](C)[C@H](N)C(=O)N1Cc2ccccc2C1,Q86TI2,Q6V1X1,6.5376,6.9208,=,=,IC50,within
O=S(=O)(N[C@H]1CCC[C@@H]1O)c1ccc(Oc2ccccc2)cc1,P14780,P45452,3.699,4.0,=,=,Ki,within
N=C(N)Nc1ccc(CNC(=O)N2CCN(C(=O)OCC34CCC(COC(=O)N5CCN(C(=O)NCc6ccc(NC(=N)N)cc6)CC5)(CC3)CC4)CC2)cc1,P07477,P00734,4.699,3.9101,=,=,Ki,within
O=C(O)[C@H](Cc1ccc(-c2ccccc2)cc1)NC(=O)[C@@H](S)CCc1ccccc1,P12821,P08473,7.0315,8.585,=,=,Ki,within
N#CCNC(=O)C1(NC(=O)c2ccc(-c3ccc(OC4CCN(CCO)CC4)cc3)cc2)CCCCC1,P25774,P07711,4.7959,5.041,=,=,Ki,within
COc1ccc([C@]2(c3ccc(F)c(-c4cccnc4F)c3)N=C(N)N(C)C2=O)cc1C,Q9Y5Z0,P56817,5.7852,7.1259,=,=,IC50,within
CC(C)C[C@H](NC(=O)c1cc2ccccc2o1)C(=O)N[C@H]1CC[C@@H](C)N(S(=O)(=O)c2ccccn2)CC1=O,P43235,P07858,10.3872,7.8861,=,=,Ki,within
Br.CC1(C)C2CC1[C@]1(C)OB(C(CCC/C(S)=N/N)NC(=O)[C@@H]3CCCN3C(=O)[C@H](Cc3ccccc3)NC(=O)OCc3ccccc3)O[C@@H]1C2,P00749,P00742,11.0655,11.3768,=,=,Ki,within
Cc1cccc(-c2ccc(S(=O)(=O)N[C@@H](C(C)C)P(=O)(O)O)cc2)c1,P22894,P45452,9.3979,7.8239,=,=,IC50,within
CCNc1cc(C(=O)N[C@@H](Cc2ccccc2)[C@H](O)CN[C@@H](C)C(=O)NC2CCCCC2)cc(N(c2ccccc2)S(C)(=O)=O)c1,P56817,P07339,7.6778,6.2007,=,=,IC50,within
CCCCCCCCCC(=O)N[C@@H](Cc1ccccc1)C(=O)N[C@H]1CCCCNC(=O)/C=C/[C@H](Cc2ccc(CN)cc2)NC1=O,P28074,P49721,6.5058,8.6271,=,=,Ki,within
C[C@@H](CC1CCCCC1)OC(=O)NN(C)C#N,P07858,P07711,10.1135,10.6021,=,=,Ki,within
C#CC(C)Oc1ccc(S(=O)(=O)N(C)c2c(C)cc(Br)cc2C(=O)NO)cc1,P45452,P78536,6.3635,6.9136,=,=,IC50,within
CCN1CCC(C(=O)NO)(S(=O)(=O)c2ccc(Oc3ccc(C(F)(F)F)cc3)cc2)CC1,P45452,P50281,9.2218,6.9978,=,=,IC50,within
COc1ccc(CN2C(=O)C(=O)c3cc(S(=O)(=O)N4CC[C@H]4COc4cccnc4)ccc32)cc1,P42574,P55212,8.4815,5.0362,=,=,IC50,within
CC(C)C[C@H](NC(=O)CCOc1ccc2ccccc2c1)C(=O)N[C@H]1CC(=O)OC1O,P55212,Q14790,5.2291,4.8182,=,=,IC50,within
Cc1cc(C(F)(F)F)ccc1CCC1CCN(S(=O)(=O)C[C@](C)(C[C@H](C)c2ncc(F)cn2)N(O)C=O)CC1,O75173,P50281,9.3098,5.3372,=,=,IC50,within
Cc1ccc(-c2noc(-c3ccc(S(=O)(=O)N(Cc4ccccc4)[C@@H](C(=O)O)C(C)C)cc3)n2)s1,P39900,P08253,6.9469,8.301,=,=,IC50,within
Cn1cc(-c2cccc(C[C@H](NC(=O)c3ccccc3)C(=O)NCC#N)c2)cn1,P07858,P25774,5.2,7.0,=,=,IC50,within
CCOC(=O)Cn1/c(=N\C(=N)N)sc2cc(O)ccc21,P35030,P07477,3.7747,3.7033,=,=,Ki,within
COc1ccc(S(=O)(=O)N2CC(C)(C)C(COCc3ccccc3)[C@@H]2C(=O)NO)cc1,P03956,P08253,5.7905,7.4949,=,=,IC50,within
C[C@@H](CNc1ccc(OC(F)(F)F)cc1)NC(=O)[C@H](CC1CCCCC1)NC(=O)N1CCOCC1,P25774,P07711,7.9586,6.9031,=,=,Ki,within
COC(=O)Nc1ccc(-c2cnnc([C@H](Cc3ccccc3)NC(=O)/C=C/c3cc(Cl)ccc3-n3cnnn3)c2)cc1,P03952,P00747,6.5719,4.4191,=,=,Ki,within
CN(C)Cc1ccccc1-c1ccc(NC(=O)c2cc(C(F)(F)F)nn2-c2ccc3onc(N)c3c2)c(F)c1,P00734,P00742,6.5229,9.6314,=,=,Ki,within
NC1=N[C@](CF)(c2cc(C#Cc3ncc(Cl)cn3)ccc2F)[C@@H]2C[C@]2(/C=C/C(=O)N2CCOCC2)S1,P56817,Q9Y5Z0,7.6778,7.9208,=,=,IC50,within
COC(=O)N1c2ccc3c(nc(Cc4ccccc4)n3C34CCC(C(=O)O)(CC3)C4)c2CC[C@@H]1C,Q92793,O60885,7.2596,4.2967,=,=,IC50,within
O=C(Cn1sc2ccccc2c1=O)NCc1ccccn1,Q92831,Q92830,4.821,4.9508,=,=,IC50,within
CC(=O)NCCCC[C@H](NC(=O)CNC(=O)[C@H](CCCNC(=N)N)NC(=O)CNC(=O)[C@@H](N)CO)C(=O)N[C@@H](CCC(N)=O)C(=O)NCC(=O)NCC(=O)N[C@@H](CCCCN)C(=O)N[C@@H](C)C(=O)N[C@@H](CCCNC(=N)N)C(=O)N[C@@H](C)C(=O)O,Q6PL18,Q9ULI0,4.4101,4.3716,=,=,Kd,within
COCc1cccc(-c2cccc3c2N[C@H](C)CC(=O)N3)c1,Q92793,O60885,6.7545,4.9782,=,=,IC50,within
CCNC(=O)c1cc2c(-c3cc(C(C)(C)O)ccc3Oc3c(C)cc(F)cc3C)cn(C)c(=O)c2[nH]1,P25440,Q15059,8.5376,8.87,=,=,IC50,within
CN1N=NC2C=CC(N3C(=O)c4nc(C5=CCOCC5)n(C5COC5)c4C3c3ccc(Cl)cc3)=CC21,Q92793,Q15059,5.5686,7.4685,=,=,IC50,within
COc1ncccc1-c1nn(C)c2c1C(=O)N(c1cc(C)c(=O)n(C)c1)C2c1ccc(Cl)cc1,P25440,Q92793,7.1549,6.0,=,=,IC50,within
Cc1cc(N2C(=O)c3nc(C4=CC(C)(C)NC(C)(C)C4)n(C(C)C)c3C2c2ccc(Cl)cc2)cn2c(C)nnc12,Q15059,O60885,7.6021,7.71,=,=,IC50,within
COc1ncccc1-n1nc2c(c1C)C(=O)N(c1cc(C)c(=O)n(C)c1)[C@@H]2c1ccc(Cl)cc1,P25440,O60885,6.9586,7.041,=,=,IC50,within
CC[C@H](NC(=O)[C@H](Cc1ccccc1)NC(=O)c1ccc(Br)cc1)C(=O)N[C@@H](Cc1ccccc1)C(=O)N[C@@H](CCCC[N+](C)(C)C)C(=O)N[C@@H](CO)C(=O)N[C@@H](CCC(=O)O)C(=O)N[C@@H](CCCCNC(=S)Nc1ccc(-c2c3ccc(=O)cc-3oc3cc(O)ccc23)c(C(=O)O)c1)C(N)=O,O95503,Q14781,6.0969,5.8239,=,=,Kd,within
Cc1noc(C)c1-c1ccc2c(c1)nc(CCc1ccc(C#N)cc1)n2CCN1CCOCC1,O60885,Q92793,5.3098,6.5229,=,=,IC50,within
CNc1cc(N2C(=O)c3c(c(C)nn3C3CC3)C2c2ccc(Cl)cc2)nn2c(C)nnc12,O60885,Q15059,7.1739,6.9208,=,=,IC50,within
CN(C)C(=O)c1cccc(-c2cn(C)c(=O)c3[nH]ccc23)c1,Q9H8M2,P55201,6.6383,5.8239,=,=,IC50,within
COC(=O)N1c2ccc3c(nc(C4(Oc5ccccc5)CC4)n3[C@H]3CC[C@H](C(=O)O)CC3)c2CC[C@@H]1C,Q92793,O60885,8.2596,4.2967,=,=,IC50,within
COc1ccc2c(c1)cc(-c1cccc3c1O[C@H](C)CC(=O)N3)n2C,Q92793,O60885,6.7932,5.2162,=,=,IC50,within
Cn1ccc2c1C(c1ccccc1)N(c1cc(Cl)c(=O)n(C)c1)C2=O,Q92793,Q15059,4.7352,6.5575,=,=,IC50,within
Cc1cc(N2C(=O)c3nn(C(C)C)c(C)c3C2c2ccc(F)cc2F)cn2c(C)nnc12,Q92793,Q15059,4.8861,7.4318,=,=,IC50,within
CN(C)C(=O)c1cccc(-c2cn(C)c(=O)c3[nH]ccc23)c1,Q92793,O15164,6.2518,6.041,=,=,IC50,within
COC(=O)N1c2ccc3c(nc(CCn4cccn4)n3[C@@H]3CCCS(=O)(=O)C3)c2CC[C@@H]1C,O60885,Q92793,4.2967,6.2596,=,=,IC50,within
Cc1noc(C)c1-c1ccc2c(c1)nc([C@@H]1C[C@H](F)C(=O)N1c1ccc(F)c(F)c1)n2C1CCOCC1,O60885,Q09472,5.73,8.4815,=,=,IC50,within
Cc1ccccc1S(=O)(=O)Nc1cc2c(cc1Oc1ccccc1)n(C)c(=O)n2C,P55201,O95696,6.3665,5.7696,=,=,IC50,within
COC(=O)c1ccc(-c2ccc3c(c2)[C@H](Nc2ccc(C(C)(C)C)cc2)C[C@H](C)N3C(C)=O)cc1,O60885,P25440,6.2,6.3,=,=,IC50,within
CN(C)C(=O)c1cccc(-c2cn(C)c(=O)c3[nH]ccc23)c1,O15164,P55201,6.041,5.8239,=,=,IC50,within
COC(=O)N1c2ccc3c(nc(Cc4cnc5cc[nH]c5n4)n3[C@@H]3CCC[C@@H](C(=O)O)C3)c2CC[C@@H]1C,O60885,Q92793,4.2967,7.2596,=,=,IC50,within
CC(C)c1ccc(S(=O)(=O)Nc2ccc3c(c2)n(C)c(=O)n3C)cc1,O95696,O15164,5.3665,5.4622,=,=,IC50,within
Cc1[nH]cnc1-c1nc2ccc(Br)cn2c1NC1CCCCC1,O15164,Q9UPN9,5.0713,5.9889,=,=,IC50,within
CC(C)n1c(-c2ccccn2)nc2c1C(c1ccc(Cl)cc1)N(c1ccc(=O)n(C)c1)C2=O,O60885,P25440,6.2007,6.1487,=,=,IC50,within
CC(Oc1ccc2c(c1)N[C@H](C)CC(=O)N2)c1ccccc1,Q92793,O60885,6.0888,4.9452,=,=,IC50,within
CC(=O)NCCCCn1c2c(c3ccccc31)C(=O)NCC2,Q92793,Q15059,4.4815,5.4318,=,=,Kd,within
Cc1cc(N2C(=O)c3nc(C4=CCOCC4)n(C(C)C)c3C2c2ccc(Cl)cc2)cc2c1nnn2C,O60885,Q92793,7.585,5.4685,=,=,IC50,within
Cc1cc(N2C(=O)c3c(C(=O)N(C)C)cn(C)c3C2c2ccc(Cl)cc2)nc2c1nnn2C,P25440,Q15059,7.7696,7.8861,=,=,IC50,within
C/C=C/Cn1cc(-c2ccc(C(C)(C)O)cc2)c2cc[nH]c2c1=O,O60885,Q9BXF3,5.3481,5.3279,=,=,IC50,within
CCOc1cccc(-c2c(C)noc2C)c1,P25440,O60885,5.1308,4.6345,=,=,IC50,within
CN(C)C(=O)c1cccc(-c2cn(C)c(=O)c3[nH]ccc23)c1,O60885,Q86U86,7.1116,5.1192,=,=,IC50,within
COCCNS(=O)(=O)c1cc(-c2c(C)noc2C)ccc1C,Q15059,P25440,5.0655,4.9208,=,=,IC50,within
CCc1nc(C(C)C)[nH]c1-c1cc2c(=O)n(C)cc(-c3cc(C(C)(C)O)ccc3Oc3c(C)cc(F)cc3C)c2o1,Q15059,O60885,6.9141,6.5737,=,=,IC50,within
Cc1nn(-c2ccnn2C)c2c1[C@@H](c1ccc(Cl)cc1)N(c1cc(C)c(=O)n(C)c1)C2=O,O60885,P25440,7.2596,7.1079,=,=,IC50,within
COc1ncccc1-c1nn(C)c2c1C(=O)N(c1cc(C)c(=O)n(C)c1)C2c1ccc(Cl)cc1,P25440,Q15059,7.1549,7.1838,=,=,IC50,within
COC(=O)N1c2ccc3c(nc(CC(C(=O)O)c4ccc(C(C)C)cc4)n3C3CCCOC3)c2CC[C@@H]1C,O60885,Q92793,4.2967,6.7596,=,=,IC50,within
Cc1noc(C)c1-c1ccc2c(c1)C(O)(c1ccsc1)C(=O)N2,O60885,Q58F21,7.0,7.5086,=,=,IC50,within
C/C1=C\C[C@H](O)/C(C)=C/[C@H]2OC(=O)[C@@H](C)C2CC1,Q9NYW0,P59540,4.5986,5.2684,=,=,EC50,within
C/C1=C\C[C@H](O)/C(C)=C/[C@H]2OC(=O)[C@@H](C)C2CC1,P59538,Q9NYW0,4.5017,4.5986,=,=,EC50,within
C/C1=C\C[C@H](O)/C(C)=C/[C@H]2OC(=O)[C@@H](C)C2CC1,P59538,P59540,4.5017,5.2684,=,=,EC50,within
C#CCNC1CCC(c2ccc3[nH]c(-c4cn5ncnc5c(C)c4C)c(C(C)C)c3n2)CC1,Q9NR97,Q9NYK1,8.1052,8.6412,=,=,IC50,within
Cc1cc(-c2[nH]c3ccc(-c4cc5c(s4)CNCC5)cc3c2C(C)C)cc(C)n1,Q9NYK1,Q9NR97,8.585,8.9208,=,=,IC50,within
Cc1c(-c2[nH]c3ccc(N4C[C@@H]5C[C@H]4CCN5C(C)C)nc3c2C(C)C)cn2ncnc2c1C,Q9NR97,Q9NYK1,8.4089,8.7447,=,=,IC50,within
Cc1cc(-c2[nH]c3cc(C(F)(F)F)c(C4CCNCC4)cc3c2C(C)C)ccn1,Q9NR96,Q9NR97,5.934,6.3681,=,=,IC50,within
Cc1cc(-c2[nH]c3ccc(-c4nnc(C5CN6CCC5CC6)o4)cc3c2C(C)C)ccn1,Q9NYK1,Q9NR96,7.3279,6.0482,=,=,IC50,within
Cc1cc(-c2[nH]c3ccc(C4CCC(N(C)C5COC5)CC4)nc3c2C(C)C)cn(C)c1=O,Q9NYK1,Q9NR96,7.585,4.8626,=,=,IC50,within
Cc1c(-c2[nH]c3ccc(C4CCC(NC5CCOCC5)CC4)nc3c2C(C)C)cn2ncnc2c1C,Q9NR96,Q9NYK1,5.9113,8.8583,=,=,IC50,within
COc1ccc(-c2[nH]c3ccc(-c4nnc(C(=O)N(C)CCc5ccccn5)o4)cc3c2C(C)C)cc1OC,Q9NR97,Q9NR96,6.6536,4.8815,=,=,IC50,within
CCCCNc1nc(N)nc(C)c1CCCN1CCNCC1.Cl.Cl.Cl,Q9NYK1,Q9NR97,5.7852,6.301,=,=,EC50,within
CC(C)c1c(-c2cc(C(F)(F)F)c3ncnn3c2)[nH]c2ccc(C3CCN(CC(=O)N(C)C)CC3)cc12,Q9NYK1,Q9NR97,9.301,8.1079,=,=,IC50,within
CCc1c(-c2cc(C)nc(C)c2)[nH]c2ccc(C3CCN(CC(=O)N(C)C)CC3)cc12,Q9NR96,Q9NYK1,6.9914,7.9788,=,=,IC50,within
Cc1cc(-c2[nH]c3ccc(C4CCN(CC#N)CC4)cc3c2C(C)C)cn2ncnc12,Q9NR96,Q9NR97,5.9311,8.6576,=,=,IC50,within
Cc1cc(-c2[nH]c3ccc(C4CCNCC4)nc3c2C(C)C)cn2nnnc12,Q9NR97,Q9NYK1,8.2218,8.9586,=,=,IC50,within
Cc1c(-c2[nH]c3ccc(N4[C@@H]5CC[C@H]4CN(C(=O)CN4CC6(COC6)C4)C5)nc3c2C(C)C)cn2ncnc2c1C,Q9NR96,Q9NYK1,4.9176,8.585,=,=,IC50,within
Cc1cc(-c2[nH]c3ccc(C4CCN(S(=O)(=O)C(C)C)CC4)cc3c2C(C)C)ccn1,Q9NR96,Q9NR97,4.9153,6.6108,=,=,IC50,within
Cc1cc(-c2[nH]c3ccc(C4CCN(C(=O)Cn5ccc(C6CC6)n5)CC4)cc3c2C(C)C)cc(C)n1,Q9NYK1,Q9NR96,7.7328,4.7893,=,=,IC50,within
COc1ccc(-c2[nH]c3ccc(-c4cccc(C(=O)N5CCN(C6CCN(C)CC6)CC5)c4)cc3c2CC(F)(F)F)cc1OC,Q9NR96,Q9NYK1,5.6351,6.3925,=,=,IC50,within
COCCNCC(=O)N1CCC(c2ccc3[nH]c(-c4cc(C)nc(C)c4)c(C(C)C)c3c2)CC1,Q9NYK1,Q9NR96,8.3665,5.9543,=,=,IC50,within
CNc1ccc(-c2ccc3[nH]c(-c4ccnc(C)c4)c(C(C)C)c3c2)cn1,Q9NR97,Q9NR96,8.0088,4.4014,=,=,IC50,within
Cc1cc(-c2[nH]c3ccc(-c4nnc(CCCN(C)C)o4)cc3c2C(C)C)cc(C)n1,Q9NR97,Q9NR96,8.7212,6.5513,=,=,IC50,within
Cc1cc(-c2[nH]c3ccc(C4CCNCC4)cc3c2CC(F)F)ccn1,Q9NR96,Q9NR97,6.3335,7.4045,=,=,IC50,within
FC(F)Cc1c(-c2ccnc3[nH]ncc23)[nH]c2ccc(-c3nnc([C@@H]4CCCNC4)o3)cc12,Q9NYK1,Q9NR96,5.6426,5.4868,=,=,IC50,within
Cc1cc2ncnn2cc1-c1[nH]c2ccc(C3CCN(CC(C)(C)O)CC3)cc2c1C(C)C,Q9NR96,Q9NYK1,5.3064,7.8996,=,=,IC50,within
CNCCN1CCC(c2ccc3[nH]c(-c4ccnc(C)c4)c(C)c3c2)CC1,Q9NR97,Q9NYK1,7.1343,6.9066,=,=,IC50,within
Cc1cc(-c2[nH]c3ccc(C4CCN(CC(=O)N5CCCC(F)(F)C5)CC4)cc3c2C(C)C)cc(C)n1,Q9NYK1,Q9NR97,8.3979,7.857,=,=,IC50,within
CCCCc1nc2c(N)nc3ccccc3c2n1Cc1ccc(C(=O)NCC(C)(C)O)cc1,Q9NYK1,Q9NR97,6.5086,4.5882,=,=,EC50,within
Cc1cc(-c2[nH]c3ccc(C4CCN(C(=O)CN5CC(F)(F)C[C@H]5CO)CC4)cc3c2C(C)C)cc(C)n1,Q9NR97,Q9NYK1,6.6799,7.8356,=,=,IC50,within
CCCCNc1nc(N)nc2ccc(Cc3cccc(C#N)c3)nc12,Q9NYK1,Q9NR97,5.7747,6.1249,=,=,EC50,within
CC(C)c1c(-c2cc(C3CC3)c3ncnn3c2)[nH]c2ccc(C3CCN(CC(C)(C)O)CC3)cc12,Q9NYK1,Q9NR97,8.699,8.1135,=,=,IC50,within
CNC(=O)CN1CCC(c2ccc3[nH]c(-c4cc(C)ncc4F)c(C(C)C)c3c2)CC1,Q9NR96,Q9NYK1,5.5025,8.5528,=,=,IC50,within
Cc1cc(-c2[nH]c3ccc(-c4nnc(NC(=O)CN(C)C)o4)cc3c2C(C)C)ccn1,Q9NR96,Q9NYK1,4.3139,6.5884,=,=,IC50,within
CCOCc1nc2c(N)nc3cc(Cl)ccc3c2n1CC(C)(C)O,Q9NYK1,Q9NR97,6.2007,5.3098,=,=,EC50,within
CC(C)c1c(-c2ccnc3[nH]ncc23)[nH]c2ccc(-c3c[nH]nc3C(F)(F)F)cc12,Q9NR97,Q9NR96,8.0,4.4204,=,=,IC50,within
Cc1c(-c2[nH]c3ccc(C4CCN(C(=O)N5CC(N)C5)CC4)cc3c2C(C)C)cn2ncnc2c1C,Q9NR96,Q9NYK1,5.4225,9.0969,=,=,IC50,within
Cc1cc(-c2[nH]c3ccc(C(=O)N4CCC(N(C)C)CC4)cc3c2C(C)C)cc(C)n1,Q9NR96,Q9NR97,6.4283,7.9208,=,=,IC50,within
CCN(CC)CC(=O)N1C[C@H](C)N(c2ccc3[nH]c(-c4cn5ncnc5c(C)c4C)c(C(C)C)c3n2)C[C@H]1C,Q9NYK1,Q9NR96,9.1308,5.1009,=,=,IC50,within
Cc1cc(-c2[nH]c3ccc(C4CCN(C(=O)C5CCNC5)CC4)cc3c2C(C)C)cc(C)n1,Q9NYK1,Q9NR96,8.4949,6.2874,=,=,IC50,within
CNC(=O)CN1CCC(c2ccc3[nH]c(-c4cc(NCC(C)(C)C)c5ncnn5c4)c(C(C)C)c3c2)CC1,Q9NR96,Q9NYK1,5.191,7.2636,=,=,IC50,within
Cc1c(-c2[nH]c3ccc(C4CCN(C(=O)CN(C)C)CC4)cc3c2C(C)C)cn2ncnc2c1Cl,Q9NR96,Q9NR97,5.5561,8.4815,=,=,IC50,within
Cc1cc2ncnn2cc1-c1[nH]c2ccc(C3CCN(Cc4cncnc4)CC3)cc2c1C(C)C,Q9NR97,Q9NYK1,8.5528,7.9586,=,=,IC50,within
Nc1ncc(-c2nc(N3CCOCC3)c3ncn(CCCCCCC(=O)NO)c3n2)cn1,P48736,O00329,7.0088,6.8761,=,=,IC50,within
CNS(=O)(=O)c1cc(-c2sc(Nc3cccc(N4CCOCC4=O)n3)nc2C)cc2c1C(=O)N([C@@H](C)C(C)(C)C)C2,P42336,O00329,6.3143,8.0506,=,=,IC50,within
C[C@@H](c1cnn(Cc2ccccc2)c(=O)c1C1CCCC1)n1nc(-c2cncc(O)c2)c2c(N)ncnc21,P48736,O00329,6.3,9.2,=,=,Ki,within
CNC(=O)c1c(-c2ccccc2)c([C@H](C)Nc2ncnc(N)c2C#N)nc2ccc(F)cc12,O00329,P42336,8.8861,4.8996,=,=,IC50,within
CN1CCC(n2[nH]c3cccc(C(N)=O)c3c2=O)CC1,P09874,Q9UGN5,6.8539,7.3979,=,=,Kd,within
CN(Cc1cccn2c(=O)cc(N3CCOCC3)nc12)c1ccccc1,P42336,P42338,6.1024,7.5229,=,=,IC50,within
Cc1nc(NC(=O)NCCc2cn(CC(F)F)cn2)sc1C#Cc1cccnc1,P42336,P48736,6.5986,8.3979,=,=,Ki,within
CC(C)=CCC/C(C)=C/CC(P(=O)(O)O)P(=O)(O)O,P14324,O95749,4.699,5.0,=,=,IC50,within
COc1ncc(-c2cc(OC3CCOCC3)c3ncnc(C)c3c2)cc1/N=N/c1ccccc1F,O00329,P48736,8.3706,7.9355,=,=,IC50,within
Cc1nc2cnc3ccc(-c4cnc5[nH]ccc5c4)cc3c2n1-c1ccc(C(C)(C)C#N)cc1,P42336,O00329,7.9031,7.6635,=,=,IC50,within
NC(=O)c1cccc2[nH]c(C(=O)N3CCC(N)C3)nc12,Q9UGN5,P09874,7.3188,7.8239,=,=,IC50,within
Nc1nc(N)c2nc(-c3cccc(O)c3)c(-c3cccc(O)c3)nc2n1,P48736,O00329,7.0809,6.6289,=,=,IC50,within
Cc1c(NC(=O)c2noc3c2CCSc2cc(OC(F)(F)F)ccc2-3)c(=O)n(-c2ccccc2F)n1C,Q9HAU4,Q9HCE7,5.0,7.5017,=,=,IC50,within
Cc1cc(-c2cc(-c3cc(S(=O)(=O)NCC4(CO)CCC4)ccc3C)cnc2N)on1,P42338,O00329,6.0969,6.4202,=,=,IC50,within
C[C@H](Nc1nc(N)nc(N)c1C#N)c1nc2c(Cl)ccc(Cl)c2c(=O)n1-c1cnc(N)cn1,P42338,O00329,8.7447,8.7212,=,=,IC50,within
CC(C)c1ccc2c(c1)sc1nncn12,Q9UGN5,Q460N3,5.3468,5.4095,=,=,IC50,within
Cc1nc2c(C(N)=O)cc(N3CCOCC3)nn2c1Nc1ccccc1N1CCOCC1,P48736,O00329,5.44,6.6596,=,=,Kd,within
COc1ncc(-c2ccc3ncnc(N[C@H]4CCN(C(=O)C5CCOCC5)C4)c3c2)cc1C(=O)Oc1ccc(F)cc1,P42338,O00329,7.5229,8.6498,=,=,IC50,within
CCCc1cc(-c2cc(-c3cc(S(=O)(=O)NCC(C)(C)O)ccc3C)cnc2N)on1,P42338,P48736,5.3768,8.0969,=,=,IC50,within
C[C@@H](c1oc(=O)c2ccccc2c1-c1ccccc1)n1nc(-c2cncc(O)c2)c2c(N)ncnc21,P42338,O00329,7.5,9.2,=,=,Ki,within
COc1cc(F)c2[nH]c(-c3c(C)nn(C)c3C)c(/C=C3/Oc4ccc(NC(=O)Nc5ccc(C(=O)N(C)CCN(C)C)cc5)cc4C3=O)c2c1,P42336,O00329,9.699,9.2218,=,=,IC50,within
C[C@@H](C1CC1)N1Cc2cc(-c3ccn4nc(N)c(C(=O)N[C@@H](CO)C5CC5)c4n3)cc(OC(F)F)c2C1=O,O00329,P48736,5.5072,7.3188,=,=,IC50,within
C[C@H](NC(=O)c1c(N)nn2cccnc12)c1cc2cccc(C#CCN3CCN(C)CC3)c2c(=O)n1-c1ccccc1,P48736,P42338,5.5229,5.699,=,=,IC50,within
C[C@H](NC(=O)c1c(N)nn2cccnc12)c1cc2cccc(C#Cc3cn[nH]c3)c2c(=O)n1-c1ccccc1,O00329,P48736,5.5229,5.6109,=,=,IC50,within
CNCCN(CCO)c1nc(N2CCOCC2)nc(-n2c(C(F)F)nc3ccccc32)n1,P48736,P42338,6.061,6.2027,=,=,IC50,within
O=C1NCc2c1cc(NCCCc1ccccc1)cc2-c1cc(O)cc(F)c1,P42338,O00329,6.4168,7.6925,=,=,IC50,within
C=CCN(/C=C1/C(=O)O[C@H](COC)[C@@]2(C)C1=C(O)C(=O)C1=C2[C@H](OC(C)=O)C[C@]2(C)C(=O)CC[C@@H]12)CC=C,O00329,P42336,8.5302,8.2218,=,=,IC50,within
O=C(Nc1ccc(C(=O)N2CCC[C@@H]2CO)cc1)Nc1ccc(-c2nc(N3CCOCC3)nc(N3CCOCC3)n2)cc1,P42338,P48736,7.3716,7.4908,=,=,IC50,within
CNS(=O)(=O)c1cccc(-c2ccc3nc(NC(C)=O)nn3c2)c1,P48736,O00329,6.6,6.0,=,=,IC50,within
CC(C)n1nc(-c2ccc(O)cc2)c2c(N)ncnc21,O00329,P42336,7.0757,6.2924,=,=,IC50,within
CC(C)n1nc(-c2cnc3ccccc3c2)c2c(N)ncnc21,O00329,P48736,6.3979,5.5686,=,=,IC50,within
Cc1ncc(-c2cc(-c3cc(S(=O)(=O)NC(CO)C(F)(F)F)ccc3C)cnc2N)o1,P48736,Q8NEB9,6.9208,5.3565,=,=,IC50,within
CNC(=O)c1cc2c(N3CCOCC3)nc(-c3cnc(N)cc3C(F)(F)F)nn2c1,P48736,O00329,6.1785,6.9245,=,=,IC50,within
O=C(Cc1nc(N2CCOCC2)cc(=O)[nH]1)N1CCc2c(Cl)cccc21,P42338,P48736,8.7614,5.9465,=,=,IC50,within
CC(=O)Nc1cc(Nc2ccccc2)cc(-c2ccnc(NC(=O)C3CCOCC3)c2)c1,P48736,Q9UBF8,4.7696,5.3098,=,=,IC50,within
COc1ccc(N2CCN(C(=O)c3cccc(Oc4ccc(C(N)=O)cc4)c3)CC2)cc1,Q460N5,Q53GL7,5.2383,5.5514,=,=,IC50,within
NC(=O)c1sc(N2CCOCC2)nc1CC(=O)N1CCc2c(F)cccc21,O00329,P42336,6.3143,5.1409,=,=,IC50,within
Cc1ccc2c(c1)sc1nnc(N)n12,Q8N5Y8,Q53GL7,5.284,7.1724,=,=,IC50,within
Oc1ccc(-c2n[nH]cc2-c2ccc(Cl)c(Cl)c2)c(O)c1O,P42336,P42338,6.2519,5.2441,=,=,EC50,within
Nc1ncc(-c2nc(N3CCOCC3)c3ccn(CCCCCCC(=O)NO)c3n2)cn1,Q8NEB9,O00750,5.201,5.9805,=,=,IC50,within
Cl.O=c1c2c3n(c(=O)cc2[nH]n1-c1ccccc1Cl)CCCN(Cc1ccccc1Cl)C3,Q96PH1,Q9Y5S8,6.2111,7.0605,=,=,Ki,within
Cl.O=c1c2c3n(c(=O)cc2[nH]n1-c1ccccc1Cl)CCCN(Cc1ccccc1Cl)C3,P04839,Q96PH1,5.9355,6.2111,=,=,Ki,within
COc1cccc(CN2CCCn3c(c4c(=O)n(-c5ccccc5Cl)[nH]c4cc3=O)C2)c1.Cl,Q96PH1,Q9Y5S8,6.1367,6.9469,=,=,Ki,within
COc1cccc(N2CCN(Cc3nc(N)nc(Nc4ccc(C)c(C)c4)n3)CC2)c1,P04839,Q9Y5S8,5.8389,4.1805,=,=,IC50,within
COc1cccc(CN2CCCn3c(c4c(=O)n(-c5ccccc5Cl)[nH]c4cc3=O)C2)c1.Cl,Q9Y5S8,P04839,6.9469,5.9226,=,=,Ki,within
COc1cccc(CN2CCCn3c(c4c(=O)n(-c5ccccc5Cl)[nH]c4cc3=O)C2)c1.Cl,Q96PH1,P04839,6.1367,5.9226,=,=,Ki,within
Cl.O=c1c2c3n(c(=O)cc2[nH]n1-c1ccccc1Cl)CCCN(Cc1ccccc1Cl)C3,Q9Y5S8,P04839,7.0605,5.9355,=,=,Ki,within
COc1cccc(N2CCN(Cc3nc(N)nc(Nc4ccc(C)c(Cl)c4)n3)CC2)c1,P04839,Q9Y5S8,4.7696,4.6576,=,=,IC50,within
CC1(C)CCN1Cc1cccc(F)c1CNc1cc(F)c(S(=O)(=O)Nc2cscn2)cc1Cl,Q9UQD0,Q14524,6.4642,4.5229,=,=,IC50,within
CCc1c(C)c(Cl)n(C)c1C(=O)NCc1ccccc1OCC(C)C,Q9P0X4,O43497,6.0915,6.6198,=,=,IC50,within
O=S(=O)(Nc1cnsc1)c1c(F)cc(NCc2c(F)cccc2CN2CCC2)cc1F,Q14524,Q9UQD0,4.7623,5.22,=,=,IC50,within
C=Cc1cc(S(=O)(=O)Nc2cscn2)c(F)cc1NCc1ccccc1CN1CCC1,Q9UQD0,P35498,6.2857,5.0278,=,=,IC50,within
N=C(N)NCCCOc1ccc(CNc2nc3ccc(Oc4ccc(O)cc4)cc3s2)cc1.O=C(O)C(F)(F)F,O95180,Q00975,3.4962,3.5969,=,=,IC50,within
COc1cccc(C(=O)N2C3CCC2CN(Cc2c(-c4ccc(Cl)cc4)nc4ncccn24)C3)n1,O14649,Q9NPC2,6.7959,7.4202,=,=,IC50,within
Cc1nn([C@@H]2CCN([C@H](C)c3cc(Cl)cc(Cl)c3)C2)c2cc(F)c(C(=O)NS(=O)(=O)C3CC3)cc12,Q01118,Q14524,7.6576,6.3372,=,=,Kd,within
O=S(=O)(Nc1nccs1)c1cc(Cl)c(NC(c2ccccc2)C2CC2)cc1F,Q14524,P35498,5.1925,6.1759,=,=,IC50,within
COCC(=O)O[C@]1(CCN(C)CCCc2nc3ccccc3[nH]2)CCc2cc(F)ccc2[C@@H]1C(C)C,Q00975,Q12809,6.1269,5.8539,=,=,IC50,within
CCC(c1ccccc1)N(C)c1ccc(S(=O)(=O)Nc2nccs2)cc1Cl,Q14524,P35498,5.7157,5.5447,=,=,IC50,within
C#CC[C@H](NC(=O)[C@@H](N)CCC(=O)O)C(=O)N[C@H]1CSSC[C@@H]2NC(=O)[C@@H]3CSSC[C@@H](C(=O)N[C@@H](CCCNC(=N)N)C(=O)N[C@@H](CCCCN)C(=O)N[C@@H](CCC(=O)O)C(=O)N[C@H](C(N)=O)[C@@H](C)CC)NC(=O)[C@H](Cc4c[nH]c5ccc(Br)cc45)NC(=O)[C@H](CC(C)C)NC(=O)[C@H](CCCCN)NC(=O)[C@H](CSSC[C@H](NC(=O)[C@H]([C@@H](C)O)NC(=O)[C@H](Cc4c[nH]c5ccccc45)NC(=O)[C@H](CCCC)NC(=O)[C@H](Cc4c[nH]c5ccccc45)NC(=O)[C@H](CCCCN)NC(=O)[C@H](CCC(N)=O)NC1=O)C(=O)N[C@@H](CC(=O)O)C(=O)N[C@@H](CO)C(=O)N[C@@H](C)C(=O)N[C@@H](CCCNC(=N)N)C(=O)N[C@@H](C)C(=O)N3)NC(=O)[C@H](CCCNC(=N)N)NC(=O)[C@H](CC(C)C)NC(=O)CNC(=O)[C@H](CCC(=O)O)NC2=O,P35499,Q15858,6.983,9.0969,=,=,IC50,within
C#CC[C@H](NC(=O)[C@@H](N)CCC(=O)O)C(=O)N[C@H]1CSSC[C@@H]2NC(=O)[C@@H]3CSSC[C@@H](C(=O)N[C@@H](CCCNC(=N)N)C(=O)N[C@@H](CCCCN)C(=O)N[C@@H](CCC(=O)O)C(=O)N[C@H](C(N)=O)[C@@H](C)CC)NC(=O)[C@H](Cc4c[nH]c5ccc(Br)cc45)NC(=O)[C@H](CC(C)C)NC(=O)[C@H](CCCCN)NC(=O)[C@H](CSSC[C@H](NC(=O)[C@H]([C@@H](C)O)NC(=O)[C@H](Cc4c[nH]c5ccccc45)NC(=O)[C@H](CCCC)NC(=O)[C@H](Cc4c[nH]c5ccccc45)NC(=O)[C@H](CCCCN)NC(=O)[C@H](CCC(N)=O)NC1=O)C(=O)N[C@@H](CC(=O)O)C(=O)N[C@@H](CO)C(=O)N[C@@H](C)C(=O)N[C@@H](CCCNC(=N)N)C(=O)N[C@@H](C)C(=O)N3)NC(=O)[C@H](CCCNC(=N)N)NC(=O)[C@H](CC(C)C)NC(=O)CNC(=O)[C@H](CCC(=O)O)NC2=O,Q14524,Q9UQD0,5.1778,6.983,=,=,IC50,within
C[C@H](Nc1cc(F)c(S(=O)(=O)Nc2ccon2)c(F)c1)c1cc(F)ccc1F,Q9UQD0,P35498,5.4987,4.5229,=,=,IC50,within
CC(C)C[C@@H]1NC(=O)CNC(=O)[C@H](CCC(=O)O)NC(=O)[C@@H]2CSSC[C@H](NC(=O)[C@@H](N)Cc3ccc(O)cc3)C(=O)N[C@@H](CCC(N)=O)C(=O)N[C@@H](CCCCN)C(=O)N[C@@H](Cc3ccccc3)C(=O)N[C@@H](CC(C)C)C(=O)N[C@@H](C)C(=O)N3CCC[C@H]3C(=O)N[C@H]3CSSC[C@H](NC(=O)[C@H](C(C)C)NC1=O)C(=O)N[C@@H](CCCNC(=N)N)C(=O)N[C@@H](CC(C)C)C(=O)N[C@@H](Cc1c[nH]c4ccccc14)C(=O)N[C@H](C(=O)N[C@@H](CCCCN)C(=O)N[C@@H](CCCCN)C(=O)N[C@@H](CCCCN)C(=O)N[C@@H](CC(C)C)C(=O)N[C@@H](Cc1c[nH]c4ccccc14)C(N)=O)CSSC[C@H](NC(=O)[C@H](CCCCN)NC(=O)[C@H](CCCNC(=N)N)NC(=O)[C@H](CCC(=O)O)NC(=O)[C@H](CO)NC(=O)[C@H](CC(=O)O)NC3=O)C(=O)N2,P35499,Q12809,5.7533,6.1079,=,=,IC50,within
CC(C)Cc1cc(CNC(=O)C2C3CN(Cc4ccccc4)CC32)nn1-c1ccccc1,O43497,O95180,5.3224,4.967,=,=,IC50,within
Cc1cc(CC(=O)Nc2ccn(Cc3ccc(C#N)cn3)n2)ccc1OCC(F)(F)F,O43497,Q9P0X4,8.6576,8.7696,=,=,IC50,within
COCC(=O)O[C@]1(CCN(C)CCCc2nc3ccccc3[nH]2)CCc2cc(F)ccc2[C@@H]1C(C)C,Q15858,Q00975,6.301,6.1269,=,=,IC50,within
C[C@@H]1CN(Cc2ccccc2)c2nnccc2[C@H](C)N1C(=O)NCc1ccccc1,O43497,O95180,5.9435,6.158,=,=,IC50,within
Cn1c(=O)c2c(CC(=O)Nc3nc(-c4ccc(C(F)(F)F)c(F)c4)cs3)nsc2n(C)c1=O,Q9HBA0,O75762,6.7913,8.1713,=,=,IC50,within
O=C(O)c1ccccc1Nc1cccc(C(F)(F)F)c1,Q7Z418,O95069,3.3242,4.0,=,=,EC50,within
COc1c(N2C[C@@H]3CCCN[C@@H]3C2)c(F)cc2c(=O)c(C(=O)O)cn(C3CC3)c12,Q14524,Q13936,4.0,3.5862,=,=,IC50,within
CC1(C)CCN1Cc1cccc(F)c1CNc1cc(F)c(S(=O)(=O)Nc2cscn2)cc1Cl,Q14524,P35498,4.5229,4.7614,=,=,IC50,within
CC(C)(C)CCN1CCC(CNC(=O)C2(c3ccc(F)cc3)CCCCC2)CC1,Q12809,Q9P0X4,5.4349,7.0044,=,=,IC50,within
CC1(C)CCOc2c(C(=O)N[C@H]3CN4C(=N)N[C@@H](CN5C(=O)CNC5=O)[C@@H]5NC(=N)N[C@@]54C3(O)O)cccc21,Q15858,Q14524,7.0706,4.1135,=,=,IC50,within
Cc1cccc(C)c1NC(=O)C1CCCCN1C,O14649,Q12809,3.1494,3.81,=,=,IC50,within
Cc1cc(CC(=O)Nc2ccn(Cc3ccc(C#N)cn3)n2)ccc1OCC(F)(F)F,Q9P0X4,O95180,8.7696,8.1549,=,=,IC50,within
CC(C)(C)OC(=O)N[C@H](Cc1c(F)cccc1F)C(=O)NCc1nc2cccnc2n1C1(c2ccccc2)CC1,Q15858,Q9Y5Y9,6.767,6.1643,=,=,IC50,within
CC1(NC(=O)CN2CCN(c3cccc4c3cnn4-c3ccccc3F)C2=O)CC1,Q9Y5Y9,Q15858,5.3224,5.618,=,=,IC50,within
O=C1NCCN1CCOc1nn(-c2ccccc2F)c2ccc(F)cc12,Q15858,Q9UQD0,5.6449,5.301,=,=,IC50,within
CC(C)C[C@@H]1NC(=O)CNC(=O)[C@H](CCC(=O)O)NC(=O)[C@@H]2CSSC[C@H](NC(=O)[C@@H](N)Cc3ccc(O)cc3)C(=O)N[C@@H](CCC(N)=O)C(=O)N[C@@H](CCCCN)C(=O)N[C@@H](Cc3ccccc3)C(=O)N[C@@H](CC(C)C)C(=O)N[C@@H](C)C(=O)N3CCC[C@H]3C(=O)N[C@H]3CSSC[C@H](NC(=O)[C@H](C(C)C)NC1=O)C(=O)N[C@@H](CCCNC(=N)N)C(=O)N[C@@H](CC(C)C)C(=O)N[C@@H](Cc1c[nH]c4ccccc14)C(=O)N[C@H](C(=O)N[C@@H](CCCCN)C(=O)N[C@@H](CCCCN)C(=O)N[C@@H](CCCCN)C(=O)N[C@@H](CC(C)C)C(=O)N[C@@H](Cc1c[nH]c4ccccc14)C(N)=O)CSSC[C@H](NC(=O)[C@H](CCCCN)NC(=O)[C@H](CCCNC(=N)N)NC(=O)[C@H](CCC(=O)O)NC(=O)[C@H](CO)NC(=O)[C@H](CC(=O)O)NC3=O)C(=O)N2,Q12809,Q14524,6.1079,5.5376,=,=,IC50,within
O=S(=O)(Nc1cscn1)c1ccc(NCc2c(F)cccc2CN2C3CCC2CC3)c(C(F)(F)F)n1,P35498,Q14524,4.8675,4.5229,=,=,IC50,within
O=S(=O)(Nc1cscn1)c1cc(Cl)c(OCc2c(F)ccc(F)c2CN2CCC2)cc1F,Q14524,Q9UQD0,5.0626,5.5499,=,=,IC50,within
CNC(=O)c1ccc(-c2cc(Cl)cc(Cl)c2Cl)c(N)n1,P35498,Q99250,4.8861,4.8733,=,=,IC50,within
Cc1ccc(C(=O)NC(=N)NCCc2ccc(Cl)cc2)cc1,Q14524,Q99250,5.0706,5.7055,=,=,IC50,within
O=C(c1ccccc1F)N1CCN(Cc2c(-c3ccc(Cl)cc3)nc3ccccn23)CC1,O14649,Q9NPC2,6.4559,7.0088,=,=,IC50,within
Cn1c(C(=O)NCc2cccnc2OCC(F)(F)F)c2c(c1C(F)(F)F)CC(C)(C)CC2,Q9P0X4,O43497,5.6925,6.4202,=,=,IC50,within
C[C@@H]1C(N(C)c2cc(F)c(S(=O)(=O)Nc3cscn3)cc2Cl)CCN1Cc1ccccc1,P35498,Q9UQD0,5.0738,5.1637,=,=,IC50,within
COCCOc1ccc(C2(CCO)CC(c3ccccc3)=NN2C(=O)Nc2ccc(F)cc2)cc1,Q13936,O95180,5.2007,7.2218,=,=,IC50,within
C[C@@H]1CN(Cc2ccccc2)c2cccc(F)c2[C@H](C)N1C(=O)CCc1cccnc1,Q9P0X4,O43497,7.7696,7.3279,=,=,IC50,within
CC[C@H](C)[C@@H]1NC(=O)[C@@H]2CSSC[C@@H]3NC(=O)[C@H](C(C)C)NC(=O)[C@H](CC(C)C)NC(=O)[C@H](CC(N)=O)NC(=O)[C@@H]4CCCN4C(=O)[C@H](CCCNC(=N)N)NC(=O)[C@H](CSSC[C@H](NC(=O)[C@@H](N)CC(=O)O)C(=O)N[C@@H](CC(C)C)C(=O)NCC(=O)N[C@@H](Cc4ccccc4)C(=O)N[C@@H](CCSC)C(=O)N[C@@H](CCCNC(=N)N)C(=O)N[C@@H](CCCCN)C(=O)N2)NC(=O)[C@H](CSSC[C@@H](C(=O)N[C@@H](CCCCN)C(=O)N[C@@H](Cc2ccc(O)cc2)C(=O)N[C@H](C(=O)N[C@@H](Cc2ccccc2)C(N)=O)C(C)C)NC(=O)[C@H](Cc2c[nH]c4ccccc24)NC(=O)[C@H](CCCCN)NC(=O)[C@H](Cc2cnc[nH]2)NC(=O)[C@H](Cc2cnc[nH]2)NC(=O)[C@H](CCCNC(=N)N)NC(=O)[C@H](CO)NC3=O)NC(=O)[C@H](CCCCN)NC(=O)[C@H](CC(=O)O)NC(=O)[C@H](CC(N)=O)NC(=O)[C@H](CC(=O)O)NC(=O)[C@@H]2CCCN2C1=O,P35499,Q15858,6.6198,8.3979,=,=,IC50,within
COC(=O)c1cc(O)c2cc(NC(=O)NCCCCCCCNC(=N)NC[C@H]3O[C@@H](n4cnc5c(N)ncnc54)[C@H](O)[C@@H]3O)ccc2c1,O14744,Q99873,5.4711,5.585,=,=,IC50,within
Nc1nc(=O)n([C@H]2C[C@H](O)[C@@H](CO)O2)cc1CN(CC[C@H](N)C(=O)O)C[C@H]1O[C@@H](n2cnc3c(N)ncnc32)[C@H](O)[C@@H]1O,P26358,Q9UBC3,5.0706,4.7399,=,=,IC50,within
CNc1cc(C)nc(Nc2ccc(OC)c(C3=CCCNCC3)c2)n1,Q96KQ7,Q9H9B1,7.0794,6.3197,=,=,IC50,within
COc1cc2c(NC3CCN(C)CC3)cc(-c3ccc(C)o3)nc2cc1OC1CC2(C1)CN(C1CC1)C2,P26358,Q96KQ7,6.3063,5.4868,=,=,IC50,within
COc1cc2nc(NCCCCC(C)C)nc(NC3CCN(C)CC3)c2cc1OC,Q9H9B1,Q96KQ7,7.5686,6.5017,=,=,IC50,within
C=CC(=O)N(C)c1nc(NC2CCN(C)CC2)c2cc(OC)c(OCCCN3CCCC3)cc2n1,Q86X55,Q96KQ7,5.1752,8.0706,=,=,IC50,within
CCOCC1(COCC)CCC(Oc2ccccc2CN(C)CCNC)CC1.Cl.Cl,Q99873,Q86X55,7.4815,7.9208,=,=,IC50,within
COC(=O)c1cc(O)c2cc(NC(=O)NCCCCCCCNC(=N)NC[C@H]3O[C@@H](n4cnc5c(N)ncnc54)[C@H](O)[C@@H]3O)ccc2c1,Q86X55,Q99873,6.7545,5.585,=,=,IC50,within
N=C(N)NCCC[C@H](NC(=O)CN)C(=O)N[C@@H](CCCCN)C(=O)N[C@@H](CCCCN)C(=O)N[C@@H](CCCN/C(N)=N/Cc1ccccc1)C(=O)N[C@@H](CCCNC(=N)N)C(=O)N[C@@H](CCC(N)=O)C(=O)N[C@@H](CCCNC(=N)N)C(=O)N[C@@H](CCCNC(=N)N)C(=O)N[C@@H](CCCNC(=N)N)C(=O)N1CCC[C@H]1C(=O)N1CCC[C@H]1C(=O)N[C@@H](CCC(N)=O)C(=O)O,Q96LA8,Q99873,4.7011,5.5719,=,=,Ki,within
Nc1nc2cc(CC[C@H]3C[C@@H](Nc4ncnc5c4C(=O)CCN5)[C@H](O)[C@@H]3O)ccc2cc1Br,Q99873,O14744,5.5491,7.8827,=,=,IC50,within
CNC[C@H](O)CN(C)Cc1ccccc1OCc1ccc(-c2cncs2)cc1,Q86X55,Q99873,7.585,6.8327,=,=,IC50,within
CC#CC(=O)NC12CC(NC3=C(Cl)C(=O)c4ncccc4C3=O)(C1)C2,Q15910,Q96L73,6.6021,6.1612,=,=,IC50,within
Cc1cc(Nc2ccccc2NC(=O)c2ccc(Nc3ccnc4ccccc34)cc2)nc(N)n1,P26358,Q9H9B1,4.4559,3.3979,=,=,IC50,within
CCN(CC)C(=S)[S-].[Na+],Q9H9B1,Q96KQ7,4.0915,5.0362,=,=,IC50,within
COC(=O)c1cc(O)c2cc(NC(=O)NCCCCCCCNC(=N)NC[C@H]3O[C@@H](n4cnc5c(N)ncnc54)[C@H](O)[C@@H]3O)ccc2c1,Q96LA8,Q9NVM4,4.4486,6.2,=,=,IC50,within
COc1cc2c(NC3CCN(C)CC3)cc(-c3ccc(C)o3)nc2cc1OCCCN1CCC(F)C1,P26358,Q96KQ7,6.0794,5.8327,=,=,IC50,within
COc1cc2c(cc1OCCCN1CCCC1)N=C(C1CCCCC1)CN=C2NC1CCN(C(C)C)CC1,P26358,Q96KQ7,5.5086,7.6383,=,=,IC50,within
CNCCN1CCC(OCc2ccc(Cl)cc2)CC1,Q86X55,Q96LA8,7.7447,7.3979,=,=,IC50,within
COC(=O)c1cc(O)c2cc(NC(=O)NCCCCCCCNC(=N)NC[C@H]3O[C@@H](n4cnc5c(N)ncnc54)[C@H](O)[C@@H]3O)ccc2c1,Q9NVM4,O14744,6.2,5.4711,=,=,IC50,within
COc1cc2c(NC3CCN(C)CC3)cc(-c3ccc(CN(C)C)o3)nc2cc1OCCCN1CCCC1,P26358,Q96KQ7,5.8962,6.8297,=,=,IC50,within
COC(=O)c1cc(O)c2cc(NC(=O)NCCCCCCCNC(=N)NC[C@H]3O[C@@H](n4cnc5c(N)ncnc54)[C@H](O)[C@@H]3O)ccc2c1,Q99873,Q96LA8,5.585,4.4486,=,=,IC50,within
COc1cc2c(NCC3CCN(C)CC3)cc(C#N)nc2cc1OCCCN1CCCC1,O96028,Q96KQ7,6.4425,7.5017,=,=,IC50,within
COC[C@@]1(N)CCCN(c2cnc(-c3cc(Cl)ccc3F)cc2Cn2cnc3c(N)ncnc32)C1,Q9BZ95,Q96L73,9.0,6.6055,=,=,IC50,within
CNCCN(C)C,Q99873,Q96LA8,4.4089,5.301,=,=,IC50,within
CNCCN1CCC(OCc2ccccc2C(F)(F)F)CC1,Q86X55,Q96LA8,7.6383,7.1938,=,=,IC50,within
COc1ccccc1Oc1ccc(CNC(=O)[C@H](C)N)cc1.Cl,Q86X55,Q96LA8,5.7696,5.3279,=,=,IC50,within
COc1cc2nc(N3CCOCC3)cc(NC3CCN(C)CC3)c2cc1OC,Q9H9B1,Q96KQ7,8.2218,7.0362,=,=,IC50,within
COC(=O)c1cc(O)c2cc(NC(=O)NCCCCCCCNC(=N)NC[C@H]3O[C@@H](n4cnc5c(N)ncnc54)[C@H](O)[C@@H]3O)ccc2c1,Q9NR22,O14744,5.2336,5.4711,=,=,IC50,within
Nc1ncnc2c1ncn2[C@@H]1O[C@H](C[C@@H](N)CC2CC2)[C@@H](O)[C@H]1O,Q96KQ7,Q9H9B1,4.4023,4.6615,=,=,IC50,within
COc1cc2c(NC3CCN(C)CC3)nc(N3CCCN(C)CC3)nc2cc1C#CCN1CCCC1=O,Q96KQ7,Q9H9B1,7.2147,7.9208,=,=,IC50,within
COc1cc2c(NC3CCN(C)CC3)cc(-c3ccc(CO)o3)nc2cc1OCCCN1CCCC1,P26358,Q96KQ7,6.1198,7.8239,=,=,IC50,within
CC(=O)N[C@@H](CO)C(=O)NCC(=O)N[C@@H](CCCNC(=N)NCCC[C@H]1O[C@@H](n2cnc3c(N)ncnc32)[C@H](O)[C@@H]1O)C(=O)NCC(=O)N[C@@H](CCCCN)C(=O)NCC(=O)NCC(=O)N[C@@H](CCCCN)C(N)=O,Q99873,Q96LA8,5.5735,4.9594,=,=,IC50,within
CC#CC(=O)NC12CC(NC3=C(Cl)C(=O)c4ncccc4C3=O)(C1)C2,O96028,Q96L73,6.6383,6.1612,=,=,IC50,within
CNCCN1CC[C@@H](NC(=O)c2ccc3c(Nc4ccc(CN)cc4)ncnc3c2)C1,O60678,Q86X55,2.4468,4.4318,=,=,IC50,within
CNCCN1CCC(OCc2cccc(Cl)c2)CC1,Q86X55,Q96LA8,7.4815,7.1079,=,=,IC50,within
C=CC(=O)N(C)c1nc(NC2CCN(C)CC2)c2cc(OC)c(OCCCN3CCCC3)cc2n1,Q99873,Q96KQ7,4.7528,8.0706,=,=,IC50,within
CNCCN(C)C,Q9NR22,Q96LA8,5.1549,5.301,=,=,IC50,within
COC(=O)c1cc(O)c2cc(NC(=O)NCCCCCCCNC(=N)NC[C@H]3O[C@@H](n4cnc5c(N)ncnc54)[C@H](O)[C@@H]3O)ccc2c1,O60678,O14744,4.9066,5.4711,=,=,IC50,within
Cc1ccc(-c2cc(NC3CCN(C)CC3)c3cc(O)c(OCCCN4CCCC4)cc3n2)o1,Q96KQ7,P26358,6.066,6.1904,=,=,IC50,within
Br[Se]c1ccccc1,Q9H9B1,Q96KQ7,5.8239,6.1024,=,=,IC50,within
CCN1C(=O)/C(=N\c2ccc(S(N)(=O)=O)cc2)c2ccccc21,O43570,P00918,7.4647,8.5229,=,=,Ki,within
CN1CCC(=C2c3ccccc3C=Cc3ccccc32)CC1,P41595,P08912,8.025,8.4162,=,=,IC50,within
CC(=O)N[C@@H](CC(C)C)C(=O)N1CCC[C@H]1C(=O)N[C@H](C(=O)N[C@@H](CN)C(=O)N[C@@H](CC1CCCC1)C(=O)N[C@H](c1nc2cccc(-c3ccccc3)c2[nH]1)C(C)C)C(C)C,P42568,Q03111,7.5376,6.6108,=,=,Ki,within
Cc1cnc(Nc2ccc(N3CCOCC3)cc2)nc1-c1cc2c(o1)CCN(C(=O)c1cccc(C#N)c1)C2,O60674,P52333,7.451,6.2577,=,=,IC50,within
C=CCN(CC)C(=O)[C@@]1(c2ccsc2)C[C@H]1CN,P31645,P23975,6.8539,8.2518,=,=,IC50,within
CNC(=O)CNC(=O)[C@@H]1Cc2ccc(cc2)OCCC[C@H](C(=O)NO)[C@@H](CC(C)C)C(=O)N1,P14780,P51511,9.0458,7.699,=,=,Ki,within
Cc1cc2c(CC(=O)O)csc2cc1OCc1cc(-c2ccc(Cl)cc2)on1,Q07869,Q03181,5.2358,7.4318,=,=,IC50,within
C=CC(=O)NCCn1nc(-c2ccc(Oc3ccccc3)cc2)c2c(N)ncnc21,Q08881,P52333,6.0809,5.4807,=,=,IC50,within
Cc1c(-c2[nH]c3ccc(N4C[C@@H](C)N(CCC(N)=O)C[C@@H]4C)nc3c2C(C)C)cn2ncnc2c1C,Q9NYK1,Q9NR97,8.9208,8.6576,=,=,IC50,within
CC(C)Oc1ccc(-c2ccc3nc(N)sc3c2)cn1,P42338,P42356,4.5,7.1,=,=,IC50,within
O=c1c2ccc(F)cc2oc2cc(Cn3ccnc3)ccc12,P15538,P19099,7.9101,7.0862,=,=,IC50,within
Cc1cc(OS(N)(=O)=O)ccc1-c1ccc(C(=O)c2c(F)ccc(O)c2F)s1,P14061,P37059,7.3615,7.3979,=,=,IC50,within
COc1c(O)ccc2c1CN1CCc3cc(OCCF)c(O)cc3[C@@H]1C2,P21728,P14416,7.4685,5.2971,=,=,Ki,within
O=C(O)CCN(O)C(=O)CCCCCCCCC1CCCCCC1,Q9Y2K7,O75164,4.8239,4.0044,=,=,IC50,within
O=C(CCCCCC(c1c[nH]c2ccc([N+](=O)[O-])cc12)c1c[nH]c2ccc([N+](=O)[O-])cc12)NO,Q9UBN7,Q9UKV0,7.699,6.8239,=,=,IC50,within
CCCCOc1c(/C(C)=C\C=C\C(C)=C\C(=O)O)cc(C(F)(F)C(F)(F)F)cc1C(C)C,P10276,P10826,5.5607,5.644,=,=,Ki,within
Cc1cc(C)c(CNc2nc(N[C@@H](C)[C@@H](C)O)nc3c2ncn3C(C)C)cn1,P24941,P50613,8.301,6.7144,=,=,IC50,within
C[C@@H](C1CC1)N1Cc2cc(-c3ccn4nc(N)c(-c5cnn(C)c5)c4n3)cc(C(F)(F)F)c2C1=O,P08684,P05177,6.2218,5.1249,=,=,IC50,within
COC(=O)c1ccc2c(c1)NC(=O)/C2=C(\Nc1ccc(C(=O)NOCCN2CCC(O)CC2)cc1)c1ccccc1,P11362,P17948,7.163,6.9101,=,=,Ki,within
CC(C)(OCc1cc(-c2cccc(OCC3COC3)c2)n(-c2ccccc2F)n1)C(=O)O,O15427,P53985,6.2366,4.0,=,=,IC50,within
CCc1ccc(-c2cc(NC3CCC34CCN(C)CC4)c3cc(OC)c(OCCCN4CCCC4)cc3n2)o1,Q96KQ7,P26358,7.0269,6.5788,=,=,IC50,within
CCc1cccc(N2CCN(CCC(O)CCNC(=O)c3cn4ccccc4n3)CC2)c1Cl,P21917,P35462,4.9469,8.3737,=,=,Ki,within
NC(=O)c1ccc(N(C(N)=O)c2c(F)cccc2F)nc1-c1ccc(F)cc1F,P45984,Q13705,5.585,7.0362,=,=,Kd,within
O=C1CCCN1CC#CCN1CCCC1,P08173,P20309,7.8539,6.6778,=,=,EC50,within
c1ccc(CCCc2cn(-c3ccc4[nH]ncc4c3)nn2)cc1,P49841,Q96GD4,6.2774,5.7144,=,=,Ki,within
CC1(C)CN[C@@H]1C(=O)N1CCC[C@H]1B(O)O,Q6V1X1,Q86TI2,8.3468,8.6198,=,=,IC50,within
NC(=O)[C@H](CCC(=O)O)NC(=O)[C@@H](CCC(=O)O)NC(=O)CCc1ccc(-c2ccccc2)cc1,P09237,P50281,4.6073,5.2291,=,=,Ki,within
Cc1cc(-c2[nH]c3ccc(C4CCN(CC(=O)NCC(C)(C)O)CC4)cc3c2C(C)C)cc(C)n1,Q9NR96,Q9NYK1,6.3809,8.5229,=,=,IC50,within
Cl.NC1=Nc2ccc(Cl)cc2CN1,P34969,P41595,5.938,6.249,=,=,Ki,within
C[C@H](Nc1nc2c(cnn2C2CCCC2)c(=O)[nH]1)c1ccc(Cl)cc1,Q08499,O60658,8.8861,9.0,=,=,IC50,within
NCCc1cn(S(=O)(=O)c2c(Cl)nc3sccn23)c2ccccc12.O=C(O)C(=O)O,Q9HC97,P08172,5.2828,5.3701,=,=,IC50,within
O=C(NC[C@H]1CN(c2ccc(N3CCCC(C(=O)O)C3)cc2)C(=O)O1)c1ccc(Cl)s1,P00742,P00734,5.9136,4.7545,=,=,Ki,within
C[C@@H](NS(=O)(=O)c1ccccc1)C(=O)NC1=NN=C(c2ccc(Cl)cc2)CS1,P08253,P22894,6.301,6.8239,=,=,Ki,within
O=C(NO)c1cnc(Nc2ccc([N+](=O)[O-])c(C(F)(F)F)c2)nc1,O15379,Q13547,6.3665,6.4828,=,=,IC50,within
O=S(=O)(NCC1CCN(CCOc2ccccc2-c2ccccc2)CC1)c1ccc(Cl)s1,P50406,P08908,6.3872,6.9957,=,=,Ki,within
C=CC(=O)N1CCC[C@@H](n2nc(-c3ccc(Oc4ccccc4)cc3)c3c(N)ncnc32)C1,P08631,Q9NYL2,7.3768,5.7683,=,=,Kd,within
CC(C)c1c(-c2ccnc3[nH]ncc23)[nH]c2ccc(-c3nnc(C4CN5CCC4CC5)o3)cc12,Q9NR97,Q9NYK1,7.9208,7.1192,=,=,IC50,within
N#Cc1c[nH]c2nccc(N3CCC(N)(N)C3)c12,Q13464,Q9Y5S2,7.7033,8.0545,=,=,Ki,within
CN1CCC(CNc2ccc3ncc(-c4cccc(OC(F)(F)F)c4)n3n2)CC1.O=S(=O)(O)O,P11309,P36888,8.1549,7.3565,=,=,IC50,within
c1cc(SSc2ccns2)sn1,Q09472,Q92993,4.2366,5.699,=,=,IC50,within
O=C(C[C@@H](CCCc1ccc(F)cc1)C(=O)N[C@@H](CC1CCCCC1)C(=O)NCCc1ccccc1)NO,P08253,P03956,10.2218,6.5287,=,=,Ki,within
COCCNC(=O)c1cc(S(N)(=O)=O)c(Cl)cc1S(=O)(=O)C1CCCCC1,Q9ULX7,P22748,9.3797,8.2189,=,=,Kd,within
O=C(O)Cn1c2c(c3c(Cl)cc(Cl)cc31)CCN(Cc1ccccc1)C2=S,P15121,P14550,6.7212,5.0,=,=,IC50,within
N#Cc1ccc(Oc2ccc3nc(OCC(=O)N4CCOCC4)ccc3c2)cc1,Q01118,Q12809,6.4949,5.1739,=,=,IC50,within
COc1ccc([C@@H](OC(C)C)C(=O)Nc2cccc(-c3nc(NC(P(=O)(O)O)P(=O)(O)O)c4ccsc4n3)c2)cc1F,O95749,P14324,7.699,6.1367,=,=,IC50,within
O=C1NC(=O)C(c2ccc(Oc3ccccc3)cc2)(N2CCN(CCOCCOCCOCCn3cc(CNS(=O)(=O)c4ccc(F)cc4)nn3)CC2)C(=O)N1,P45452,P22894,7.6383,7.7212,=,=,IC50,within
Cc1ccc(-n2ccc(C)c(-c3ccc4nc(N)ncc4c3)c2=O)cc1F,P06239,P10721,4.6021,7.6594,=,=,IC50,within
O=C1Nc2ccccc2/C1=C\c1ccc2c(/C=C/c3ccncc3)n[nH]c2c1,P08684,P11712,5.7843,7.699,=,=,IC50,within
CCC(=O)CCCCC[C@H](NC(=O)[C@H]1CC12CCN(C)CC2)c1ncc(-c2ccc(-c3cccnc3)nc2)[nH]1,Q13547,O15379,8.3861,8.6428,=,=,IC50,within
CCc1cc(CC(NC(C)=O)C(=O)NCCCCC(=O)N[C@H](C(=O)O)C(C)CC)ccc1N(C(=O)C(=O)O)c1ccccc1C(=O)O,P18031,P17706,6.3665,6.3979,=,=,Ki,within
COc1ccc(CNC2=C(c3ccccc3OC)C(=O)NC2=O)cc1Cl,O94804,Q9H2G2,3.3468,4.1427,=,=,Ki,within
CC(=O)N[C@H](Cc1ccc(N(C(=O)C(=O)O)c2ccccc2C(=O)O)c2ccccc12)C(=O)NCCCCCOc1cc2ccccc2cc1C(=O)O,P18031,P17706,7.6576,7.3098,=,=,IC50,within
Cc1nc(Nc2n[nH]c3c2CN(C(=O)N[C@H](CN(C)C)c2ccccc2)C3(C)C)c2sccc2n1,P36888,Q15418,7.0915,8.301,=,=,Ki,within
COCCNCc1cccc(CCNC[C@H](O)c2ccc(O)c3[nH]c(=O)sc23)c1,P08588,P25100,6.8,6.3,=,=,IC50,within
O=S(=O)(c1cccnc1)N1CCN(c2ccc(/C=C/c3cc(F)cc(-c4ccncc4)c3)cc2)CC1,P08686,P05093,5.4815,8.1549,=,=,IC50,within
C/N=C1\S/C(=C\c2cc(C)n(Cc3ccccc3)c2C)C(=O)N1C,Q9H228,P21453,6.8416,6.1427,=,=,EC50,within
C[C@H](NC[C@@H](O)[C@H](Cc1ccccc1)NC(=O)c1cccc(N(c2ccc(C#N)cc2)S(C)(=O)=O)c1)C(=O)NC1CCCCC1,P56817,P07339,6.7212,5.2886,=,=,IC50,within
Cc1cc(C)n2c(=O)c(CCN3CCc4oc5ccccc5c4C3)c(C)nc2c1,P18089,P35348,8.58,6.62,=,=,IC50,within
NS(=O)(=O)c1cc(C(=O)NCCO)c(S(=O)(=O)Cc2ccccc2)cc1Cl,O43570,Q16790,7.9011,8.2091,=,=,Kd,within
CCN(CC)Cc1ccc(C(=O)N(CCc2ccccc2OC)[C@@H]2CCNC2)cc1,Q14703,P00749,6.7696,4.301,=,=,IC50,within
CN1C(=O)[C@H]([C@H](O)[C@H](CC2CCCCC2)NC(=O)[C@H](Cc2c[nH]cn2)NC(=O)[C@H](Cc2ccccc2)NC(=O)OC(C)(C)C)C[C@H]1CO,P20142,P00797,6.0,7.9269,=,=,IC50,within
CC(NC(C)(C)C)C(=O)c1ccc(Br)cc1,P31645,P23975,5.4723,5.5952,=,=,IC50,within
CCC(=O)N(c1ccc(C)cc1)C1CCN(CCc2ccc(S(N)(=O)=O)cc2)CC1,P43166,P22748,7.0209,5.0345,=,=,Ki,within
Cc1cc(F)ccc1-c1cc(N2CCN(S(C)(=O)=O)[C@@H](C)C2)ncc1N(C)C(=O)C(C)(C)c1cc(C(F)(F)F)cc(C(F)(F)F)c1,P25103,P29371,9.412,8.7447,=,=,Ki,within
O=C(Nc1ccc2c(c1)N(S(=O)(=O)c1ccc(F)cc1)CCC2)c1c(F)cccc1F,O75469,P55055,5.9586,5.4949,=,=,EC50,within
Clc1ccc2c(NCc3ccccn3)c3c(nc2c1)CCCC3,P08684,P05177,5.041,6.6198,=,=,IC50,within
COC(=O)Nc1ccc(-c2cnnc([C@H](Cc3ccccc3)NC(=O)/C=C/c3cc(Cl)ccc3-n3cnnn3)c2)cc1,P00742,P03952,6.0757,6.5719,=,=,Ki,within
CCCNNC(=O)c1ccc(CN(CC(=O)NCc2ccccc2)C(=O)c2ccc(N(C)C)cc2)cc1,O15379,Q13547,8.3328,7.51,=,=,IC50,within
CC1(C)SCCN(S(=O)(=O)c2ccc(OCC#CCO)cc2)[C@H]1C(=O)NO,P78536,P14780,6.9104,7.0862,=,=,IC50,within
Cc1cc(O)cc2oc(=O)c(C(=O)CCN3CCOCC3)cc12.Cl,P27338,P21397,4.4439,4.0066,=,=,IC50,within
Cc1ccc([C@@]2(F)C[C@H]2N)cc1,P21397,P27338,3.6383,4.5229,=,=,IC50,within
Cc1n[nH]c2cc(Nc3nc(NC4CC4)c4occc4n3)ccc12,O43293,Q9UM73,5.3028,5.2262,=,=,IC50,within
Oc1nc2c(c3nc(-c4ccccc4-c4cccs4)cn13)CN(Cc1ccccc1)CC2,P14867,P47869,6.6819,6.056,=,=,EC50,within
Cn1cc(-c2ccc3cnc(NC(=O)c4ccnc(N5CCN(C6CC6)CC5)c4)cc3c2)cn1,Q13627,P49841,8.5376,5.3945,=,=,EC50,within
CCC(=O)CCCCC[C@H](NC(=O)[C@H]1CC12CCN(CC)CC2)c1ncc(-c2cc3ccccc3nc2OC)[nH]1,Q92769,Q9BY41,7.4897,5.4003,=,=,IC50,within
C[C@@H]1CN(C2COC2)CCN1c1ccc(Nc2cc(-c3ccnc(N4CCn5c(cc6c5CC(C)(C)C6)C4=O)c3CO)cn(C)c2=O)nc1,P04626,P51813,4.5229,6.9208,=,=,Kd,within
CC(=O)N[C@H]1[C@H]([C@H](O)[C@H](O)Cn2cc(-c3ccc(N(C)C)cc3)nn2)OC(C(=O)O)=C[C@@H]1O,Q99519,Q8WWR8,3.7212,4.5528,=,=,IC50,within
CCCCCCCCOc1ccc(CNCCCP(=O)(O)O)cc1Br,Q99500,Q9HBW0,7.585,7.4437,=,=,IC50,within
CCCCOc1c(/C(C)=C\C=C\C(C)=C\C(=O)O)cc(C(F)(F)C(F)(F)F)cc1C(C)C,P10276,P28702,5.5607,8.0862,=,=,Ki,within
Cc1c(-c2[nH]c3ccc(C4CCN(C(=O)OCCN5CCCC5)CC4)cc3c2C(C)C)cn2ncnc2c1C,Q9NYK1,Q9NR97,7.6144,6.8996,=,=,IC50,within
CCN1CCC(Oc2ccc(C(=O)Nc3ccc(NC(=O)Nc4cc(C(C)(C)C)on4)cc3)nc2)CC1,P16234,P07333,8.6383,9.0969,=,=,Kd,within
O=C(Nc1ccc2c(c1)N(S(=O)(=O)c1ccc(F)cc1)CCC2)c1c(F)cccc1F,P55055,Q96RI1,5.4949,5.1192,=,=,EC50,within
COC(=O)C1C(c2ccc(Cl)c(Cl)c2)CC2[C@@H](O)CC1N2C,Q01959,P31645,8.3677,6.3093,=,=,IC50,within
Cn1cc(C2=C(c3cccc(NCC(O)CO)c3)C(=O)NC2=O)c2cc(F)ccc21,Q00537,P31152,7.1612,4.3979,=,=,Kd,within
Cc1cc(N2C(=O)c3nn(C)cc3C2c2ccc(Cl)cc2)cn(C)c1=O,O60885,P25440,6.8861,6.7447,=,=,IC50,within
Cc1c(Nc2c(C#N)cnc3sc(-c4cccc(CN(C)C)c4)cc23)ccc2[nH]ccc12,Q04759,P05771,8.1249,5.7959,=,=,IC50,within
O=C1CCc2ccccc2N1CCCN1CCN(c2ccccc2)CC1,P21917,P08173,8.575,4.92,=,=,IC50,within
Oc1ccc2c(c1O)C[C@@H](c1ccccc1)[C@@H]1CCNC[C@@H]21,P21918,P08913,5.5528,5.4559,=,=,Ki,within
Cc1cc2c(cc1N1C(=O)c3cccc4c(N5CCCCC5)ccc(c34)C1=O)n(C)c(=O)n2C,O95696,P55201,7.0223,4.8761,=,=,IC50,within
CN(C)C(=O)Oc1cccc([N+](C)(C)C)c1.[Br-],P06276,P22303,6.0969,7.3468,=,=,IC50,within
CNC(=O)NC1CCN(C(=O)[C@H](Cc2cccc(C(=N)N)c2)NS(=O)(=O)c2cccc(NC(=O)CCN)c2)CC1,P00742,Q9Y5Y6,4.8508,7.2518,=,=,Ki,within
CCC(=O)CCCCC[C@H](NC(=O)[C@H]1CC12CCN(Cc1ccccc1)CC2)c1ncc(-c2cc3ccccc3nc2OC)[nH]1,Q9UBN7,O15379,6.1391,8.6778,=,=,IC50,within
Cc1cc(C2=NCCN2C)cc2[nH]c(-c3c(NCC(O)c4cccc(Cl)c4)cc[nH]c3=O)nc12,P11712,P08684,4.041,4.4559,=,=,IC50,within
CC(C)c1cc(CCOc2c(Cl)cccc2C(=O)O)cc(-c2ccc3c(c2)[C@H](N)CO3)c1,P00740,P00742,5.0177,4.9547,=,=,IC50,within
COC(=O)c1ccc2c(c1)-c1ccnc(c1)[C@@H](N1CCC(c3c(C(F)(F)F)ccc(Cl)c3F)=CC1=O)CCC[C@@H](C)C(=O)N2,P03952,P03951,7.2185,7.2373,=,=,Ki,within
C/C=C1\NC(=O)[C@H]2CSSCC/C=C/[C@H](CC(=O)N[C@H](C(C)C)C(=O)N2)OC(=O)[C@H](C(C)C)NC1=O,P56524,Q13547,7.6882,11.699,=,=,Ki,within
O=C(O)c1cc2c(C#Cc3cccc(C(F)(F)F)c3)c(-c3ccccc3)oc2cc1O,Q9UNH5,Q9NRW4,5.2218,5.8539,=,=,IC50,within
CN(C(=O)Cc1c[nH]c2ccc(C(=N)N)cc12)c1ccc(-c2ccccc2S(N)(=O)=O)cc1,P07477,P00742,6.2218,7.3872,=,=,Ki,within
COC(=N)c1nc2ccc3ncnc(Nc4ccc(OC)cc4F)c3c2s1,P49759,P49841,8.1172,6.796,=,=,Kd,within
Cc1cc(COc2ccc(S(=O)(=O)CC(CC3CCC(=O)CC3)N(O)C=O)cc2)c2ccccc2n1,P78536,P45452,8.3468,5.4815,=,=,IC50,within
CCCC(=O)Nc1cccc(Nc2nccc(Nc3cc(C4CC4)[nH]n3)n2)c1,P12931,P00519,6.3979,6.0088,=,=,Ki,within
CC(=O)N1c2cnc(NC(=O)OCc3ccccc3)cc2C2(CCCCC2)C1(C)C,P23945,P16473,5.0,7.0862,=,=,IC50,within
CCOc1cc(N2CCC(O)CC2)ccc1Nc1ncc2c(n1)N(C)c1ccccc1C(=O)N2C,Q13470,P51812,5.0,4.3279,=,=,IC50,within
COC(=O)Nc1ccc2c(c1)C(=O)NCCCCC[C@H](N1CCC(c3c(F)ccc(Cl)c3F)=CC1=O)c1cc-2ccn1,P03951,P00740,7.5918,7.5914,=,=,Ki,within
N[C@H]1CC[C@@H](CNc2cc(F)c(S(=O)(=O)Nc3ncns3)cc2Cl)CC1,Q15858,Q14524,7.7959,5.585,=,=,IC50,within
Cc1cnc(-c2cc(O[C@@H]3C[C@H]4CC[C@@H](C3)N4C)cc(C(=O)N[C@H](C)c3cnc(C(F)(F)F)nc3)c2)s1,Q9UBL9,P56373,5.757,7.6021,=,=,IC50,within
Cc1cc(-c2nc(C)c3c(C)nc4scnc4n23)ccn1,Q9Y233,Q14432,6.9031,5.1051,=,=,IC50,within
O=C1C(=O)N(Cc2ccc(F)cc2)c2ccc(S(=O)(=O)N3CCC[C@H]3COc3cccc(F)c3)cc21,P55210,P42574,7.8697,7.7696,=,=,EC50,within
O=C(c1ccnc2ccc(Br)cc12)N1CCC[C@H]1CNS(=O)(=O)C(F)(F)F,Q4U2R8,Q96S37,5.2083,6.3565,=,=,IC50,within
CC(C)c1nc(CN(C)C(=O)N[C@H](C(=O)N[C@H](CC[C@H](Cc2ccccc2)NC(=O)OCc2cncs2)Cc2ccccc2)C(C)C)cs1,P11712,P10635,5.1675,5.5376,=,=,IC50,within
CN1C[C@H](C(=O)Nc2ccc(Cl)cc2)[C@@H](c2ccc(/C=C/C(=O)Nc3ccccc3N)cc2F)C1,P11712,P10635,4.8861,5.0458,=,=,IC50,within
Cc1ccc(C2=CC(C)(C)Oc3cc4ccc(-c5ccc(C(=O)O)cc5)cc4cc32)cc1,P13631,P10276,8.699,8.2596,=,=,IC50,within
Nc1cccc(-c2c(O)ccc3cc(-c4cccc(O)c4)ccc23)c1,P20813,P10635,4.983,4.3979,=,=,IC50,within
CC(C)(C)c1cc(=O)[nH]c(SCC(=O)c2ccc(Cl)c(S(N)(=O)=O)c2)n1,Q8N1Q1,O43570,7.6021,7.3615,=,=,Kd,within
CO[C@H](Cc1ccc(OCCc2nc(-c3ccccc3)oc2C)c2ccsc12)C(=O)O,P37231,Q03181,5.9172,5.567,=,=,EC50,within
COCc1ccc2c(c1)c1c3c(c4c5cc(COC)ccc5n5c4c1n2[C@H]1C[C@](O)(C(=O)OC)[C@]5(C)O1)CNC3=O,Q02779,P04629,7.7959,6.5686,=,=,IC50,within
O=C(Nc1ccc(Oc2ccc(Cl)cn2)c(Cl)c1)c1ccccn1,Q14831,Q14833,6.8297,6.9666,=,=,EC50,within
CC1(C)C(=O)N(Cc2ccc(Cl)cc2Cl)C(=O)N1CCCCCN1CCN(c2ccc(Cl)c(Cl)c2)CC1.Cl,P50406,P34969,6.5031,7.1079,=,=,Ki,within
CCCc1c(OCCCSc2ccc(CC(=O)O)cc2Cl)ccc2c(-c3ccccc3)coc12,Q07869,P37231,7.2678,7.0269,=,=,IC50,within
CC[C@H](C)[C@H](NC(=O)[C@H](CC(C)C)NC(=O)[C@H](Cc1c[nH]c2ccccc12)NC(=O)[C@H](CCC(=O)O)NC(=O)[C@@H](NC(=O)[C@H](Cc1ccccc1)NC(=O)[C@H](CC(=O)O)NC(=O)[C@H](CCC(N)=O)NC(=O)[C@H](C)NC(=O)[C@H](CCCNC(=N)N)NC(=O)[C@H](CCCNC(=N)N)NC(=O)[C@H](CO)NC(=O)[C@H](CC(=O)O)NC(=O)[C@H](CC(C)C)NC(=O)[C@H](Cc1ccc(O)cc1)NC(=O)[C@H](CCCCN)NC(=O)[C@H](CO)NC(=O)[C@@H](NC(=O)[C@H](CC(=O)O)NC(=O)[C@H](CC(N)=O)NC(=O)[C@@H](NC(=O)[C@H](Cc1ccc(O)cc1)NC(=O)[C@@H](NC(=O)CNC(=O)[C@H](CCC(N)=O)NC(=O)[C@H](CO)NC(=O)[C@@H](N)Cc1c[nH]cn1)[C@@H](C)O)[C@@H](C)O)C(C)C)[C@@H](C)CC)C(=O)N[C@@H](CCCCN)C(=O)NCC(=O)N[C@@H](CCCCN)C(N)=O,P47871,P43220,8.8861,9.8539,=,=,EC50,within
COC(=O)c1ccc2c(c1)NC(=O)/C2=C(\Nc1ccc(C(=O)NOCCN2CCN(C)CC2)c(C)c1)c1ccccc1,P22607,P35968,7.8356,7.4271,=,=,Ki,within
O=C(CCCCCCC(=O)Nc1ccc([C@H]2O[C@@H](CSc3ccncc3)C[C@@H](c3ccccc3)O2)cc1)NO,Q9UKV0,Q13547,5.2147,7.0555,=,=,Ki,within
CN(c1ncccc1CNc1cccn2nc(Nc3cccc(S(C)(=O)=O)c3)nc12)S(C)(=O)=O,O60674,P52333,7.1088,6.0363,=,=,IC50,within
COC(=O)c1ccc2c(c1)NC(=O)/C2=C(\Nc1ccc(C(=O)N(CCN(C)C)OC)cc1)c1ccccc1,P11362,P22607,7.3019,7.8761,=,=,Ki,within
O=C(CCCCC(=O)Nc1ccc2c(c1)/C(=C/c1ccc[nH]1)C(=O)N2)NO,Q9UBN7,Q9BY41,8.7932,6.5058,=,=,IC50,within
CC(=O)[C@H]1CC[C@H]2[C@@H]3CCC4=CC(=O)CC[C@]4(C)[C@H]3CC[C@]12C,P10275,P08235,7.4318,7.8539,=,=,IC50,within
Nc1ccc(-c2cccs2)cc1NC(=O)OCc1cccnc1,O15379,Q92769,5.5157,7.301,=,=,IC50,within
O=C(Nc1ccc(Cl)cc1Cl)c1nc(-c2ccccc2)cs1,P05177,Q16678,6.3118,8.4473,=,=,IC50,within
COc1ccc2[nH]c3c(c2c1)CCN(C)CCc1ccccc1C3,P21728,P21918,9.0862,8.4437,=,=,Ki,within
COC(=O)c1cc2c(cc1C)/C(=C(/Nc1ccc(C(=O)N3CCC(O)(CN4CCOCC4)CC3)cc1)c1ccccc1)C(=O)N2,P17948,P35968,6.9872,7.8861,=,=,Ki,within
NC(=O)C(Cc1c[nH]c2ccccc12)NC(=O)C(CSc1ccccc1OC(F)(F)F)CP(=O)(O)C(Cc1ccccc1)NC(=O)OCc1ccccc1,P50281,P45452,4.5229,3.699,=,=,Ki,within
O=C(CCC(F)(F)F)N1CC=C(c2cccn3nc(Nc4ccc(C(=O)N5CCN(CCO)CC5)cc4)nc23)CC1,O60674,P23458,9.5229,8.9872,=,=,Ki,within
CC[C@@]12CCCN3CCc4c([nH]c5ccccc45)[C@]31N(Cc1cn(Cc3ccccc3)nn1)C(=O)C2,O43614,P08173,5.6459,4.9031,=,=,IC50,within
O=C1NCCc2[nH]c(-c3ccncc3)cc21,Q16512,Q16513,6.8239,8.0969,=,=,Ki,within
COc1cc(/C=C/C(=O)OC[C@@H](C)CN(C)CCCCCCCOC(=O)c2cc(OC)c(OC)c(OC)c2)cc(OC)c1OC,P33527,Q9UNQ0,5.7212,5.6383,=,=,EC50,within
COCC(Cc1ccccc1)NC1=N/C(=C\c2ccc3ncsc3c2)C(=O)N1,Q13627,Q92630,7.2518,6.3979,=,=,IC50,within
Cl.O=C(O)[C@H]1CCC2CC(=C(c3ccccc3)c3ccccc3)CCN2C1,P48065,P30531,3.475,3.0921,=,=,IC50,within
NC(=O)c1ccc(N(C(N)=O)c2c(F)cccc2F)nc1-c1ccc(F)cc1F,Q13705,Q16539,7.0362,8.2934,=,=,Kd,within
O=C(CCCCCCCNc1nn2c(=O)c3ccccc3nc2c2ccccc12)NO,O15379,P56524,7.9508,8.0458,=,=,IC50,within
Cn1c(=O)c2[nH]c(-c3ccc(S(=O)(=O)N4CCN(Cc5ccc(Br)cc5)CC4)cc3)cc2n(C)c1=O,P29275,P0DMS8,9.0,4.9115,=,=,IC50,within
CC(C)c1n[nH]c2c(=O)[nH]c(C[C@@H]3CCCC[C@H]3Nc3ncccn3)nc12,O76083,Q14123,7.4559,5.3565,=,=,IC50,within
O=C(Cc1ccccc1)NC(=S)Nc1ccc(Oc2ccnc3cc(-c4ncccn4)sc23)c(F)c1,P35968,P08581,7.0269,6.7206,=,=,IC50,within
NS(=O)(=O)c1cc(C(=O)NCCCO)c(SC2CCCCC2)cc1Cl,Q8N1Q1,P22748,8.1466,8.72,=,=,Kd,within
O=C(NO)C(F)(F)C(F)(F)C(F)(F)C(F)(F)C(F)(F)C(F)(F)C(=O)Nc1ccc2ccccc2c1,Q8WUI4,Q9UBN7,4.9586,5.1675,=,=,Kd,within
CNCC(c1ccc(Cl)c(Cl)c1)[C@H](O)c1ccccc1,P31645,Q01959,7.762,8.0088,=,=,Ki,within
C[C@@H]1c2nnc(-c3csc(-c4ccccc4)n3)n2CCN1C(=O)c1ccc(F)cc1,P10635,P33261,4.2676,4.7212,=,=,IC50,within
CC(C)(C)NC(=O)CN1CC(Cc2nc3c(C(F)(F)F)cc(C(F)(F)F)cc3[nH]2)C1,Q13936,O43497,5.3309,8.3468,=,=,IC50,within
COCCNC(=O)c1cc(S(N)(=O)=O)c(Cl)cc1S(=O)(=O)C1CCCCC1,Q8N1Q1,O43570,7.9604,8.5379,=,=,Kd,within
CCCC[C@H]1NC(=O)C[C@@H](/C=C/CCS)OC(=O)C[C@H](O)[C@@H]([C@@H](C)CC)NC(=O)[C@@H](CS)NC1=O,Q9BY41,Q8WUI4,6.0,4.6198,=,=,IC50,within
O=c1c(/C=N/c2cc(Cl)ccc2O)coc2ccc(Br)cc12,P27338,P21397,5.4841,5.342,=,=,IC50,within
NS(=O)(=O)c1cc(C(=O)O)c(Br)cc1Br,P35218,Q9Y2D0,5.8072,7.6527,=,=,Kd,within
CS(=O)(=O)c1ccc2nc(N3CCN(C(=O)[C@@H]4CCCC[C@H]4C(=O)NC4(C#N)CC4)CC3)sc2c1,P07858,P07711,5.1,5.0,=,=,IC50,within
CN1CCN(c2cccc(C(=O)Nc3cc4cc(-c5cnn6c5CN(CCF)CC6)ccc4cn3)c2)CC1,P49841,Q13627,5.3528,8.2007,=,=,EC50,within
COc1ccncc1C#CCN.Cl.Cl,P20813,P11712,4.9586,4.5528,=,=,IC50,within
Cc1cc(C)cc(Oc2cccc(-c3c(C)nnn3C3CCN(CCN(C)C)CC3)n2)c1,Q15059,P25440,7.1038,7.1783,=,=,Kd,within
CC1(C)CC[C@]2(C(=O)O)CC[C@]3(C)C(=CC[C@@H]4[C@@]5(C)CC[C@H](OCc6ccc(C(=O)O)cc6)C(C)(C)[C@@H]5CC[C@]43C)[C@@H]2C1,P17706,P18031,6.3279,6.2676,=,=,IC50,within
Cc1ccc(-n2nc(C(C)(C)C)cc2NC(=O)Nc2ccc(Oc3ccnc(Nc4cc(Br)cc(C(=O)NCCN5CCOCC5)c4)n3)c3ccccc23)cc1,P12931,P43405,8.1549,7.8861,=,=,IC50,within
COC(=O)[C@@H](Cc1ccc(O)c(O)c1)OC(=O)/C=C/c1ccc(O)c(O)c1,P08254,P14780,4.5488,6.2147,=,=,IC50,within
O=C(O)c1cccc(CN2CCC(Nc3cnnc4ccc(C(c5ccc(Cl)cc5)c5ccc(Cl)cc5)cc34)CC2)c1,P21554,P34972,6.52,5.1871,=,=,EC50,within
CCCCCCCCOc1c(Cl)cc(CNCCCP(=O)(O)O)cc1Cl,Q9HBW0,O95136,8.1805,9.0,=,=,IC50,within
Fc1ccc(-c2ccc(CN3CCN(c4cccc5ccoc45)CC3)[nH]2)cc1,P14416,P08908,9.3768,8.8239,=,=,Ki,within
Cc1c(C#Cc2cccc3cc([C@H](C)NC(=O)c4c(N)nn5cccnc45)n(-c4ccccc4)c(=O)c23)cnn1C,P48736,P42338,5.5229,5.699,=,=,IC50,within
Cc1cc(-c2cccc3cc[nH]c23)c(Cl)c2c1NC(C)(C)[C@@H](O)[C@H]2C,P08235,P06401,5.9208,5.9586,=,=,Ki,within
CCc1ccc2c(c1OC)C(=O)N1CCNC[C@@H]21,P28223,P41595,6.9101,8.0969,=,=,EC50,within
CC[C@H](C)[C@@H]1NC(=O)[C@@H]2CSSC[C@@H]3NC(=O)[C@H](C(C)C)NC(=O)[C@H](CC(C)C)NC(=O)[C@H](CC(N)=O)NC(=O)[C@@H]4CCCN4C(=O)[C@H](CCCNC(=N)N)NC(=O)[C@H](CSSC[C@H](NC(=O)[C@@H](N)CC(=O)O)C(=O)N[C@@H](CC(C)C)C(=O)NCC(=O)N[C@@H](Cc4ccccc4)C(=O)N[C@@H](CCSC)C(=O)N[C@@H](CCCNC(=N)N)C(=O)N[C@@H](CCCCN)C(=O)N2)NC(=O)[C@H](CSSC[C@@H](C(=O)N[C@@H](CCCCN)C(=O)N[C@@H](Cc2cccc4ccccc24)C(=O)N[C@H](C(=O)N[C@@H](Cc2ccccc2)C(N)=O)C(C)C)NC(=O)[C@H](Cc2c[nH]c4ccccc24)NC(=O)[C@H](CCCCN)NC(=O)[C@H](Cc2cnc[nH]2)NC(=O)[C@H]([C@@H](C)O)NC(=O)[C@H](CCCNC(=N)N)NC(=O)[C@H](CO)NC3=O)NC(=O)[C@H](CCCCN)NC(=O)[C@H](CC(=O)O)NC(=O)[C@H](CC(N)=O)NC(=O)[C@H](CC(=O)O)NC(=O)[C@@H]2CCCN2C1=O,P35499,Q14524,6.9269,5.728,=,=,IC50,within
Cc1ccc2c(n1)SCc1cnn(-c3ccc(S(N)(=O)=O)cc3)c1-2,P00918,O43570,7.3098,5.2314,=,=,Ki,within
Cc1no[n+]([O-])c1S(N)(=O)=O,P00918,Q16790,8.3768,8.1871,=,=,Ki,within
Cc1cc(N2CC(C(=O)NN)CC2=O)cc(C)c1S(N)(=O)=O,P00915,Q9ULX7,6.6858,7.6686,=,=,Kd,within
CCCNC(=O)c1ccc2cc(C(O)(c3c[nH]cn3)C(C)C)ccc2c1,P08684,P05093,5.4685,7.4202,=,=,IC50,within
O=C(c1ccc(-c2ccc(F)cc2)o1)N1CCc2ccccc2C1,Q08499,Q07343,4.3072,5.1308,=,=,IC50,within
COC(=N)c1nc2ccc3ncnc(Nc4ccc(OC)cc4F)c3c2s1,Q13627,P49759,8.2124,8.1172,=,=,Kd,within
COC(=O)c1cccc(OCc2oc(-c3ccccc3OC)nc2C)c1,P11473,P03372,5.3685,5.284,=,=,IC50,within
Cc1cc(-c2[nH]c3ccc(-c4cc5c(s4)CNCC5)cc3c2C(C)C)cc(C)n1,Q9NR96,Q9NYK1,6.3585,8.585,=,=,IC50,within
CCn1c(NC(C)C)nc2c(C3CCN(C(=O)c4ccccn4)C3)csc2c1=O,Q13946,Q07343,8.5686,6.699,=,=,IC50,within
O=C(NO)c1ccc(CN2C(=O)CCCc3cc(Cl)ccc32)cc1,Q9UBN7,Q13547,9.0969,6.8996,=,=,IC50,within
COC(=O)CNc1nc(Cl)nc(NCCc2ccc(S(N)(=O)=O)cc2)n1,Q9ULX7,P00918,7.6289,7.4815,=,=,Ki,within
C[N+]1(CC#CCOC2=NOCC2)CCCCC1.[I-],P08172,P08173,6.6596,5.7744,=,=,Ki,within
Cc1nn(-c2cccnc2)c(C)c1-c1cc(N2CC3CCC(C2)O3)nc2c(-c3ccn[nH]3)cnn12.O=C(O)/C=C/C(=O)O,P08684,P33261,4.3484,4.2661,=,=,IC50,within
Fc1cccc(Oc2cc(C(F)(F)F)nc(N3CC4(CNCCO4)C3)n2)c1,P31645,Q01959,4.0,8.0,=,=,IC50,within
NC(=O)C(Cc1c[nH]c2ccccc12)NC(=O)C(CSc1ccccc1OC(F)(F)F)CP(=O)(O)C(Cc1ccccc1)NC(=O)OCc1ccccc1,P22894,P14780,3.699,3.8297,=,=,Ki,within
CC(C)CC(=O)Nc1cncc(-c2cnc3[nH]nc(-c4cc5c(-c6cc(F)cc(CNS(C)(=O)=O)c6)nccc5[nH]4)c3c2)c1,P49760,P49761,8.0969,7.3188,=,=,EC50,within
CCc1cc(O)ccc1-c1ccc2c(-c3nc4c([nH]3)CN(CC)[C@H](C(=O)N3CC(C)(N(C)C)C3)C4)n[nH]c2c1,P52333,P23458,10.2007,10.3979,=,=,Ki,within
CN(C)CC1CC2c3ccccc3Cc3ccccc3N2O1,P18825,P35348,5.73,6.27,=,=,IC50,within
CCCOCC1(C(=O)Nc2ccc(-c3ccccc3S(N)(=O)=O)cc2)CC(c2cccc(C(=N)N)c2)=NO1.O=C(O)C(F)(F)F,P00742,P00734,8.5376,5.3665,=,=,Ki,within
O=C1NC(=O)[C@](CNC(=O)[C@@H](Cc2ccc(C(F)(F)F)cc2)C2CC2)(C2CC2)N1,P39900,P03956,6.5703,4.4067,=,=,IC50,within
CCCN1C(=O)C(O)(CC(=O)c2ccc3c(c2)CCCC3)c2ccccc21,Q8N8U2,Q9Y6F8,4.8386,4.0482,=,=,Kd,within
Cc1ccc2c(c1)sc1nnc(N)n12,Q8N5Y8,Q460N3,5.284,6.5575,=,=,IC50,within
CCCCCCNC(=O)Nc1ccc(S(=O)(=O)Nc2cccc(-c3ccc(OCC4NCCc5cc(O)c(O)cc54)cc3)c2)cc1,P07550,P08588,6.0044,5.1871,=,=,IC50,within
Cc1cc(N2CC[C@H]3CCN(c4ncnc5[nH]ccc45)C[C@@]3(C)C2)ncc1Br,P23458,O60674,6.6925,6.0283,=,=,EC50,within
CCOc1ccc(-n2cc(C#N)c3ncnc(N4CCN(Cc5ccccc5)CC4)c32)cc1,P08183,P33527,5.1373,6.066,=,=,IC50,within
Cn1c(/C=C/C(=O)NO)ccc1C(=O)Cc1ccccc1,P56524,Q9UBN7,4.757,7.5229,=,=,Ki,within
CCC[C@H]1C(=O)N([C@@H](Cc2ccc3ccccc3c2)C(=O)NC)CCN1C(=O)[C@@H](Cc1ccc(F)cc1)NC(=O)c1ccccn1,P32245,Q01726,7.6021,6.4067,=,=,EC50,within
C=CC(=O)N1CCC([C@@H]2CCNc3c(C(N)=O)c(-c4ccc(Oc5ccccc5)cc4)nn32)CC1,P51813,P42681,5.7959,6.0088,=,=,Kd,within
C/C(=C/c1ccc2c(c1)C(C)(C)CCS2)c1ccc(C(=O)O)cc1,P10826,P19793,5.8239,5.5528,=,=,EC50,within
CC(=O)Nc1cc(Nc2ccccc2)cc(-c2ccnc(NC(=O)C3CCOCC3)c2)c1,P42336,O00329,4.2596,5.2076,=,=,IC50,within
O=C(O)c1cccc2c1NC(c1cccc(Br)c1)C1CC(Sc3ccccc3[N+](=O)[O-])C(Cl)C21,P54829,Q9Y2R2,5.0132,4.475,=,=,IC50,within
CCCCCCCCCOC(=O)C1CN(CC)CC=C1c1ccccc1,P11229,P08912,7.5171,6.4833,=,=,IC50,within
NS(=O)(=O)c1ccc(C[Se]c2ccc(NC(=S)Nc3ccc(-c4c5ccc(=O)cc-5oc5cc(O)ccc45)c(C(=O)O)c3)cc2)cc1,P00915,P43166,6.1218,8.4202,=,=,Ki,within
O=C(NCc1ccc(OC(F)(F)F)c(Cl)c1)c1ccc(S(=O)(=O)Nc2nccs2)c(F)c1,Q14524,Q15858,4.8013,6.5391,=,=,IC50,within
NS(=O)(=O)c1ccc(CCN2CCC(N(C(=O)/C=C/c3ccccc3)c3ccccc3)CC2)cc1,Q8N1Q1,Q9ULX7,5.5484,7.2628,=,=,Ki,within
COc1ccc(Cc2nnc(N3CCN(C(=S)Nc4cccc(Cl)c4)CC3)c3ccccc23)cc1,P30530,P23458,5.248,5.6167,=,=,IC50,within
C[C@]1(C(=O)O)CCc2ccc(OCCCOc3ccc(OCC4CCC4)cc3Cl)cc2O1,Q07869,P37231,6.8539,6.1549,=,=,EC50,within
CN1CCC(=C2c3ccccc3C=Cc3ccccc32)CC1,P35367,P25021,8.4318,6.7033,=,=,IC50,within
CS(=O)(=O)NC(=O)c1ccc(-c2ccc(CCNC[C@H](O)c3cccnc3)cc2)cc1OC1CCCCC1.Cl.Cl,P08588,P13945,6.0969,9.8861,=,=,EC50,within
C/C=C1\NC(=O)[C@H]2CSSCC/C=C/[C@H](CC(=O)N[C@H](C(C)C)C(=O)N2)OC(=O)[C@H](C(C)C)NC1=O,Q9UBN7,P56524,8.0,7.6882,=,=,Ki,within
Cc1ccc(NC(=O)c2sccc2S(=O)(=O)Nc2onc(C)c2C)cc1,P24530,P25101,4.1701,7.4949,=,=,IC50,within
O=C(NO)c1ccc(Nc2nc3ccccc3n2C2CCCCC2)cc1,Q13547,Q969S8,6.4145,5.4486,=,=,IC50,within
CC(C)c1c(-c2ccnc(N)c2)[nH]c2ccc(C(=O)NC3CCC(N(C)C)CC3)cc12,Q9NR97,Q9NR96,7.5686,6.3585,=,=,IC50,within
O=C(N[C@H](Cc1ccc(Cl)cc1)C(=O)N1CCN(c2ccccc2Cn2ccnc2)CC1)[C@H]1Cc2ccccc2CN1,P41968,P32245,5.7959,7.8539,=,=,EC50,within
CCCCCCCCCCCCCCCCOC(COC)COP([O-])(O)=S.[Na+],P43657,Q9HBW0,7.1802,6.9378,=,=,EC50,within
