smiles_a,smiles_b,accession,pic50_a,pic50_b,relation_a,relation_b,assay_measure
CC[C@@H](C)[C@H](NC(=O)[C@@H](NC(=O)[C@@H](NC(=O)CNC(=O)[C@H](CO)NC(=O)[C@H](Cc1ccc(O)cc1)NC(C)=O)[C@@H](C)O)[C@H](C)CC)C(=O)N[C@@H](CC(N)=O)C(=O)N[C@@H](CC(=O)O)C(=O)N[C@@H](CC(C)C)C(=O)O,CC[C@@H](C)[C@H](NC(=O)[C@@H](NC(=O)[C@@H](NC(=O)CNC(=O)[C@@H](NC(=O)[C@H](Cc1ccc(O)cc1)NC(C)=O)[C@@H](C)O)[C@@H](C)O)C(C)C)C(=O)N[C@@H](CC(N)=O)C(=O)N[C@@H](CC(=O)O)C(=O)N[C@@H](CC(C)C)C(=O)O,P23921,5.3665,5.4437,=,=,IC50
O=C(O)[C@H]1[C@H](c2ccccc2)[C@H](C(=O)OCc2ccccc2)[C@H]1c1ccccc1,O=C(O)c1ccccc1Nc1cccc(Cl)c1-c1ccc2c(c1)CCO2,Q01469,5.4191,6.0862,=,=,Ki
Cc1cc(=O)n(C)c2cc(N3CCCCC3=O)ccc12,CO[C@H]1CC[C@H](n2c([C@@H]3CCCC(=O)N3c3ccc(F)c(F)c3)nc3cc(-c4c(C)noc4C)ccc32)CC1,Q9H8M2,6.2132,5.5834,=,=,Kd
O=C(O)c1ccccc1-c1c2ccc(=O)c([As]3SCCS3)c-2oc2c([As]3SCCS3)c(O)ccc12,COc1ccc(-n2cc(-c3ccc4ccc(=O)oc4c3)c3cc(-c4ccc(C(=O)O)cc4)cnc32)cc1,P35236,6.7526,6.8861,=,=,IC50
CC(OC(=O)N1CCC(CNc2ncccn2)CC1)c1ccccc1,Cc1cccc2sc(NC(=O)CCN3CCN(CC4CCCO4)CC3)nc12,Q13224,6.2676,6.3401,=,=,Ki
O=C(NCCCCc1ccccc1)n1cc(-c2cccnc2)oc1=O,CCCOc1ccc(COC(=O)N[C@H]2CNC2=O)cc1,Q13510,7.1549,5.618,=,=,IC50
Nc1nc2sc(CCCCCc3ccc(C(=O)N[C@@H](CCC(=O)O)C(=O)O)cc3)cc2c(=O)[nH]1,Cc1cc(C(=O)NC(CCC(=O)O)C(=O)O)ccc1NCCCc1c(N)nc(N)nc1O,P22102,7.6271,5.2147,=,=,IC50
CSCC[C@H](NC(=O)[C@H](CC(C)C)NC(=O)[C@H](Cc1c[nH]c2ccccc12)NC(=O)[C@H](CCC(N)=O)NC(=O)[C@@H](NC(=O)[C@H](Cc1ccccc1)NC(=O)[C@H](CC(=O)O)NC(=O)[C@H](CCC(N)=O)NC(=O)[C@H](C)NC(=O)[C@H](CCCNC(=N)N)NC(=O)[C@H](CCCNC(=N)N)NC(=O)[C@H](CO)NC(=O)[C@H](CC(=O)O)NC(=O)[C@H](CC(C)C)NC(=O)[C@H](Cc1ccc(O)cc1)NC(=O)[C@H](CCCCN)NC(=O)[C@H](CO)NC(=O)[C@H](Cc1ccc(O)cc1)NC(=O)[C@H](CC(=O)O)NC(=O)[C@H](CO)NC(=O)[C@@H](NC(=O)[C@H](Cc1ccccc1)NC(=O)[C@@H](NC(=O)CNC(=O)[C@H](CCC(N)=O)NC(=O)[C@H](CO)NC(=O)[C@@H](N)Cc1cnc[nH]1)[C@@H](C)O)[C@@H](C)O)C(C)C)C(=O)N[C@@H](CC(N)=O)C(=O)N[C@H](C(=O)NCC(=O)N1CCC[C@H]1C(=O)N[C@@H](CO)C(=O)N[C@@H](CO)C(=O)NCC(=O)N[C@@H](C)C(=O)N1CCC[C@H]1C(=O)N1CCC[C@H]1C(=O)N1CCC[C@H]1C(=O)N[C@@H](CO)C(N)=O)[C@@H](C)O,CC[C@H](C)[C@H](NC(=O)[C@H](Cc1ccccc1)NC(=O)[C@H](CCC(=O)O)NC(=O)[C@H](CCCCN)NC(=O)[C@H](C)NC(=O)[C@H](C)NC(=O)[C@H](CCC(N)=O)NC(=O)[C@H](CCC(=O)O)NC(=O)[C@H](CC(=O)O)NC(=O)[C@H](CC(C)C)NC(=O)[C@H](Cc1ccc(O)cc1)NC(=O)[C@H](CCCCN)NC(=O)[C@H](CO)NC(=O)[C@H](Cc1ccc(O)cc1)NC(=O)[C@H](CC(=O)O)NC(=O)[C@H](CO)NC(=O)[C@@H](NC(=O)[C@H](Cc1ccccc1)NC(=O)[C@@H](NC(=O)CNC(=O)[C@H](CCC(N)=O)NC(=O)[C@H](CO)N[C@@H](Cc1cnc[nH]1)C(=O)O)[C@@H](C)O)[C@@H](C)O)C(=O)N[C@@H](C)C(=O)N[C@@H](Cc1c[nH]c2ccccc12)C(=O)N[C@@H](CC(C)C)C(=O)N[C@@H](CCSC)C(=O)N[C@@H](CC(N)=O)C(=O)N[C@H](C(=O)O)[C@@H](C)O,P47871,9.9208,10.1675,=,=,EC50
CC(C)CN1CCCC1c1ccc(NC(=O)Nc2ccccc2N2CC(C)(C)c3c(-c4ccc(F)cc4)ccc(O)c32)cc1,CC(C)c1ccccc1-c1cc2cccc(NC(=O)Nc3cccc(C(F)(F)F)c3)c2o1,P47900,9.0,5.301,=,=,IC50
NCCCC(NC(=O)c1ccc(OCc2ccc3nc(N)nc(O)c3c2)cc1)C(=O)O,Cc1nc(O)c2c(F)c(NCc3ccc(C(=O)NC(CCCN)C(=O)O)cc3)ccc2n1,Q05932,5.2291,6.8239,=,=,Ki
COC(=O)[C@H](Cc1c[nH]c2ccccc12)NC(=O)[C@H](CC(C)C)CP(=O)(O)[C@@H](N)CCc1ccccc1,COC(=O)[C@H](Cc1ccc(O)cc1)NC(=O)c1ccc(NC(=O)[C@@H](N)CCCNC(=N)N)c(N)c1,Q6P179,6.0479,5.8539,=,=,IC50
Cc1cn(-c2ccc3n(c2=O)CCN(C[C@@H]2CC[C@H](c4ccccc4C(F)(F)F)O2)C3=O)cn1,CCCC/C(=C\c1cc(OCc2ccccc2)ccc1OCc1ccc(C(F)(F)F)cc1)C(=O)O,P49768,7.1349,4.7144,=,=,IC50
N=C(N)N1CCCC(C(CS)C(=O)O)C1,N=C(N)Nc1cccc(C(CS)C(=O)O)c1,P15169,7.3284,8.2218,=,=,IC50
CC(=O)c1c(-c2ccncc2)[nH]c(-c2ccncc2)c1C,N#CC[C@H](C1CCCC1)n1cc(-c2ncnc3[nH]ccc23)cn1,Q9HCP0,7.2291,6.0701,=,=,Kd
O=C(c1ccc(-c2ccc3[nH]cnc3c2)s1)c1cc(F)c(F)c(O)c1F,CC(=O)N1CCN(Cc2cc(-c3ccc(C(=O)c4c(F)ccc(O)c4F)s3)cc(Cl)c2O)CC1,P37059,8.284,7.9586,=,=,IC50
Cc1cc(C)n2c1C=C1C=CC(/C=C/c3ccc(OCC(=O)NCCCC[C@H](NC(=O)CCNC(=O)[C@H](CC(N)=O)NC(=O)[C@H](CO)NC(=O)[C@@H](NC(=O)CCN4CCC(Oc5ccccc5Cc5ccccc5)CC4)C(C)C)C(N)=O)cc3)=[N+]1[B-]2(F)F,CCCCCNC(=O)/N=C(\N)Nc1cccc(-c2sc(N)nc2C)c1.O=C(O)C(F)(F)F.O=C(O)C(F)(F)F,P35367,7.1802,8.3468,=,=,Kd
O=C(Nc1ccccc1I)Nc1cc(Cl)ccc1C(=O)O,O=C(Nc1ccc(Cl)cc1)Nc1cc(Cl)ccc1C(=O)O,P39086,5.301,5.5086,=,=,IC50
CCCC[C@H](NC(C)=O)C(=O)N[C@@H](CCCCNC(C)=S)C(=O)N[C@@H](CCCCNC(C)=O)C(N)=O,CC(=O)NCCCC[C@H](NC(=O)[C@H](CCCCNC(=O)CCCCCSc1ncc(-c2ccccc2)s1)NC(=O)[C@H](CCCCNC(C)=O)NC(C)=O)C(N)=O,Q96EB6,5.556,4.8125,=,=,IC50
O=C(Nc1ccc2[nH]ccc2c1)c1c[nH]c2ccccc2c1=O,N#CC1CCN(c2ccc(-c3cc(C(=O)O)nc4c3c(C3CCC3)nn4-c3ccccc3)cn2)CC1,P13569,5.2147,6.3617,=,=,EC50
O=C(c1cnn2c(C(F)F)cc(-c3ccc(Cl)cc3)nc12)N1C[C@H]2COC[C@H]2C1,C#CCN(c1ccc(F)cc1Cl)S(=O)(=O)C1CCCC=C1C(=O)OCC,O00206,5.5952,6.4763,=,=,IC50
CC(C)(C[C@H]1CN(S(=O)(=O)c2cccc(C(F)(F)F)c2)c2cc(-c3cc(F)cc(OC(F)F)c3)ccc2O1)C(=O)O,CC(=O)Nc1nc(C(C)C)c(-c2cnc(N(C)C(=O)c3c(F)cccc3Cl)c(N3CCCCC3)c2)s1,Q92753,5.2655,6.0969,=,=,EC50
CN1C(=O)c2c(nn(Cc3ccc(-c4ccccn4)cc3)c2Nc2ccccc2)N2C1=N[C@@H]1CCC[C@@H]12,CN1C(=O)c2c(nn(Cc3ccc(-c4cccc(F)n4)cc3)c2Sc2ccccc2)N2C1=N[C@@H]1CCC[C@@H]12,P27815,6.6198,6.0315,=,=,Ki
CCOC(=O)C(C)Oc1cccc2c(=O)n(CC(=O)Nc3ccc(OC(F)(F)F)cc3)ccc12,CCCCc1ccc(NC(=O)Cn2ccc3c(OC(C)C(=O)OCC)cccc3c2=O)cc1,Q13285,6.699,6.4437,=,=,IC50
Cc1ncoc1C(=O)N1Cc2cc3c(cc2C[C@H]1C(=O)N[C@@H](Cc1ccc(Oc2ccnc(C)c2C)cc1)C(=O)O)OC[C@H](c1ccc(OCc2ccc(Cl)c(Cl)c2)cc1)O3,Cc1cc(-n2nc3c(c2-n2ccn(-c4ccc5c(cnn5C)c4Cl)c2=O)[C@H](C)N(C(=O)c2cc4cc([C@H]5CCOC(C)(C)C5)ccc4n2[C@@]2(c4noc(=O)[nH]4)C[C@@H]2C)CC3)cc(C)c1F,P43220,6.7282,8.7447,=,=,EC50
CN(C)Cc1ccc(CN2CCN(C(=O)c3ccc(OC(F)(F)F)cc3)CC2)cc1,C=CCN(C)CCCCCCOc1ccc2c(c1)S(=O)(=O)C=C2c1ccc(Br)cc1,P48449,7.699,8.11,=,=,IC50
CN1CC[C@H](c2c(O)cc(O)c3c(=O)cc(-c4ccccc4Cl)oc23)[C@H](O)C1,CC(C)n1nc(-c2cc3cc(O)ccc3[nH]2)c2c(N)ncnc21,Q8IYT8,6.3279,5.3098,=,=,Kd
CC(=O)N[C@@H](Cc1cnc[nH]1)C(=O)N[C@H]1CCC[C@@H]1C(=O)N[C@@H](CC(=O)O)C(=O)N[C@@H](C)C(=O)NC(CC(=O)N[C@@H](Cc1ccccc1)C(=O)N[C@H](C(=O)N[C@@H](CCC(=O)O)C(=O)N[C@@H](CC(N)=O)CC(=O)N[C@@H](Cc1ccc(O)cc1)C(=O)N[C@H](C(=O)N[C@@H](CCCCN)C(=O)N[C@@H](CC(C)C)C(=O)N[C@@H](CCCNC(=N)N)C(=O)N[C@@H](CCCCN)C(=O)N[C@@H](CCC(N)=O)C(=O)NC(CC(=O)N[C@@H](C)C(=O)N[C@@H](C)C(=O)N[C@H]1CNC[C@@H]1C(=O)N[C@@H](CCCCN)C(=O)N[C@@H](Cc1ccc(O)cc1)C(=O)N[C@H]1CCC[C@@H]1C(=O)N[C@@H](CC(N)=O)C(=O)N[C@@H](CC(=O)O)C(=O)N[C@@H](CC(C)C)C(=O)NC(CCCCN)CC(=O)N[C@@H](CCCCN)C(=O)NCC(=O)NCCC(=O)N[C@H](C(=O)O)[C@@H](C)O)CC(C)C)[C@@H](C)O)[C@@H](C)O)C(C)C,CC(=O)N[C@@H](Cc1cnc[nH]1)C(=O)N[C@@H](CO)C(=O)N[C@@H](CC(=O)O)C(=O)N[C@@H](C)C(=O)N[C@H](C(=O)N[C@@H](Cc1ccccc1)C(=O)N[C@H](C(=O)N[C@@H](CCC(=O)O)C(=O)N[C@@H](CC(N)=O)C(=O)N[C@@H](Cc1ccc(O)cc1)C(=O)N[C@H](C(=O)N[C@@H](CCCCN)C(=O)N[C@@H](CC(C)C)C(=O)N[C@@H](CCCNC(=N)N)C(=O)N[C@@H](CCCCN)C(=O)N[C@@H](CCC(N)=O)C(=O)N[C@@H](CC(C)C)C(=O)N[C@@H](C)C(=O)N[C@H]1CCC[C@@H]1C(=O)N[C@@H](CCCCN)C(=O)N[C@@H](CCCCN)C(=O)N[C@@H](Cc1ccc(O)cc1)C(=O)N[C@H]1CCC[C@@H]1C(=O)N[C@@H](CC(N)=O)C(=O)N[C@@H](CC(=O)O)C(=O)NC(CC(=O)N[C@@H](CCCCN)C(=O)N[C@@H](CCCCN)C(=O)NCC(=O)NCCC(=O)N[C@H](C(=O)O)[C@@H](C)O)CC(C)C)[C@@H](C)O)[C@@H](C)O)C(C)C,P41587,8.9003,6.9834,=,=,EC50
C[C@@H]1CN(Cc2ccccc2)c2ccccc2[C@H](C)N1C(=O)CCc1cccnc1,O=C(Cc1ccc2cc[nH]c2c1)Nc1ccn(Cc2ccc(F)c(F)c2)n1,Q9P0X4,8.0,8.7212,=,=,IC50
COc1ccc(-c2cnc3ncnc(NC(=O)C4CCCCC4)c3n2)cc1OC,COc1ccc(-c2cnc3[nH]cc(NC(=O)C4CCCCC4)c3c2)cc1OC,O94768,6.7447,7.4815,=,=,Kd
COc1cc(N2CCC(N3CCN(CC4CCN(c5ccc6c(c5)CN(C5CCC(=O)NC5=O)C6=O)CC4)CC3)CC2)ccc1Nc1ncc(Cl)c(Nc2ccccc2P(C)(C)=O)n1,CN1Cc2ccncc2N(S(C)(=O)=O)C/C=C/c2cc(ccc2N2CCOCC2)Nc2ncc(C(F)(F)F)c1n2,Q14289,7.4685,8.5686,=,=,IC50
CCOc1cc2ncc(C#N)c(Nc3ccc(F)c(Cl)c3)c2cc1NC(=O)/C=C/CN(C)C,CNC(=O)c1nn(C)c2c1C(C)(C)Cc1cnc(Nc3ccc(N4CCN(C)CC4)cc3)nc1-2,Q07912,5.6673,6.0458,=,=,Kd
O=S(=O)(c1cccc2cnccc12)N1CCCNCC1,N#CC[C@H](C1CCCC1)n1cc(-c2ncnc3[nH]ccc23)cn1,Q13464,6.672,6.6543,=,=,Kd
COc1cc(OCC2CC2)ccc1N1CC(Oc2ccc([C@H](C)NC(C)=O)cc2)C1,CC(C)(C)OC(=O)NC[C@H]1CC[C@H](CNC(=O)c2cc(N3CCC(CCN4CC(O)C4)CC3)nc3ccccc23)CC1,O00763,5.5482,7.0044,=,=,IC50
CCOC(=O)c1ccc(NC(=O)N[C@@H](Cc2ccc(C)cc2)C(=O)N[C@H]2CC[N+](C)(Cc3ccc4c(c3)OCO4)C2)cc1.[I-],O=C(NCC1CCNCC1)c1ccccc1-c1cc(Cl)ccc1F,P08172,8.0,5.7,=,=,IC50
CC(C)(C)c1ccc(S(=O)(=O)N(C[C@H](O)[C@@H](N)c2ccc(OC(F)(F)F)cc2)C2CCC2)cc1,CC(C)C(=O)Nc1cc(NC(=O)C[C@H](C(=O)N[C@@H]2C(=O)N3CCCN3Cc3ccccc32)C2CCC2)n(C)n1,Q8TCT8,8.2218,9.2218,=,=,IC50
c1ccc(COc2ccc(Nc3ncnc4[nH]ccc34)cc2)cc1,O=C(c1ccc(F)cc1)c1ccc(Nc2ncnc3[nH]ccc23)cc1,Q6IQ55,5.9172,5.2676,=,=,IC50
C=C(C)c1c(-c2ccccc2)[nH]c2c(C#N)cnn2c1=O,COc1cccc(C(=O)NC2CCN(C(=O)c3cc(C(C)C)n[nH]3)C2)c1,P29375,7.6073,9.9208,=,=,IC50
C[C@H](N)C(=O)NCc1cccnc1Oc1ccc(F)c(F)c1,CNCCN(C)Cc1cn[nH]c1-c1ccc(OC(C)C)cc1,Q96LA8,4.9355,7.9586,=,=,IC50
COc1ccc2c(c1S(=O)(=O)Nc1noc3cc(Cn4cccn4)cc(OC)c13)CCCC2,COc1ccc(S(=O)(=O)Nc2noc3cc(Cn4cccn4)cc(OC)c23)c(OC)c1,Q9H7Z6,6.0809,6.1805,=,=,Ki
Nc1ncnc2c1ncn2[C@@H]1O[C@H](CO)[C@@H](O)[C@H]1O,Nc1nc(O)c2ncn(CCCCCCCP(=O)(O)CP(=O)(O)O)c2n1,P00491,2.699,6.9793,=,=,Ki
C/C(=C\c1cccc(/C=C(\C)C(=O)NC(=N)N)c1)C(=O)N=C(N)N,N=C(N)NC(=O)c1ccc(-c2ccc(F)cc2)o1,P19634,8.699,4.4089,=,=,IC50
O=S(=O)(NCCc1ccccc1)c1ccc(-n2cc(COc3ccccc3)nn2)cc1,Nc1ccc(C(Cn2cncn2)=C(c2ccc(O)cc2)c2ccc(O)cc2)cc1,P11511,5.0269,6.983,=,=,IC50
Cc1cc(C#N)nc2ncn(Cc3nn(CCc4ccc(Cl)cc4)c(=O)o3)c(=O)c12,O=c1c2cccnc2ncn1Cc1noc(CCc2ccc(Cl)cc2)n1,O75762,8.0458,6.3041,=,=,IC50
CCOc1ncccc1-c1cc(NCc2ccn(C)n2)c2c(n1)c(C)nn2[C@@H](C)CC,CC(C)(C)n1ncc2c(=O)n(Cc3cccc(F)c3)c(NCc3ccc(F)cn3)nc21,Q14123,7.5686,8.3468,=,=,IC50
Cc1cn(-c2cc(NC(=O)Cc3ccccc3C(F)(F)F)cc(C(F)(F)F)c2)cn1,O=C(O)c1ccc(-c2ccc3cc(O)c(C45CC6CC(CC(C6)C4)C5)cc3c2)cc1,Q9Y466,6.301,6.699,=,=,EC50
COc1cc(C(F)(F)F)ccc1-c1ncnc2cc(S(=O)(=O)Nc3nccs3)ccc12,CC[C@H](C)[C@@H]1NC(=O)[C@@H]2CSSC[C@@H]3NC(=O)[C@H](C(C)C)NC(=O)[C@H](CC(C)C)NC(=O)[C@H](CC(N)=O)NC(=O)[C@@H]4CCCN4C(=O)[C@H](CCCNC(=N)N)NC(=O)[C@H](CSSC[C@H](NC(=O)[C@@H](N)CC(=O)O)C(=O)N[C@@H](CC(C)C)C(=O)NCC(=O)N[C@@H](Cc4ccccc4)C(=O)N[C@@H](CCSC)C(=O)N[C@@H](CCCNC(=N)N)C(=O)N[C@@H](CCCCN)C(=O)N2)NC(=O)[C@H](CSSC[C@@H](C(=O)N[C@@H](CCCCN)C(=O)N[C@@H](Cc2ccc(O)cc2)C(=O)N[C@@H](CCCNC(=N)N)C(=O)N[C@@H](Cc2ccccc2)C(N)=O)NC(=O)[C@H](Cc2c[nH]c4ccccc24)NC(=O)[C@H](CCCCN)NC(=O)[C@H](Cc2cnc[nH]2)NC(=O)[C@H]([C@@H](C)O)NC(=O)[C@H](CCCNC(=N)N)NC(=O)[C@H](CO)NC3=O)NC(=O)[C@H](CCCCN)NC(=O)[C@H](CC(=O)O)NC(=O)[C@H](CC(N)=O)NC(=O)[C@H](CC(=O)O)NC(=O)[C@@H]2CCCN2C1=O,P35499,4.7696,5.8239,=,=,IC50
COC1CCN(c2ncc(Cl)c(N3CC[C@@H](Oc4ccc([C@H](C)NC(C)=O)cc4)C3)n2)CC1,CCCN(C)c1ncc(C#N)c(N2CC[C@@H](Oc3ccc([C@H](C)NC(C)=O)cc3)C2)n1,O00763,6.1681,5.9646,=,=,IC50
CCOC(=O)C(Cn1ccnc1)NC(=O)c1c(C)nn(-c2ccccc2)c1Cl,CCOc1ccc2ccccc2c1Nc1ccc(C(n2ccnc2)C(C)(C)C(=O)OC)cc1,O43174,6.2218,6.9031,=,=,IC50
COc1cc(/C=N/NC(=O)CCn2cc(C)c3c(C)cccc32)cc2cccnc12,COc1ccc(/C=N/NC(=O)CCn2ccc3c(C)cccc32)cc1OC,Q9NZQ8,8.8539,7.9208,=,=,IC50
CC(C)(C)C(=O)N(Cc1ccccc1)[C@H]1CCC[C@@H](CN(C(=O)c2ccc(F)cc2)c2cccc(OCCN3CCCC3)c2)C1,CC[C@H]1OC(=O)[C@H](C)[C@@H](O[C@H]2C[C@@](C)(OC)[C@@H](O)[C@H](C)O2)[C@H](C)[C@@H](O[C@@H]2O[C@H](C)C[C@H](N(C)C)[C@H]2O)[C@@]2(C)CC(C)=C(O2)[C@H](C)[C@@H](O)[C@]1(C)O,O43193,5.6055,7.56,=,=,IC50
Cn1ncc2ccc(OCC(=O)NCC(O)CN3CCc4ccccc4C3)cc21,COc1ccc(Cl)cc1-c1cccc(OCC(O)CN2CCc3ccccc3C2)c1,O14744,6.9957,5.9996,=,=,EC50
C=C(C)c1ccccc1C1CCCN1C1CCC(c2ccc(C(=O)NS(=O)(=O)c3ccc(NCC4CCOCC4)c([N+](=O)[O-])c3)c(Oc3cnc4[nH]ccc4c3)c2)CC1,CCCCc1c(-c2ccc(C(=O)NS(=O)(=O)c3ccc4ccccc4c3)cc2C(=O)N2CCc3ccccc3C2)c(CO)nn1-c1ccccc1,Q07817,5.1784,7.9586,=,=,IC50
Cn1c(Cl)nc(-c2cc(Cl)c(F)c(C(=O)NNS(=O)(=O)C3CCOCC3)c2)c1Cl,CN(C)C(=O)CS(=O)(=O)NNC(=O)c1cc(-c2cn(C)cn2)cc(Cl)c1F,Q92993,4.1249,4.5229,=,=,IC50
C=C1CC[C@H]2[C@@](C)(CC[C@H]3C(C)(C)CCC[C@]23C)[C@@H]1CC1OC(=O)C=C1CO,Clc1ncc(Br)c(-n2ccc3ncncc32)n1,O75582,5.3979,7.5,=,=,IC50
CCCc1cc(N)c2cc(NC(=O)/C=C/c3ccc(C(C)C)cc3)ccc2n1,CCCc1cc(OC)c2cc(NC(=O)/C=C/c3ccc(C(F)(F)F)cc3)ccc2n1,Q99705,6.284,6.4437,=,=,EC50
COc1cc([C@H]2[C@H](C(=O)O)[C@H](c3ccc(O)c(OC)c3)[C@H]2C(=O)Oc2cccc3ccccc23)ccc1O,CCc1nc2ccc(Cl)cc2c(-c2ccccc2)c1C(=O)O,P05413,6.348,6.8239,=,=,Ki
Cc1ccsc1C(NC(=O)c1ccccc1)c1cc(Cl)c2cccnc2c1O,O=C(O)c1ccnc(-c2ccccn2)c1,B2RXH2,5.301,6.4,=,=,IC50
COc1cc(-c2ccc3ncc(Nc4ccc5nc(C)cc(N)c5c4)nc3c2)cc(OC)c1OC,COc1cc(-c2nc3c(c(Nc4ccc5nc(C)cc(N)c5c4)n2)COC3)cc(OC)c1OC,Q9NVM4,6.2147,5.5935,=,=,IC50
CCOC(=O)c1ccc(OC(=O)CCCCCNC(=N)N)cc1,CCCC[C@@H]1NC(=O)[C@H](CCC(N)=O)NC(=O)[C@H](CCCNC(=N)N)NC(=O)[C@@H]2CSCCC(=O)N3CN(CN(C3)C(=O)CCSC[C@H](NC(=O)[C@@H](N)CCCNC(=N)N)C(=O)N[C@@H](Cc3ccccc3)C(=O)N[C@@H](CCCNC(=N)N)C(=O)N[C@@H](CC(C)C)C(=O)N3CCC[C@H]3C(=O)N2)C(=O)CCSC[C@@H](C(=O)N[C@@H](CCCNC(=N)N)C(=O)N[C@@H](Cc2c[nH]c3ccccc23)C(=O)O)NC(=O)[C@H](CCCNC(=N)N)NC1=O,P00748,5.5346,7.5143,=,=,Ki
COc1ccc(C[C@@H](C)CN2C[C@H]3CCCC[C@H]3[C@@H](C(=O)N3CCN(c4ccc(F)c(F)c4)CC3)C2)cn1.O=C(O)/C=C/C(=O)O,C[C@@H](O)[C@H](NC(=O)[C@@H]1CSSC[C@@H](NC(=O)[C@H](N)Cc2ccc(O)cc2)C(=O)N[C@@H](Cc2ccccc2)C(=O)N(C)[C@@H](Cc2c[nH]c3ccccc23)C(=O)N[C@@H](CCCCN)C(=O)N[C@@H]([C@@H](C)O)C(=O)N1)C(N)=O,P35346,4.04,7.2977,=,=,Kd
Cc1nc2ccc(CN3CCOCC3)cc2n2c(-c3c(F)cccc3Cl)nnc12,Cc1nc(-c2cnn(C)c2-c2ccc(C(F)(F)F)cc2)c2c(N3CC[C@H](NC(=O)C4CCCO4)C3)ncnn12,O00408,8.8539,8.1,=,=,IC50
CSC[C@H](NCc1c[nH]c2c(=O)[nH]cnc12)[C@@H](O)CO,CSC[C@@H](NCc1c[nH]c2c(=O)[nH]cnc12)[C@H](O)CO,P00491,6.8477,7.1487,=,=,Kd
COc1cc(C)cc2cc(-c3c(CNCCO)c(CN4CCNCC4)n4ncnc(N)c34)sc12,CCOCCOc1cc2c(ccn2C(=O)NC)cc1Oc1ccnc(NC(=O)c2ccc(CN3CC[C@@H](O)C3)s2)c1,P11362,8.9586,8.2273,=,=,IC50
CC(C)(C)c1ccc([C@H]2CCC(=O)[C@@H]2C/C=C\CCCC(=O)O)cc1,CCCCCCC(O)c1ccc(N2C(=O)CC[C@@H]2COCc2ccc(C(=O)O)s2)cc1,P43116,5.9788,8.8099,=,=,EC50
Cc1noc(C)c1Cn1cc(NC(=O)c2cccnc2)cn1,COc1cccc(C(=O)Nc2cn(Cc3c(C)noc3C)nc2C)c1,Q9NYW2,5.9687,5.034,=,=,IC50
OC(COc1cccc(-c2cnc3ccccc3c2)c1)CN1CCc2ccccc2C1,CC(=O)Nc1ccccc1OCC(=O)NCC(O)CN1CCc2ccccc2C1,O14744,5.9996,6.9957,=,=,EC50
CN(C)CCCCCCCCN(O)C(=O)CCC(=O)O.Cl,Cc1cccnc1CN1CCC2(CC1)C(=O)N(c1ccc(-c3ccccc3)cc1)C(=O)N2c1ncccn1,O75164,5.0915,5.3288,=,=,IC50
O=C(O)CSc1cc(NS(=O)(=O)c2cccs2)c2ccccc2c1O,C=CC(=O)N(Cc1ccc(Cl)cc1)c1ccc(O[C@H]2CC[C@@H](N)C2)cc1,Q16548,5.3363,4.3768,=,=,IC50
COc1ccc(-c2nnc(-c3cc(OC(F)(F)F)ccc3-n3cncn3)o2)cc1OC,COc1ccc(-c2nnc(-c3cc(OC(F)(F)F)ccc3-n3ccnc3)o2)cc1OC,Q14831,5.893,5.5114,=,=,IC50
FC(F)(F)C1CN(c2ccc(Nc3ncc4c5ccncc5n(C5CCCC5)c4n3)nc2)CCN1,CN(C)C(=O)c1cc2cnc(Nc3ccc(N4CC5CCC(CC4=O)N5)cn3)nc2n1C1CCCCC1,P11802,7.9586,8.3979,=,=,IC50
C/C=C/Cn1cc(-c2cc(OC)c(C(=O)N3CCOCC3)cc2OC)c2cc[nH]c2c1=O,COc1cc(-c2cn(C)c(=O)c3cnccc23)cc(OC)c1CN1CCN(CCCCCOc2cc(-c3scnc3C)ccc2CNC(=O)[C@@H]2C[C@@H](O)CN2C(=O)[C@@H](NC(=O)C2(F)CC2)C(C)(C)C)CC1,Q9H8M2,8.7001,8.2924,=,=,Kd
CS(=O)(=O)Nc1ccc(-c2nc(NC(CCc3ccccc3)c3ccccc3)c3ccccc3n2)cc1,CS(=O)(=O)Nc1ccc(-c2nc(NCC(c3cccnc3)c3ccc[nH]3)c3ccccc3n2)cc1,Q01959,7.1487,6.6946,=,=,EC50
COc1ccc(Cl)cc1CN(C(=O)C(C)C)c1cc(C(=O)Nc2nc(CC(=O)O)cs2)ccc1Cl,O=C(Nc1ccc(C(=O)O)c(Cl)c1)c1ccc2c(c1)N(S(=O)(=O)c1cc(Cl)cc(Cl)c1)CC2,Q92523,5.5914,5.4168,=,=,IC50
CP(=O)(O)[C@@H]1CC[C@@H](N)C1,C/C(=C\CN)C(=O)O,P24046,5.1805,4.3468,=,=,Kb
CCN(CC)C(=S)Nc1sc2c(c1C(=O)O)C(C)CCC2,CC(C(=O)Nc1ccccc1)n1nc(C(=O)Nc2ccccc2)c2ccccc21,P33527,5.3915,5.3463,=,=,IC50
Cc1noc(-c2c(NC(=O)C3=C(C(=O)O)CCC3)sc3c2CCCC3)n1,Cc1cc(-c2c3c(nc(C4CCCC4)c2-c2nnn[nH]2)CCC(C)C3)ccn1,P15090,7.0969,8.0,=,=,IC50
O=C1NC(=S)/C(=C/c2ccc(C(=O)[O-])cc2)S1.[Na+],O=C1c2ccccc2-c2c1c1ccc([N+](=O)[O-])cc1c(=O)n2C[C@@H](O)[C@H](O)[C@H](O)CO,Q9NUW8,5.1345,4.4318,=,=,IC50
COc1ccc(-c2ccc(NCc3ccc(Cl)cc3-c3ccc(C(=O)NCCC(=O)O)nc3)cc2)c(Cl)c1,O=C(O)CCNC(=O)c1ccc(-c2cc(Cl)ccc2CNc2ccc(-c3ccc(F)cc3C(F)(F)F)c(Cl)c2)cn1,P47871,7.5498,7.5045,=,=,Ki
CC(C)(C)OC(=O)N1CCCCC1Cn1nnc2c(N)nc(C3CC3)nc21,CCCC[C@@H]1C[C@@H](C(=O)NCc2cccc(C)n2)CN(Cc2nc(-c3ccccc3)oc2C)C1,O95263,7.6696,7.8239,=,=,IC50
Cc1ccccc1N1CCN(c2ccc(C(=O)NCCCN3C(=O)CCC3=O)cc2NC(=O)c2ccco2)CC1,Cc1ccccc1N1CCN(c2ccc(C(=O)NCCCN3CCCC3=O)cc2NC(=O)c2ccoc2)CC1,P23945,3.7352,3.3063,=,=,EC50
COc1ccc2c(c1)CCN1C(=O)C3CCCC(C21)N3S(=O)(=O)N1C[C@@H](C)O[C@@H](C)C1,CCc1ccc(S(=O)(=O)N2CCCCC2C(=O)NCCCc2ccccc2)cc1,P62942,6.9101,6.1938,=,=,Ki
NS(=O)(=O)OC[C@H]1C[C@@H](Nc2c(Cl)cnc3cc(-c4cccc(SC(F)(F)F)c4)nn23)[C@H](O)[C@@H]1O,NS(=O)(=O)OC[C@H]1C[C@@H](Nc2ccnc3cc(-c4ccccc4Oc4ccccc4)nn23)[C@H](O)[C@@H]1O,P51965,6.2596,7.2596,=,=,IC50
Oc1cc2c(cc1C(c1ccc(Cl)cc1)N1CCOCC1)OCO2,COc1cc(C(Nc2ccc(C)cn2)c2ccc3cccnc3c2O)cc(OC)c1O,P07237,7.0362,6.7447,=,=,IC50
CC(C)(Cc1ccc(C(=O)Oc2ccc(C(=N)N)cc2F)s1)C(=O)Nc1cccnc1,CN(CC(C)(C)C(=O)O)c1nc2ccc(C(=O)Oc3ccc(C(=N)N)cc3)cc2s1,P98073,8.1215,8.0,=,=,Ki
COc1cc2c(N3CC4(CCN4)C3)ccnc2cc1OCCCN1CCCC1,COc1cc2c(cc1OCCCN1CCCC1)N=C(c1ccccc1)CN=C2NC1CCN(C(C)C)CC1,Q96KQ7,7.4998,5.9626,=,=,IC50
c1ccc(-c2coc3ccc(-c4cn[nH]c4)nc23)cc1,CN1C(=O)[C@@H](N2CCc3cn(CC4CCS(=O)(=O)CC4)nc3C2=O)COc2ccccc21,Q86Z02,7.2076,6.0,=,=,IC50
O=c1cc(-c2ccccc2)oc2cc(OCCOCCn3cc(COCCOc4ccc5c(=O)cc(-c6ccccc6)oc5c4)nn3)ccc12,COc1cc(/C=C/C(=O)OC[C@@H](C)CN(C)CCCCCOC(=O)c2cc(OC)c(OC)c(OC)c2)cc(OC)c1OC,P33527,6.4772,4.9957,=,=,EC50
CCOc1cc2ncc(C#N)c(Nc3ccc(F)c(Cl)c3)c2cc1NC(=O)/C=C/CN(C)C,CCc1nc(C(N)=O)c(Nc2ccc(N3CCC(N4CCN(C)CC4)CC3)c(OC)c2)nc1NC1CCOCC1,P16591,5.8288,6.7258,=,=,Kd
COc1nc(N)nc(Nc2cc(S(N)(=O)=O)ccc2N[C@@H](c2cccc3c2OC(F)(F)O3)c2ncccc2Cl)n1,CNc1ncnc2c1ncn2[C@@H]1O[C@H](CN(CCI)CCC[C@H](N)C(=O)O)[C@@H](O)[C@H]1O,Q8TEK3,9.7696,6.9208,=,=,IC50
Cc1ccc(-c2cc(C(F)(F)F)n[nH]2)cc1NC(=O)c1ccc(OCc2ccccn2)cc1,CC1CN(C(=O)Nc2ccccc2Cl)CCC1c1nc(-c2ccc3ccccc3n2)no1,Q99835,8.0458,6.1024,=,=,IC50
COc1cc2ncnc(N3CC[C@@H](Oc4cnc5ccccc5n4)C3)c2cc1OC,COc1cc2ncnc(N3CC[C@@H](Oc4ccc5cccnc5c4)C3)c2cc1OC,Q14432,6.6757,6.6799,=,=,Ki
CC(=O)N[C@@H](Cc1cnc[nH]1)C(=O)N[C@H]1CCC[C@@H]1C(=O)N[C@@H](CC(=O)O)C(=O)N[C@@H](C)C(=O)NC(CC(=O)N[C@@H](Cc1ccccc1)C(=O)N[C@H](C(=O)N[C@@H](CCC(=O)O)C(=O)N[C@@H](CC(N)=O)CC(=O)N[C@@H](Cc1ccc(O)cc1)C(=O)N[C@H](C(=O)N[C@@H](CCCCN)C(=O)N[C@@H](CC(C)C)C(=O)N[C@@H](CCCNC(=N)N)C(=O)N[C@@H](CCCCN)C(=O)N[C@@H](CCC(N)=O)C(=O)NC(CC(=O)N[C@@H](C)C(=O)N[C@@H](C)C(=O)N[C@H]1CNC[C@@H]1C(=O)N[C@@H](CCCCN)C(=O)N[C@@H](Cc1ccc(O)cc1)C(=O)N[C@H]1CCC[C@@H]1C(=O)N[C@@H](CC(N)=O)C(=O)N[C@@H](CC(=O)O)C(=O)N[C@@H](CC(C)C)C(=O)NC(CCCCN)CC(=O)N[C@@H](CCCCN)C(=O)NCC(=O)NCCC(=O)N[C@H](C(=O)O)[C@@H](C)O)CC(C)C)[C@@H](C)O)[C@@H](C)O)C(C)C,CC(C)C[C@H](NC(=O)[C@H](CC(=O)O)NC(=O)[C@H](CC(N)=O)NC(=O)[C@H]1CCC[C@@H]1NC(=O)[C@H](Cc1ccc(O)cc1)NC(=O)[C@H](CCCCN)NC(=O)[C@H]1CNC[C@@H]1NC(=O)[C@H](C)NC(=O)[C@H](C)NC(=O)[C@H](CC(C)C)NC(=O)[C@H](CCC(N)=O)NC(=O)[C@H](CCCCN)NC(=O)[C@H](CCCNC(=N)N)NC(=O)[C@H](CC(C)C)NC(=O)[C@H](CCCCN)NC(=O)[C@@H](NC(=O)CC(Cc1ccc(O)cc1)NC(=O)CC(CC(N)=O)NC(=O)[C@H](CCC(=O)O)NC(=O)[C@@H](NC(=O)[C@H](Cc1ccccc1)NC(=O)[C@H]1CCC[C@@H]1NC(=O)[C@H](C)NC(=O)[C@H](CC(=O)O)NC(=O)[C@H]1CCC[C@@H]1NC(=O)[C@@H](N)Cc1cnc[nH]1)[C@@H](C)O)[C@@H](C)O)C(=O)NC(CCCCN)CC(=O)N[C@@H](CCCCN)C(=O)NCC(=O)NCCC(=O)N[C@H](C(=O)O)[C@@H](C)O,P41587,8.9003,7.0196,=,=,EC50
CO[C@@H]1[C@H](NCCOCCOCCOCCNC(=O)CCC2=[N+]3C(=Cc4c(C)cc(C)n4[B-]3(F)F)C=C2)C[C@H]2O[C@]1(C)n1c3ccccc3c3c4c(c5c6ccccc6n2c5c31)C(=O)NC4,CO[C@@H]1[C@H](N(C)C(=O)c2ccccc2)C[C@H]2O[C@]1(C)n1c3ccccc3c3c4c(c5c6ccccc6n2c5c31)C(=O)NC4,Q16288,7.6383,5.7696,=,=,Kd
c1ccc(CCNc2ccnc3oc4ccccc4c23)cc1,COc1ccc2c(Oc3ccc(NC(=O)c4c(C5CCOCC5)n(C)n(-c5ccccc5)c4=O)nc3)ccnc2c1,P08069,5.6757,7.3696,=,=,Ki
Cc1ccc2[nH]c(=O)c(CN(CCO)C(=O)Nc3ccccc3F)cc2c1,O=[N+]([O-])c1ccc(-c2csc(N/N=C/c3ccc4ccc5cccc6ccc3c4c56)n2)cc1,P08236,6.2268,4.5918,=,=,IC50
COc1ccc(S(=O)(=O)N[C@H](CCCNC(=O)N[C@H](C)c2cccc3ccccc23)C(=O)NO)cc1,COc1ccc(S(=O)(=O)N[C@H](CCCNC(=O)NCCc2cccs2)C(=O)NO)cc1,P13497,6.7959,7.1079,=,=,IC50
Cc1ccoc1C(=O)Nc1ccc(N2Cc3cccc(Cl)c3C2=O)c(Cl)c1,Cc1ccoc1C(=O)Nc1ccc(NC(=O)c2ccccc2C(=O)O)c(Cl)c1,Q13255,6.3126,6.0308,=,=,EC50
CCCN(CCC)c1nc(C)nc2c(-c3ccc(Cl)cc3Cl)c(C)nn12,CCCN(CCC)c1cc(C)nc2c(-c3ccc(N(C)[11CH3])nc3)c(C)nn12,P34998,9.2218,8.7696,=,=,Ki
CC1(Nc2ccc(C(=O)NO)cc2)CCN(c2ccccc2)C1=O,O=C(NO)c1ccc2c(c1)CC(NS(=O)(=O)c1cccc(Cl)c1)CC2,Q9UBN7,5.585,5.7645,=,=,EC50
C[C@H](C[C@H](O)[C@@H](O)C(C)(C)O)C1=C2C[C@H](O)[C@H]3[C@@]4(C)CCC(=O)C(C)(C)[C@@H]4CC[C@]3(C)[C@@]2(C)C=C1,C=C1CC[C@]2(C(=O)O)CC[C@]3(C)C(=CC[C@@H]4[C@@]5(C)CC[C@H](O)[C@@](C)(CO)[C@@H]5CC[C@]43C)[C@@H]2C1,O00748,4.5901,5.7212,=,=,IC50
O=C(O)C1CCc2ccc(-c3cccc(Cl)c3OCC3CCCC3)cc21,O=C(O)CCCCNS(=O)(=O)c1cc(Cl)cc(Cl)c1,P15090,5.762,5.9245,=,=,Ki
C[C@@H]1Cc2cc(C(=O)C3=C(O)C(=O)N(CCc4ccccc4)[C@@H]3c3cccc(Cl)c3)ccc2O1,O=C(O)c1c(N2CCCCC2)nc2ccc(Cl)cc2c1-c1ccccc1,Q01469,5.2573,6.3054,=,=,Ki
CCC(=O)c1ccc(OC[C@H](O)CN(C(C)C)C(C)C)cc1,COc1cc2c(cc1OC)CN(Cc1ccc(Oc3ccc(-c4nc(-c5ccc(F)cc5)cs4)cn3)cc1)CC2,P08183,5.11,6.3872,=,=,EC50
CCCCOc1nc(N)c2[nH]c(=O)n(CCCCCCC3CCNCC3)c2n1.Cl,CCCc1nc2c(N)nc3ccc(N)cc3c2s1,Q9NR97,4.5376,5.4112,=,=,EC50
O=C(OCc1c(F)cc(F)cc1F)N1CCOC(c2nc3cncnc3[nH]2)C1,Cc1c(F)ccc(-c2cnc3[nH]c(=O)n(CC(=O)N4CCC4)c3c2)c1F,Q13224,7.0757,7.8239,=,=,IC50
COc1ccc(OC)c2c1c(OC)cc1c(=O)c(O)c(-c3ccccc3F)oc12,COc1ccc(OC)c2c1c(OC)cc1c(=O)cc(-c3ccccc3F)oc12,P04798,7.5607,8.2291,=,=,IC50
CC[C@@H]1C(=O)N(C)c2cnc(-n3ccc4cc(C(=O)NC)ccc43)nc2N1C1CCCC1,CC[C@@H]1C(=O)N(C)c2cnc(Nc3cc(F)c(C(=O)NCCN4CCOCC4)cc3OCCO)nc2N1C1CCCC1,Q9H4B4,5.1459,6.4362,=,=,IC50
CCN(CC)CCCC(Nc1c2ccccc2nc2ccccc12)C1CC1,Cc1ccccc1CCNCc1cccc(COc2nn3c(C(F)(F)F)nnc3c3ccccc23)n1,P54289,7.284,6.3487,=,=,IC50
CC(C)Oc1cc(N2C(=O)C3CCCCC3C2O)c(F)cc1Cl,CCOC(=O)COc1cc(N2C(=O)C3CCCCC3C2=O)c(F)cc1Cl,P50336,4.3223,4.8185,=,=,Ki
O=C(c1ccc(N2CCN(C(=O)c3ccccc3)CC2)cc1)c1c(-c2ccc(O)cc2)sc2cc(O)ccc12,CC1=C(c2cccc(O)c2)C(c2ccc(OCCN3CCC(CF)CC3)cc2)Oc2ccc(O)cc21,P03372,9.0655,10.0,=,=,IC50
CCNC(=O)Cc1ccc(Nc2nc(-c3ccccc3Cl)nc3c2C(=O)NC3)cc1,Cc1cc(Nc2nccc3nc(-c4c(Cl)cc(CO)cc4Cl)sc23)ncn1,P29597,7.2596,9.0,=,=,Ki
CC(=O)N[C@H]1CSSC[C@@H](C(=O)N(CCCCN=C(N)N)[C@@H](Cc2c[nH]c3ccccc23)C(N)=O)NC(=O)[C@@H](Cc2ccc3ccccc3c2)NC(=O)[C@H](Cc2c[nH]cn2)NC1=O,CCCC[C@H](NC(C)=O)C(=O)N[C@@H]1C(=O)N[C@@H](Cc2c[nH]cn2)C(=O)N[C@H](Cc2ccccc2)C(=O)N[C@@H](CCCNC(=N)N)C(=O)N[C@@H](Cc2c[nH]c3ccccc23)C(=O)N[C@H](C(N)=O)C(C)(C)SCc2cccc(c2)CSC1(C)C,P33032,6.6799,6.7645,=,=,IC50
CCC(=O)Nc1ccccc1Nc1nc(Nc2ccc(N3CCN(C)CC3)cc2)ncc1Cl,CC(=O)N1CCC(n2cc(-c3cnc(N)c4oc(-c5cccc(C(F)(F)F)c5)cc34)cn2)CC1,O43318,5.7878,5.7959,=,=,IC50
O=C(O)CCCCCCCOc1cccc(NS(=O)(=O)c2ccc(-c3ccccc3)cc2)c1,O=C(O)Cc1ccc(-c2ccc(OCc3c(-c4c(Cl)cccc4Cl)noc3C3CC3)cc2Cl)cc1,P07148,5.4895,5.3665,=,=,IC50
CN1CC[C@H](c2c(O)cc(O)c3c(=O)cc(-c4ccccc4Cl)oc23)[C@H](O)C1,CCCC(=O)O[C@@H]1[C@@H](C)[C@@]2(O)[C@@H](C=C(CO)C[C@]3(O)C(=O)C(C)=C[C@@H]23)[C@@H]2C(C)(C)[C@]12OC(=O)CCC,Q05655,6.2291,9.1379,=,=,Kd
O=C1NC(=O)N(c2ccc3[nH]cnc3c2)C1c1ccc(-c2csc(C3CC3)n2)cc1,S=C(NCc1ccc(Cl)cc1Cl)Nc1ccc2[nH]cnc2c1,Q16769,8.3979,6.1555,=,=,Ki
COc1ccc(S(=O)(=O)N2[C@H](C(=O)NO)C[C@@H]3CCN(C(=O)CCc4ccccc4)C[C@@H]32)cc1,Cn1c(N)nc2c(-c3cc(Br)c(Br)[nH]3)nccc21,P39900,7.301,4.2449,=,=,IC50
N#Cc1ccc(Nc2cc(NCc3ccccn3)nc(-c3ccccc3)n2)cc1,O=c1cc(-c2ccccc2)oc2cc(OCCn3cc(CN(Cc4ccccc4)Cc4cn(CCOc5ccc6c(=O)cc(-c7ccccc7)oc6c5)nn4)nn3)ccc12,Q9UNQ0,7.8097,6.4648,=,=,EC50
COc1ncc(F)c(Nc2[nH]nc3c2CN(C(=O)N[C@@H]2C[C@H]2c2ccccc2)C3(C)C)n1,CN(C)C[C@@H](OC(=O)N1Cc2c(n[nH]c2Nc2ccnc(C#N)n2)C1(C)C)c1ccccc1,O96013,6.3468,8.0555,=,=,Ki
N#Cc1ccc(N(CCCCCSc2ccc(O)cc2)n2cnnc2)cc1,Fc1ccc(C(c2ccc(F)cc2)n2ccnc2)cc1,P11511,9.222,7.398,=,=,IC50
Cc1ccc(COc2ccccc2CN(CC[C@H](N)C(=O)O)Cc2ccccc2OCc2ccc(C)cc2)cc1,N[C@@H](CCC(=O)Nc1ccc([N+](=O)[O-])cc1)C(=O)O,Q15758,4.757,2.9729,=,=,IC50
Cc1ccccc1N1CCN(c2ccc(C(=O)NCCCN3CCCC3=O)cc2NC(=O)c2ccoc2)CC1,Cc1nc(C(=O)Nc2cc(C(=O)NCCCN3CCCC3=O)ccc2N2CCN(c3ccccc3C)CC2)co1,P23945,3.3063,3.6021,=,=,EC50
Cc1cc(OCc2nnc(SC3C=CCCC3)n2-c2cccnc2)ccc1C#CCOC(=O)N1CCN(C)CC1,CN1CCN(C2CCN(c3cccc(-c4cc5ccccc5[nH]4)c3)CC2)CC1,P55072,7.5376,4.8861,=,=,IC50
CCCC[C@@H](C(=O)N[C@@H](CC(=O)O)C(=O)N[C@@H](Cc1ccccc1)C(N)=O)N(C)C(=O)[C@@H](Cc1c[nH]c2ccccc12)NC(=O)CNC(=O)[C@@H](Cc1ccccc1)NC(=O)[C@@H](N)Cc1ccc(O)cc1,CCCC[C@H](NC(=O)[C@H](Cc1ccc(OS(=O)(=O)O)cc1)NC(=O)[C@H](CC(=O)O)NC(=O)COCCOCCNC(=O)COCCOCCNC(=O)CC[C@H](NC(=O)CCCCCCCCCCCCCCCCC(=O)O)C(=O)O)C(=O)NCC(=O)N[C@@H](Cc1c[nH]c2ccccc12)C(=O)N[C@@H](CCCC)C(=O)N[C@@H](CC(N)=O)C(=O)N[C@@H](Cc1ccccc1)C(N)=O,P32239,8.5564,8.24,=,=,EC50
N[C@@H]1C[C@H]1c1ccc(NC(=O)c2ccccc2)cc1,Cc1ccc(C2CC(c3ccccc3)=NN2C(N)=O)cc1,P27338,5.4559,5.4949,=,=,Ki
CC(=O)N(c1ccc(F)cc1)[C@@H](Cc1ccc(F)cc1)C(=O)N[C@@H](Cc1ccc(NC(=N)N)cc1)C(=O)N[C@@H](CC(C)C)C(=O)N[C@@H](CCCN=C(N)N)C(N)=O,CCCC(=O)Nc1cccc(NC(=O)c2c(Cl)cccc2Br)c1,P25116,5.3117,5.6421,=,=,IC50
CN(C)CCOC(=O)/C=C/[C@H]1CC[C@]2(O)[C@@H]3CC[C@@H]4C[C@@H](O)CC[C@]4(C)[C@H]3CC[C@]12C,C[C@]12CC[C@H](O)C[C@H]1CC[C@@H]1[C@@H]2CC[C@]2(C)[C@@H](C3=CC(=O)OC3)CC[C@]12O,P54707,7.5229,7.0969,=,=,IC50
CC(C)n1nc(-c2cc3cc(O)ccc3[nH]2)c2c(N)ncnc21,CO[C@@H]1[C@H](N(C)C(=O)c2ccccc2)C[C@H]2O[C@]1(C)n1c3ccccc3c3c4c(c5c6ccccc6n2c5c31)C(=O)NC4,Q9UM73,5.9586,6.5686,=,=,Kd
COc1ccc(CC[C@@H](OC(=O)[C@@H]2CCCCN2C(=O)CC2CCCCC2)c2cccc(OCC(=O)O)c2)cc1OC,CC1(C)COC(=O)CCCCC(=O)CCC(C)(C)[C@@H](CCc2ccccc2)OC(=O)[C@@H]2CCCCN2C(=O)C1=O,P62942,6.5229,7.6021,=,=,Ki
Cc1ccc(O)c(C(O)(C(F)(F)F)C(F)(F)F)c1,CCc1cccc(C#Cc2c(-c3ccc(OCC(=O)NC4CC4)cc3)oc3cc(O)c(C(=O)O)cc23)c1,Q9Y2R2,3.5187,6.0605,=,=,IC50
Cc1ccc(C(=O)N2CCc3cc(-c4nc(NC(=O)CN5CCc6ccccc6C5)sc4C)ccc32)cc1,O=C(NCCCCCCNC(=O)c1ccc2c(c1)C1(OC2=O)c2ccc(O)cc2Oc2cc(O)ccc21)c1ccc(CNc2ncnc3c2ncn3[C@@H]2O[C@H](COP(=O)(O)CP(=O)(O)O)[C@@H](O)[C@H]2O)cc1,P21589,6.2757,8.432,=,=,Ki
COc1ccc(-c2cc(C(N)=O)nc3cc(CCc4cnc(C)nc4)ccc23)c(F)c1,CCCOC(=O)c1c(N)sc(-c2ccccc2)c1C,O15303,5.0074,5.6198,=,=,IC50
COc1ccc(-c2ccc3ncc4ccc(=O)n(-c5ccc(F)c(C)c5)c4c3c2)cn1,O=c1c(-c2ccc(Cl)c(Cl)c2)coc2c(O)c(O)ccc12,P42336,6.0,5.2007,=,=,EC50
Cn1ccc(-c2cc(C(=O)Nc3cc4c(nc3-c3ccccc3)CNC4)c(F)cc2C(F)(F)F)n1,CN1CCN(C(=O)c2cc(NC(=O)[C@@H]3CCCN3c3nc(Nc4cc(F)cc(F)c4)ncc3Cl)ccc2N2CCOCC2)CC1,P04629,8.5376,8.0362,=,=,IC50
COCCCCCC1CCc2cc([C@H]3CC[C@@](N)(COP(=O)(O)O)C3)ccc2C1,COc1ccc(F)cc1COC[C@@H]1CCc2cc([C@H]3CC[C@](N)(COP(=O)(O)O)C3)ccc2C1,O95470,7.6696,7.2596,=,=,EC50
CC(C)NC(=O)N(Cc1cccc(-c2cc(C(C)(C)C#N)cc3cccnc23)c1)c1ccc(S(C)(=O)=O)cc1,O=C(c1nc2cccnn2c1-c1cccc(Cl)c1)N1CCC1,Q08493,8.7696,7.3526,=,=,IC50
CC1(C)[C@H]2C[C@H](C/C=C/CCCC(=O)O)[C@@H](NC(=O)c3csc4ccccc34)[C@@H]1C2,Cc1c(Cc2ccc(=O)n(Cc3ccc(F)cc3F)n2)c2cc(F)ccc2n1CC(=O)O,Q13258,7.5762,4.7212,=,=,IC50
CCc1ccc([C@H]2OC3(C(=O)c4ccccc4C3=O)[C@H]3C(=O)N(c4ccc(C)cc4)C(=O)[C@@H]23)cc1,CCOc1ccc([C@H]2OC3(C(=O)c4ccccc4C3=O)[C@H]3C(=O)N(c4ccc(C)cc4)C(=O)[C@@H]23)cc1,Q08462,6.1739,4.6054,=,=,EC50
CC(=O)N[C@@H](Cc1cnc[nH]1)C(=O)N[C@H]1CCC[C@@H]1C(=O)N[C@@H](CC(=O)O)C(=O)N[C@@H](C)C(=O)NC(CC(=O)N[C@@H](Cc1ccccc1)C(=O)N[C@H](C(=O)N[C@@H](CCC(=O)O)C(=O)N[C@@H](CC(N)=O)C(=O)N[C@@H](Cc1ccc(O)cc1)C(=O)N[C@H](C(=O)N[C@@H](CCCCN)C(=O)NC(CC(=O)N[C@@H](CCCNC(=N)N)C(=O)N[C@@H](CCCCN)C(=O)N[C@@H](CCC(N)=O)C(=O)N[C@@H](CC(C)C)C(=O)N[C@@H](C)C(=O)N[C@@H](C)C(=O)N[C@H]1CNC[C@@H]1C(=O)N[C@@H](CCCCN)C(=O)N[C@@H](Cc1ccc(O)cc1)C(=O)N[C@H]1CCC[C@@H]1C(=O)N[C@@H](CC(N)=O)C(=O)N[C@@H](CC(=O)O)C(=O)N[C@@H](CC(C)C)C(=O)NC(CCCCN)CC(=O)N[C@@H](CCCCN)C(=O)NCC(=O)NCCC(=O)N[C@H](C(=O)O)[C@@H](C)O)CC(C)C)[C@@H](C)O)[C@@H](C)O)C(C)C,CC(=O)N[C@@H](Cc1cnc[nH]1)C(=O)N[C@@H](CO)C(=O)N[C@@H](CC(=O)O)C(=O)N[C@@H](C)C(=O)N[C@H](C(=O)N[C@@H](Cc1ccccc1)C(=O)N[C@H](C(=O)N[C@@H](CCC(=O)O)C(=O)N[C@@H](CC(N)=O)C(=O)N[C@@H](Cc1ccc(O)cc1)C(=O)N[C@H](C(=O)N[C@@H](CCCCN)C(=O)N[C@@H](CC(C)C)C(=O)N[C@@H](CCCNC(=N)N)C(=O)N[C@@H](CCCCN)C(=O)N[C@@H](CCC(N)=O)C(=O)N[C@@H](CC(C)C)C(=O)N[C@@H](C)C(=O)N[C@H]1CCC[C@@H]1C(=O)N[C@@H](CCCCN)C(=O)N[C@@H](CCCCN)C(=O)N[C@@H](Cc1ccc(O)cc1)C(=O)N[C@H]1CCC[C@@H]1C(=O)N[C@@H](CC(N)=O)C(=O)N[C@@H](CC(=O)O)C(=O)NC(CC(=O)N[C@@H](CCCCN)C(=O)N[C@@H](CCCCN)C(=O)NCC(=O)NCCC(=O)N[C@H](C(=O)O)[C@@H](C)O)CC(C)C)[C@@H](C)O)[C@@H](C)O)C(C)C,P32241,5.8477,8.0415,=,=,EC50
O=S(=O)(c1ccc(-c2ncco2)cc1)N1Cc2cnc(C(O)c3cccc(N4CC5CCNC5C4)c3)cc2C1,CNCC(C(=O)N1CC2=C(C1)CN(S(=O)(=O)c1ccc3c(c1)OCCO3)C2)c1cccc(C2CC2)c1,Q93008,9.0,7.8495,=,=,IC50
COc1ccc(C[C@@H](C)CN2C[C@H]3CCCC[C@H]3[C@@H](C(=O)N3CCN(c4ccc(F)c(F)c4)CC3)C2)cn1.O=C(O)/C=C/C(=O)O,C[C@@H](O)[C@@H]1NC(=O)[C@H](CCCCN)NC(=O)[C@H](Cc2c[nH]c3ccccc23)NC(=O)[C@H](Cc2ccccc2)NC(=O)[C@H](NC(=O)[C@H](N)Cc2ccc(O)cc2)CSSC[C@@H](C(=O)N(C)[C@H](C(N)=O)[C@@H](C)O)NC1=O,P31391,5.21,6.4522,=,=,Kd
Cn1ncc(NC(=O)c2nc(-c3c(F)cccc3F)sc2N)c1N1CC[C@@H](N)[C@H](F)CC1,Nc1cc(-c2ccncc2NC(=O)c2nc(-c3c(F)cccc3F)ccc2N)ccn1,Q9P1W9,10.0,8.0969,=,=,Ki
COc1ccc2[nH]cc(C3CCN(CCN4C(=O)CC(c5c[nH]c6ccc(OC)cc56)C4=O)CC3)c2c1,CCCC1(C(=O)c2cc(F)c3[nH]ccc3c2)CCCN1,P31645,7.2007,8.2,=,=,Ki
CS(=O)(=O)O.O=C(NCc1cccc(O)c1)Nc1nc(-c2ccncc2)cs1,CCOC(=O)C1CCc2c(sc3ncnc(N)c23)C1,P53667,8.7595,5.6383,=,=,IC50
Cc1ccc(-n2nc(C(C)(C)C)cc2NC(=O)Nc2ccc(OCCN3CCOCC3)c3ccccc23)cc1,CN1C(=O)[C@@H](N2CCc3cn(CC4CCS(=O)(=O)CC4)nc3C2=O)COc2ccccc21,Q13554,4.3979,6.0,=,=,IC50
COc1cc(Cl)cc(NC(=O)c2nc(-c3ccccc3)cs2)c1,COc1ccc(OC)c2c1c(OC)cc1c(=O)cc(-c3c[nH]c4ncccc34)oc12,P04798,6.6392,7.6234,=,=,IC50
Nc1nc2[nH]c(CCCCc3ccc(C(=O)N[C@@H](CCC(=O)O)C(=O)O)s3)cc2c(=O)[nH]1,Nc1nc2[nH]c(CCCCc3cc(C(=O)N[C@@H](CCC(=O)O)C(=O)O)cs3)cc2c(=O)[nH]1,Q96NT5,6.1741,5.4448,=,=,Ki
N[C@H](COc1ccccc1)c1ccccc1,Cc1cc(Cl)cc(C)c1OC[C@@H](N)c1ccccc1,P35499,4.8,5.1,=,=,EC50
CC(=O)O.O=S(=O)(c1ccc(CCCCOCCCCCCNC[C@H](O)c2ccc(O)c(CO)c2)cc1)C1CCCC1,O=C(c1ccc(C[C@@H]2CC[C@H]([C@H](O)c3ccccc3)N2)cc1)N1CCN(Cc2ncn(CC(F)(F)F)n2)CC1,P13945,6.4,8.7959,=,=,EC50
CCCC[C@H](NC(=O)[C@H](Cc1ccc(OS(=O)(=O)O)cc1)NC(=O)OC(C)(C)C)C(=O)NCC(=O)N[C@@H](Cc1c[nH]c2ccccc12)C(=O)N[C@@H](CCCC)C(=O)N[C@@H](CC(=O)O)C(=O)NC(Cc1ccccc1)Cc1ccccc1,Fc1ccccc1C1=N[C@H](Cc2c[nH]c3ccccc23)CNc2ccccc21,P32239,7.1427,4.5528,=,=,IC50
Cc1cc(Cl)ccc1O[C@@H](c1ccccc1)[C@H]1CCNC1,Cc1ccc(N(Cc2ccc3ccccc3c2)C2CNC2)cc1,P23975,8.4,6.224,=,=,IC50
CC(C)COc1ccc(F)c([C@]23COC(C)(C)C[C@H]2S(=O)(=O)C(C)(C)C(=N)N3)c1,CN1C(=N)N[C@]2(C)c3cc(NC4CCCC4)ccc3OCC[C@@H]2S1(=O)=O,Q9Y5Z0,7.1759,6.1451,=,=,Ki
OC(c1cnc(C2CCN(c3cccc(F)c3)CC2)s1)(C(F)(F)F)C(F)(F)F,O=C(CCc1ccccc1)N(c1ccc(C(O)(C(F)(F)F)C(F)(F)F)cc1)C1CCCCC1,O95822,7.4437,6.8239,=,=,IC50
Cc1ccc([C@H]2OC3(C(=O)c4cccc(F)c4C3=O)[C@H]3C(=O)N(c4ccccc4Cl)C(=O)[C@@H]23)cc1,Cc1cccc([C@H]2OC3(C(=O)c4ccccc4C3=O)[C@H]3C(=O)N(c4ccccc4Cl)C(=O)[C@@H]23)c1,Q08462,6.4622,5.1669,=,=,EC50
CC(NC[C@H]1NC[C@H](O)[C@@H]1O)C(O)(c1ccccc1)c1ccccc1,OC[C@H](NC[C@H]1NC[C@H](O)[C@@H]1O)c1ccccc1,Q16706,4.0923,4.5698,=,=,Ki
C/C=C/C[C@@H](C)[C@@H](O)C1C(=O)N[C@@H](CC)C(=O)N(C)[C@H](CO)C(=O)N(C)[C@@H](CC(C)(C)O)C(=O)N[C@@H](C(C)C)C(=O)N(C)[C@@H](CC(C)C)C(=O)N[C@@H](C)C(=O)N[C@H](C)C(=O)N(C)[C@@H](CC(C)C)C(=O)N(C)[C@@H](CC(C)C)C(=O)N(C)[C@@H](C(C)C)C(=O)N1C,CC(C)CC(=O)N[C@@H](Cc1c[nH]cn1)C(=O)N[C@H](C(=O)NCC(=O)N1CCC[C@@H]1C(=O)NC1CCCC1C(=O)NCc1ccccc1)C(C)C,P62937,6.1062,3.301,=,=,IC50
CNC(=O)c1nn(C)c2c1C(C)(C)Cc1cnc(Nc3ccc(N4CCN(C)CC4)cc3)nc1-2,Clc1nc(NCc2ccccn2)c2c(-c3ccccc3)cccc2n1,P48729,6.6021,4.301,=,=,IC50
CCN(CCCCOc1ccc(C2CC(=O)c3c(O)cc(OCCCCN(CC)Cc4ccccc4OC)cc3O2)cc1)Cc1ccccc1OC,O=C(/C=N\O)Nc1ccc[n+](CCC[n+]2cccc(NC(=O)/C=N\O)c2)c1.[Br-].[Br-],P22303,5.3665,2.9706,=,=,IC50
COc1cc2c(cc1OC)-c1c(-c3cnc(CN4CCOCC4)s3)ncn1CC2,COc1cc2ncnc(N3CC[C@@H](Oc4ccc5c(c4)CCC5)C3)c2cc1OC,Q14432,6.8297,6.8508,=,=,Ki
O=S(=O)(Nc1ccc(-c2nc3cc(NS(=O)(=O)c4ccc(Cl)s4)ccc3o2)cc1)c1cccs1,Cc1cc(C(=O)O)ccc1-c1ccc(C=C2C(=O)c3ccccc3C2=O)o1,P54829,5.0315,5.1249,=,=,IC50
O=C1c2ccccc2CN1c1cccc(-c2nnc3n2[C@H](CO)CC3)n1,O=C1c2cc(-c3cncc(F)c3)ccc2CN1c1cccc(-c2nncn2C2CC2)n1,Q99683,5.2596,6.2218,=,=,Ki
O=C(O)COc1cccc(-c2ccccc2-c2cc(-c3ccccc3)n(-c3ccccc3)n2)c1,O=C(O)c1ccccc1Nc1cccc(Cl)c1-c1ccccc1,P05413,5.2807,6.0,=,=,Ki
CCCCn1c(=O)[nH]c(=O)c2c1ncn2CC,Cc1sc2c(c1C)C(c1ccc(Cl)cc1)=N[C@H](CC(=O)NC[C@@H](C)O)c1nnc(C)n1-2,Q58F21,5.1024,7.2147,=,=,IC50
Nc1ccc(C#CCCN2CC=C(c3ccccc3)CC2)cc1,COc1ccc(Br)cc1C(=O)NC[C@@H]1CCN(Cc2ccccc2)C1,P21917,6.641,7.3188,=,=,Ki
C[C@H](Nc1nc2c(c(=O)n1N(C)C)CN(C(=O)c1ccc(Cl)cc1)CC2)c1ccc(Cl)cc1,CC#CCn1c(N[C@@H](C)c2ccc(C(F)(F)F)cc2)nc2c(c1=O)CN(C(=O)c1ccc3cccnc3c1)CC2.Cl.Cl,P49683,6.5969,6.1079,=,=,IC50
Nc1ccc(CNCc2cncc(Br)c2)cc1,OCc1cccc(NCc2cncc(Br)c2)c1,O75475,3.8327,3.8477,=,=,Kd
CCC(=O)Nc1ccc(-c2cc(CN3CCOCC3)c3ccccc3n2)cc1,CC(=O)Nc1ccc(-c2cc(CN3CCCCC3)c3ccccc3n2)cc1,Q9UQ07,7.1427,8.699,=,=,Kd
NC(=O)c1csc([C@@H]2O[C@H](COP(=O)(O)OP(=O)(O)OC[C@H]3O[C@@H](n4cnc5c(N)ncnc54)[C@H](O)[C@@H]3O)[C@@H](O)[C@H]2O)c1,CCc1nc(N)c2ncn([C@@H]3O[C@H](CNS(=O)(=O)CS(=O)(=O)NCCc4c(O)c5c(c(C)c4OC)COC5=O)[C@@H](O)[C@H]3O)c2n1,P12268,6.4817,6.3565,=,=,Ki
CC[C@@H](N)CNc1ccnc(-c2cc(-c3cnn(C)c3)ccc2O)n1,CCn1cnnc1-c1cccc(N2Cc3c(cc(N4CCC[C@H]4C)nc3C(C)(C)N)C2=O)n1,Q9BZL6,8.0458,7.2907,=,=,IC50
O=C(NCC12CC3CC(CC(C3)C1)C2)c1cc(O[C@H]2CCCNC2)ccc1Cl,Cc1ccccc1C(=O)NCC12CC3CC(CC(C3)C1)C2,Q99572,8.0,7.9,=,=,Kd
CCn1c(C(O)(c2ccccc2)c2ccccc2)nc2ccc(NC(=O)c3ccccc3)cc21,CCn1c(C(O)(c2ccccc2)c2ccccc2)nc2ccc(C3(O)CCCC3)cc21,Q9NR19,7.301,6.6021,=,=,IC50
CSCC[C@H](NC(=O)[C@@H](NC(=O)[C@H](Cc1cnc[nH]1)NC(=O)[C@H](CSSC[C@H](NC(=O)[C@H](Cc1c[nH]c2ccccc12)NC(=O)[C@H](Cc1ccccc1)NC(=O)[C@H](CCC(=O)O)NC(=O)[C@H](CC1CCCCC1)NC(=O)[C@H](CC(=O)O)NC(=O)[C@H](CC(=O)O)NC(=O)[C@H](CO)NC(C)=O)C(=O)N[C@@H](Cc1cnc[nH]1)C(=O)N[C@H](C(=O)N[C@@H](CCSC)C(=O)N[C@@H](Cc1ccc(O)cc1)C(N)=O)C(C)C)NC(=O)[C@H](Cc1c[nH]c2ccccc12)NC(=O)[C@H](Cc1ccccc1)NC(=O)[C@H](CCC(=O)O)NC(=O)[C@H](CC1CCCCC1)NC(=O)[C@H](CC(=O)O)NC(=O)[C@H](CC(=O)O)NC(=O)[C@H](CO)NC(C)=O)C(C)C)C(=O)N[C@@H](Cc1ccc(O)cc1)C(N)=O,CSCC[C@H](NC(=O)[C@@H](NC(=O)[C@H](Cc1cnc[nH]1)NC(=O)[C@H](CSSC[C@H](NC(=O)[C@H](Cc1c[nH]c2ccccc12)NC(=O)[C@H](CC(C)C)NC(=O)[C@H](CCC(=O)O)NC(=O)[C@H](CC(C)C)NC(=O)[C@H](CC(=O)O)NC(=O)[C@H](CC(=O)O)NC(=O)[C@H](CO)NC(C)=O)C(=O)N[C@@H](Cc1cnc[nH]1)C(=O)N[C@H](C(=O)N[C@@H](CCSC)C(=O)N[C@@H](Cc1ccc(O)cc1)C(N)=O)C(C)C)NC(=O)[C@H](Cc1c[nH]c2ccccc12)NC(=O)[C@H](CC(C)C)NC(=O)[C@H](CCC(=O)O)NC(=O)[C@H](CC(C)C)NC(=O)[C@H](CC(=O)O)NC(=O)[C@H](CC(=O)O)NC(=O)[C@H](CO)NC(C)=O)C(C)C)C(=O)N[C@@H](Cc1ccc(O)cc1)C(N)=O,O75084,7.8633,10.1024,=,=,Kd
O=S(=O)(Nc1nccs1)c1cc(Cl)c(N[C@H](CN2CC(F)(F)C2)c2ccccc2)cc1F,C[C@@H](c1ccccc1)N1CCC(Oc2ccc(S(=O)(=O)Nc3nccs3)cc2Cl)CC1,P35498,5.5186,5.0388,=,=,IC50
COc1ccc2cc([C@H](C)C(=O)Nc3cc(C)ccn3)ccc2c1,COc1ccc(-c2ccc3[nH]c(=O)c4nnn(-c5ccc(N6CCNCC6)c(OC)c5)c4c3c2)cn1,Q9BVS4,6.284,7.3233,=,=,Kd
CN1CCC(F)(CNc2ccc(S(=O)(=O)NC(=O)c3ccc(N4CCN(CC5=C(C67CC(C(F)F)(C6)C7)CC(C)(C)CC5)CC4)cc3Oc3cnc4[nH]ccc4c3)cc2[N+](=O)[O-])CC1,O=C(O)c1csc(N2CCc3cccc(C(=O)Nc4nc5ccccc5s4)c3C2)n1,Q07817,7.2596,8.0,=,=,Kd
O=C(O)c1cccc2c(=O)c3ccccc3[nH]c12,Cc1cccc(C2NC(=O)c3c(C)cccc3N2)c1,Q86U86,3.8962,5.8861,=,=,IC50
Nc1nc(Cl)nc2c1ncn2[C@@H]1O[C@H](COC(Cc2cccc(OC(F)(F)F)c2)(C(=O)O)c2nn[nH]n2)[C@@H](O)[C@H]1O,COC1Oc2ccc(Cl)cc2C(=O)/C1=C\Nc1ccccc1S(N)(=O)=O,P21589,6.5526,5.8697,=,=,IC50
c1ccc(N(Cc2c[nH]cn2)c2ccccc2)cc1,CC(C)N(Cc1c[nH]cn1)c1ccccn1,Q96RJ0,7.1612,6.71,=,=,Ki
CCc1c(-c2ccnc(C)c2)[nH]c2ccc(C3CCN(C[C@@H]4CCCN4C(C)C)CC3)cc12,CCc1c(-c2cc(C)nc(C)c2)[nH]c2ccc(C3CCN(C(=O)CNC)CC3)cc12,Q9NYK1,6.7645,8.1805,=,=,IC50
O=C1Nc2cc(Cl)c(C(=O)N[C@H](CO)c3ccccc3)cc2/C1=C/c1ccc[nH]1,CN1CCC(NC(=O)c2cnc(NCc3cc(Cl)ccc3Cl)nc2NC2CCCC2)CC1,O96013,5.8468,4.5229,=,=,IC50
CCn1c(=O)[nH]c(=O)c2c1nc(Cc1cn3cc(C)sc3n1)n2CCCC(=O)O,CCn1c(=O)[nH]c(=O)c2c1nc(Cc1cn3ccccc3n1)n2Cc1ccc2c(c1)OCO2,Q8IWU9,7.1612,7.5229,=,=,IC50
CN1CCN(CCCCOc2cc(C(=O)N3CCCCc4sccc43)ccc2NC(=O)c2ccccc2-c2ccccc2)CC1,Cc1c(F)cccc1C(=O)Nc1ccc(C(=O)N2Cc3cccn3Cc3ccccc32)c(Cl)c1,P30518,9.0,8.7212,=,=,IC50
O=C(N[C@H]1CCCNC1)c1ccc(O)c2[nH]c(-c3cccs3)nc12,C[C@@H](CN)c1ccc(-c2c(O)cc(Cl)c3[nH]c(=O)c4c(O)cccc4c23)cc1,Q96KB5,7.0655,6.4931,=,=,IC50
COc1ccc(Cl)cc1S(=O)(=O)N(C)c1cc(C(=O)Nc2ccc(C(=O)O)cc2)cc2c1OCCO2,O=C([C@H]1CCCCN1C(=O)COc1ccccc1)N1Cc2ccc(C3CCOCC3)cc2C1,P50416,6.6598,7.1952,=,=,IC50
O=C(Nc1scc(-c2ccc(Cl)cc2)c1C(=O)O)c1cccc(Cl)c1Cl,O=C(Nc1ccccc1F)c1c(NC(=O)C(F)(F)F)sc2c1CCCCC2,Q5XXA6,5.7122,5.8861,=,=,IC50
CNC(=O)c1cc(Oc2ccc(NC(=O)Nc3ccc(Cl)c(C(F)(F)F)c3)cc2)ccn1,CNc1cc(-c2cccnc2Nc2cc(NC(=O)NCCC(C)(C)C)c(F)cc2C)ncn1,P04049,8.2218,10.2218,=,=,Ki
CCNCC[C@@H](Oc1cccc2cnccc12)c1cccs1,CCNc1ncc2c(n1)N(C)CCN(c1cccc(CO[C@H](CCNC)c3ccccc3)c1)C2,P54289,6.5229,5.757,=,=,Ki
O=S(=O)(Nc1ccc2c(c1)CCN(Cc1cc[nH]n1)CC2)c1ccc(Cl)cc1,C[C@H]1CN(Cc2ccc(CCC(=O)N3CCC(Nc4ccc(F)cc4)CC3)cc2)CCN1,O43193,6.1,7.2,=,=,EC50
COc1ccc(-c2cc(O)c3cc(-c4cnco4)c(OC)cc3n2)cc1,COc1c(C)c2c(c(O)c1C/C=C/CCC(=O)O)C(=O)OC2,P20839,7.0458,5.7447,=,=,IC50
CCN(C)C1CCC(c2ccc3[nH]c(-c4cn5ncnc5c(C)c4C)c(C(C)C)c3n2)CC1,CN1CCN(c2cnc3c(NCCCNc4nc(N)nc(N)n4)nc(-c4ccccc4)nc3n2)CC1,Q9NR96,5.7798,6.7033,=,=,IC50
COc1ccc(Cl)cc1CN1C(=O)C(C)(C)c2ccc(C(=O)Nc3nc(CC(=O)O)cs3)cc21,O=C(O)c1ccc(NC(=O)c2cccc(S(=O)(=O)N3CCCc4ccc(C(F)(F)F)cc43)c2)cc1,Q92523,6.2715,5.3068,=,=,IC50
O=C(/C=C/c1ccc(O)cc1)OCCCc1ccccc1,COc1ccc(/N=c2\oc3cc(O)ccc3cc2C(=O)NCc2ccccc2)cc1,O60218,7.6778,8.3279,=,=,IC50
COc1cc(-c2cc(=O)c3c(O)c(OC)c(O)cc3o2)ccc1O,C=C1CC[C@H]2C(C)(C)[C@@H](OC(C)=O)CC[C@]2(C)[C@H]1CC/C(C)=C/C(=O)O,P59538,4.9469,5.0969,=,=,IC50
CCCN(CCC)c1cc(N(C)c2ccc(OC)cc2Cl)nc2ccnn12,CCCN(CCC)c1ccc(OC)c2nc(-c3c(OC)cc(COC)cc3OC)c(C)cc12,P34998,7.699,6.9916,=,=,IC50
COc1ccccc1C(=O)c1sc(N)nc1-c1cc(Br)cc(C(F)(F)F)c1,CCCCn1c(=O)c2ccccc2c2ccccc21,Q92753,6.7959,4.8729,=,=,IC50
Cc1cc(Oc2nc(O[C@@H](C(=O)O)C(C)(C)C)c(F)cc2F)cc(-c2cccc(CN)c2)c1,COC(=O)[C@@H](NC(=O)[C@@H](NC(=O)CC[C@H]1CCC[C@@H](NC(=O)[C@@H](NC(=O)[C@@H](NC(=O)OCc2ccccc2)C(=O)[C@@H](N)Cc2c[nH]c3ccccc23)C(=O)[C@@H](N)Cc2c[nH]c3ccccc23)C1=O)C(=O)[C@@H](N)Cc1c[nH]c2ccccc12)C(=O)[C@@H](N)Cc1ccc(O)cc1,P00747,5.7212,5.5686,=,=,IC50
O=C(O)c1cnn(-c2ncc(OCc3ccc(Cl)c(Cl)c3)cn2)c1,O=C(O)c1nn(-c2ncc(OCc3ccccc3)cn2)c2c1CCC2,Q13686,6.8729,3.9513,=,=,IC50
Cc1ccc([C@]2(C)NC(c3ccc4[nH]c(=O)n([C@H](C)C(C)(C)C)c4c3)=NC2=O)nc1,Cc1[nH]c2ccc([C@]3(C)N=C(c4ccc5[nH]c(=O)n([C@H](C)C(C)(C)C)c5c4)C(=O)N3)cc2c1C,Q9NY97,7.0177,5.9957,=,=,IC50
COc1ccc2nc(-c3ccc(-c4nc5ccccn5c4NC(C)(C)C)cc3)[nH]c2c1,C#Cc1cccc([C@@]2(c3ccc(OC(F)F)cc3)N=C(N)N(C)C2=O)c1,P56817,5.6189,5.5031,=,=,EC50
Cc1cccc(NC(=O)CSc2n[nH]c(-c3ccccc3O)n2)c1C,Cc1ccc(Cl)cc1S(=O)(=O)Nc1cc(C(=O)O)ccc1Br,Q16654,5.6021,4.5229,=,=,IC50
CCc1oc2ccccc2c1C(=O)Cc1cc(Br)c(O)c(Br)c1,O=C(Nc1cnc(-c2ccncc2F)c(-c2cccnc2)n1)C1CC1,P33261,5.7959,5.585,=,=,Ki
CN(C)CCc1c[nH]c2ccc(CS(=O)(=O)N(C)Cc3ccc(CN(C)S(=O)(=O)Cc4ccc5[nH]cc(CCN(C)C)c5c4)cc3)cc12,CC(CN1CCN(CC(F)Cc2c[nH]c3ccc(-n4cnnc4)cc23)CC1)c1ccc(F)cc1,P28222,9.2366,5.7696,=,=,EC50
COc1ccc(OC)c(C(=O)NCCN2CCN(c3ccccc3OC)CC2)c1,Cc1ccc(C)c(N2CCN(Cc3nc4ccccc4[nH]3)CC2)c1,P21917,8.1079,9.0,=,=,IC50
Cc1onc(O)c1CCCC(N)C(=O)O,N[C@H]1C[C@@](N)(C(=O)O)[C@@H]2[C@@H](C(=O)O)[C@@H]21,O15303,3.3872,5.0283,=,=,EC50
OC(c1ncc[nH]1)c1ccc(F)n2ccc(Cl)c12,C/C=C/c1cc(F)ccc1C(O)c1ncc[nH]1,P55085,5.6149,5.2706,=,=,IC50
C=CC(=O)N1C[C@H](C)N(c2nc(=O)n3c4nc(c(F)cc24)-c2c(Cl)cccc2OCCCc2ccnc(C(C)C)c2-3)C[C@H]1C,C=CC(=O)N1CC(NC(=O)Cn2cc(C(=O)NCCc3c(OC)ccc4ccccc34)c3cc(Br)ccc32)C1,P01116,8.6383,5.9672,=,=,IC50
CN1C(=O)c2c(nn(Cc3ccc(C(F)(F)F)cc3)c2Nc2ccc(F)cc2)N2C1=N[C@@H]1CCC[C@@H]12,COc1ccc(Cn2cnc(N)c3nc(C(C)(C)COc4ccc(C(C)(C)C)cc4)nc2-3)cc1OC1CCCC1,P27815,6.3768,6.757,=,=,Ki
COc1cnc(SCC(=O)c2ccc3c(c2)CCCC(=O)N3)[nH]c1=O,O=C(c1cnn[nH]1)N1CC2CCC(C1)N2S(=O)(=O)c1cccc(F)c1,P42330,5.8894,8.9397,=,=,IC50
O=C(c1c(F)c(F)c(C(=O)N2CCC(N3CCCC3)CC2)c(F)c1F)N1CCC(N2CCCC2)CC1,CN(C)CCC(c1ccc(Cl)cc1)c1ccccn1,Q96JM7,6.7819,4.3768,=,=,IC50
C[C@@H]1[C@@H]2Cc3c(C(=O)O)n[nH]c3[C@H]12,C[C@H]1CC(NC(=O)CCc2nc(-c3ccc(F)cn3)no2)=C(C(=O)O)C[C@H]1c1cc(F)cc(F)c1F,Q8TDS4,7.6085,7.1249,=,=,EC50
O=C(O)CSc1cc(NS(=O)(=O)c2cccs2)c2ccccc2c1O,O=C(O)c1cc(SCCc2ccccc2)ccc1NS(=O)(=O)N1CCN(Cc2ccc(F)cc2)CC1,Q16548,5.2118,6.0458,=,=,Ki
C/C(=C\C(=O)OCCCCCCCCC(=O)O)C[C@@H]1OC[C@H](C[C@@H]2O[C@H]2[C@@H](C)[C@H](C)O)[C@@H](O)[C@H]1O,CCC(C)[C@H](N)C(=O)OC[C@H]1COC(c2ccc(O)c(OC)c2)=N1,P41252,9.0969,4.301,=,=,IC50
COc1ccccc1-c1nc(SC(C(N)=O)c2nc(-c3cccc([N+](=O)[O-])c3)cs2)[nH]c(=O)c1C#N,NCCc1ccc(O)c(C2CCCCC2)c1,P56817,5.8447,3.6576,=,=,Kd
C[C@](O)(CNC(=O)c1nc(-c2ccc(F)cc2)c(C(F)(F)F)cc1N)C(F)(F)F,Cc1ccc(C(=O)c2cnc(NC(=O)C3(c4ccc5c(c4)OCO5)CC3)s2)cc1,P13569,7.3979,5.5901,=,=,EC50
CN(C)C(=O)[C@H](CCCCNC(=N)N)NC(=O)c1csc([C@@H]2C[C@@H](N)CN2C(=O)c2cn3cc(Cl)ccc3n2)n1,O=C(NCc1ncn2ccc(Cl)c(F)c12)c1cnn(Cc2cn3ncccc3n2)c1,P03952,6.2596,7.2596,=,=,EC50
COc1ccc(CC[C@@H](OC(=O)[C@@H]2CCCCN2S(=O)(=O)c2cc3c(c([N+](=O)[O-])c2)OCC3)c2cccc(OCC(=O)O)c2)cc1OC,COc1ccc(CC[C@@H](OC(=O)[C@@H]2CCCCN2C(=O)C(=O)[C@@]2(O)CCCC[C@@H]2C)c2cccc(OCC(=O)O)c2)cc1OC,Q02790,4.3575,5.5406,=,=,IC50
Cc1cc(-c2cnn3cc(-c4ccc(N5CCNCC5)nc4)cnc23)c2ccccc2n1,c1ccc2c(-c3cnn4cc(-c5ccc(N6CCNCC6)nc5)cnc34)ccnc2c1,P36894,7.2076,6.4496,=,=,IC50
NC(C(=O)O)c1cc(O)cc(O)c1Cl,N[C@@H](C(=O)O)[C@@H]1[C@H](C(=O)O)[C@@H]1c1ccccc1,Q13255,3.1249,4.3565,=,=,Ki
O=C(NCC1CCC1)N1CCC(c2nc(-c3ccc4ccccc4n3)no2)CC1,O=C(NCC1(N2CCOCC2)CCCCCC1)N1CCC(c2nc(-c3ccc4ccccc4n3)no2)CC1,Q99835,6.1249,6.4693,=,=,IC50
COc1cccnc1CNC(=O)c1csc(CCNCc2nc3ccccc3[nH]2)n1,O=C(NCc1ncc(F)cc1Cl)c1csc(CCNCc2nc3ccccc3[nH]2)n1,Q9NP59,5.8601,5.7328,=,=,EC50
CCCCCCCCCCCCCCOC(COCCCCc1ccccc1)COc1ccc(-c2noc(=O)[nH]2)cc1,CCc1c(C(=O)C(N)=O)c2c(OCC(=O)O)cccn2c1Cc1ccc2ccccc2c1,P04054,4.8239,7.9531,=,=,IC50
O=c1c2c(Cl)cccc2nc([C@@H](Nc2ncnc3nc[nH]c23)C2CCC2)n1-c1ccccc1,COc1ccc(-c2ccc3ncnc(O[C@H]4CCN(C(=O)OC(C)(C)C)C4)c3c2)cc1OC,P42338,6.3279,5.9188,=,=,IC50
O=C(O)c1cc(NC(=O)c2cccc(Oc3ccccc3)c2)cc(-c2cccc(OCC3CC3)c2)c1,Cc1ccc(C(=O)Nc2cc(C(=O)O)cc(-c3ccccc3)c2)cc1,P07148,5.3507,4.0393,=,=,IC50
COc1ccc(Oc2c(Cl)cc(NC(=O)Cc3ccccc3)cc2Cl)cc1C(C)C,CCc1cc(S(=O)(=O)[C@@]2(c3ccc(C(F)(C(F)(F)F)C(F)(F)F)cc3)CCN(C(=O)[C@H]3CC[C@H](C(=O)O)CC3)C2)ccc1F,P51449,6.6737,7.2676,=,=,EC50
COC(=O)CC1SC([C@H](C)O)OC1n1c(=O)sc2c(=O)[nH]c(N)nc21,COCCc1nc2c(N)nc3ccccc3c2n1CCCN(Cc1cccc(CC(=O)OC)c1)C(=O)CN1CCN(C)CC1,Q9NYK1,4.6576,6.3,=,=,EC50
CN(C(=O)/C=C/c1ccco1)[C@@H]1CC[C@@]2(O)[C@H]3Cc4ccc(O)c5c4[C@@]2(CCN3CC2CC2)[C@H]1O5.Cl,Cl.O=C(CCc1ccco1)N[C@@H]1CC[C@@]2(O)[C@H]3Cc4cccc5c4[C@@]2(CCN3CC2CC2)[C@H]1O5,P41143,8.1007,6.097,=,=,Kd
CCN1CCN(CCCn2cnc3c(N4CCN(CC)CC4)nc(NCc4ccc(F)cc4)nc32)CC1,CCc1c(-c2ccnc(OC)c2)[nH]c2ccc(C3CCN(C4C[C@H]5CC[C@@H](C4)N5C)CC3)cc12,Q9NR96,6.3279,5.7959,=,=,IC50
Brc1cccc(CN2CCC(N3CCCC3)CC2)c1,CC(CCN(C)C)OC(=O)c1ccc(C(C)c2ccccc2)o1,Q05BQ5,4.7305,4.1805,=,=,IC50
CC(=O)[C@]1(O)CC[C@@]2(O)[C@]1(C)[C@H](OC(=O)/C=C(\C)C(C)C)C[C@@H]1[C@@]3(C)CC[C@H](Cl)CC3=CC[C@]12O,CC[C@@H]1[C@@H](c2cc(OC)c(OC)c(OC)c2)[C@H]2c3c(c4ccccc4[nH]c3=O)OC(C)(C)[C@@H]12,O00206,4.9208,6.1024,=,=,EC50
CC(C)[C@H](NC(=O)[C@H](CCC(=O)O)NC(=O)[C@@H](N)CC(=O)O)C(=O)N[C@H](C(=O)N1CCC[C@@H]1C(=O)N[C@@H](CCCCc1ccccc1)B1O[C@@H]2C[C@@H]3C[C@@H](C3(C)C)[C@]2(C)O1)C(C)C,CO[C@H]1C(=O)N2C(C(=O)OC(C)(C)C)=C(COC(C)=O)CS(=O)(=O)C12,P08246,6.3979,5.8761,=,=,IC50
O=C1C=C(c2cccnc2)C(=O)c2c(CCNS(=O)(=O)c3ccccc3)c[nH]c21,Clc1ccc(CCn2ccnc2)c(Cl)c1,P14902,5.4547,3.0862,=,=,IC50
CCCCCCNC(=O)N1CCN(C(=O)[C@H](Cc2cccc(C(=N)N)c2)NS(=O)(=O)c2ccc3ccccc3c2)CC1,CC1CN(Cc2cccc(C(=N)N)c2)C(=O)N(C2CCN(Cc3ccccc3)CC2)C1,P05981,5.9208,4.821,=,=,Ki
O=C(NCCN1CCOCC1)c1cnc2c(SSc3cccc4cc(C(=O)NCCN5CCOCC5)cnc34)cccc2c1,Sc1ccnc2cccnc12,O00487,5.1938,4.8239,=,=,IC50
CS(=O)(=O)N(CCO)c1ccc(Nc2ncc3cnn(C4CCCCCC4)c3n2)cn1,Cc1cc2[nH]nc(/C=C/c3ccccc3)c2cc1NC(=O)Cc1ccccc1,O14965,6.9586,7.7212,=,=,IC50
CC(C)COc1cc(Cl)ccc1COc1ccnn1-c1cc(C(=O)O)ccn1,O=C(O)c1ccnc(-c2cn(Cc3ccc(F)cc3)cn2)c1,O75164,5.2596,6.6298,=,=,IC50
CCc1nn2c(C)cc(C)nc2c1Cc1ccc(-n2cc(CN3CCNCC3)nn2)cc1,CCc1nn2c(C)cc(C)nc2c1Cc1ccc(/C=C/CN2CCN(C(=O)[C@H]3NCC[C@H]3O)CC2)cc1,P46093,7.4202,7.4559,=,=,IC50
N#Cc1ccc2[nH]cc(CCCCN3CCN(c4ccc(C(=O)CCC5CCN(Cc6ccc(F)cc6)CC5)cc4)CC3)c2c1,O=C1CCc2cc(CCN3CCN(c4cccc5sc(F)cc45)CC3)ccc2N1,P08908,6.7912,8.9031,=,=,EC50
O=C(NO)c1ccc(NC(=O)C2(c3ccc4ccccc4c3)CCOCC2)cc1,O=C(NO)c1ccc(NC(=O)C2(c3ccc(Br)cc3)CCOCC2)cc1,Q13547,6.699,6.2218,=,=,EC50
O=C(O)c1cc(F)cc(COc2ccc(OC(F)(F)F)cc2Cl)c1,COc1c(COc2ccc(Cl)cc2Cl)cccc1C(=O)O,Q96LA9,7.0,6.0,=,=,IC50
CCCc1c(C(=O)Nc2cc(S(=O)(=O)N(C)C)ccc2C)cnn1-c1ccccc1,O=C(O)Cc1cccc(-n2nc(C3CC3)cc2NC(=O)Nc2nc(CCOCc3ccccc3)cs2)c1,Q16539,4.8125,4.8327,=,=,Kd
Cc1cc(-c2[nH]c3ccc(C4CCN(C(=O)CN5CCC[C@H]5CO)CC4)cc3c2C(C)C)cc(C)n1,Cc1c(-c2[nH]c3ccc(C4CCC(N5CCCC5)CC4)nc3c2C(C)C)cn2ncnc2c1C,Q9NR97,8.0088,8.2696,=,=,IC50
CC(=O)/N=c1/[nH]c(C)c(-c2ccc(Cl)c(S(=O)(=O)NCCO)c2)s1,CC(C)(NC(=O)Cc1csc(NC(=O)CSc2nc3nccnc3c(=O)n2CCc2ccccc2)n1)c1ccccc1,O00443,4.7959,7.1072,=,=,IC50
O=C(O)[C@H](Cc1csc2ccccc12)N1C(=O)c2ccccc2C1=O,COc1cc2c3c(c(-c4ccc(C)o4)nc2cc1OCCCN1CCCC1)CCC(CC1CCN(C)CC1)N3,P26358,3.6383,6.5229,=,=,IC50
NCCN(CCNC(=O)CCC(=O)NCCOCCOCCNC(=O)/N=C(/N)NCCC[C@@H](NC(=O)C(c1ccccc1)c1ccccc1)C(=O)NCc1ccc(O)cc1)CCNC(=O)CCC(=O)NCCOCCOCCNC(=O)/N=C(/N)NCCC[C@@H](NC(=O)C(c1ccccc1)c1ccccc1)C(=O)NCc1ccc(O)cc1.O=C(O)C(F)(F)F,c1ccc2sc(NCCc3ccc(NC4=NCCS4)cc3)nc2c1,P25929,8.9586,7.2328,=,=,Kb
O=C(/C=C/c1cccc(O)c1)Nc1ccccc1Cl,O=P([O-])(O)C(Sc1ccc(Cl)cc1)P(=O)([O-])O.[Na+].[Na+],P03956,5.4873,4.301,=,=,IC50
CC(C)n1nc(-c2cc3cc(O)ccc3[nH]2)c2c(N)ncnc21,CCOC(=O)c1noc2c1C[C@@]1(C)[C@@H](CC[C@]3(C)[C@@H]1CC=C1[C@@H]4CC(C)(C)CC[C@]4(C(=O)OCc4ccccc4)CC[C@]13C)[C@]2(C)COC(=O)CCC(=O)N1CCOCC1,O43318,5.7959,4.6596,=,=,Kd
O=C(N[C@@H](Cc1ccccc1)P(=O)(O)CC(Cc1cc(-c2ccccc2)no1)C(=O)N[C@@H](Cc1c[nH]c2ccccc12)C(=O)O)OCc1ccccc1,O=C(O)[C@@H]1CS[C@H](c2ccccc2O)N1C(=O)CCS,P12821,7.7959,8.6576,=,=,Ki
O=C(O)CSc1nnc(Br)n1-c1ccc(C2CC2)c2ccccc12,N#Cc1ccc(Oc2ccc(S(=O)(=O)Nc3ccc(F)cn3)cc2C#N)cc1Cl,Q9NSA0,5.4318,4.8539,=,=,IC50
CNCCNC(=O)c1cc(C(C)Nc2cccc(F)c2)c2nc(N3CCOCC3)cnc2c1,Cc1nc2c(C(=O)O)cc(N3CCOCC3)nn2c1Nc1cccc(C(F)(F)F)c1C,O00329,7.1675,7.2366,=,=,Kd
COCCC(=O)N1CCN(C(=O)n2sc3c(ccc[n+]3[O-])c2=O)CC1,O=C(c1cn(Cc2ccc([N+](=O)[O-])cc2)nn1)c1cn(Cc2ccc(C(F)(F)F)cc2)nn1,P21980,6.1249,4.5867,=,=,IC50
CN1C(=O)[C@@H](N2CCc3cn(CC4CCS(=O)(=O)CC4)nc3C2=O)COc2ccccc21,COCCNc1ccn(-c2ccccc2)c(=O)c1C(=O)Nc1ccc(Oc2ccnc3cc(OC)ccc23)cn1,Q14289,6.0,6.9208,=,=,IC50
CCC(C(=O)N[C@@H](CC(=O)O)C(=O)CNCCCc1ccccc1)n1cccc(NC(=O)c2ccc3ccccc3c2)c1=O,CC(C)[C@H](NC(=O)OCc1ccccc1)C(=O)N[C@@H](C)C(=O)N[C@@H](CC(=O)O)C(=O)COc1cc2ccccc2cc1C(N)=O,P29466,8.9393,5.7696,=,=,Ki
CC[C@]1(O)C[C@H]2CN(CCc3c([nH]c4ccccc34)[C@@](C(=O)OC)(c3cc4c(cc3OC)N(C=O)[C@H]3[C@@](O)(C(=O)OC)[C@H](OC(C)=O)[C@]5(CC)C=CCN6CC[C@]43[C@@H]65)C2)C1,CCN(CC)CCCn1c(=O)/c(=C/c2ccc3c(c2)OCO3)s/c1=C1\C(=O)Nc2ccc(C)cc21,P08183,3.6716,6.0269,=,=,Ki
C[C@H](C(=O)NCc1ccccc1)N1C(=O)CCC1=O,COc1ccc2[nH]c(=O)c([C@@H](c3nnnn3CCc3ccccc3)N3CCN(C4CCCCC4)CC3)cc2c1,P43004,7.7803,10.3872,=,=,EC50
CC[C@H](C)C(=O)O[C@H]1C[C@H](O)C=C2C=C[C@H](C)[C@H](CC[C@@H](O)C[C@@H](O)CC(=O)O)[C@H]21,C[C@@H]1O[C@@H](OC[C@H]2O[C@@H](Oc3c(-c4ccc(O)c(O)c4)oc4cc(O)cc(O)c4c3=O)[C@H](O)[C@@H](O)[C@@H]2O)[C@H](O)[C@H](O)[C@H]1O,O94956,3.7212,3.8618,=,=,IC50
C[C@@H](C[C@@H](CS(=O)(=O)N1CCN(c2ccc(F)cc2)CC1)N(O)C=O)c1ncc(F)cn1,C[C@@H](C[C@@](C)(CS(=O)(=O)N1CCC(CCc2ccc(Cl)cc2Cl)CC1)N(O)C=O)c1ncc(F)cn1,O75173,8.8539,8.9586,=,=,IC50
CCOc1ccc(/C=C2\SC(=S)N(CCN)C2=O)cc1,CN(c1ncccc1CNc1nc(Nc2ccc3c(c2)CC(=O)N3)ncc1C(F)(F)F)S(C)(=O)=O,P28482,5.1938,5.9076,=,=,Kd
CCCn1c(=O)c2[nH]c(-c3ccc(OCC(=O)NCCN)cc3)nc2n(CCC)c1=O,CCCn1c(=O)c2nc(C3CCCCC3)[nH]c2n(CCCCCc2ccc(S(=O)(=O)F)cc2)c1=O,P30542,8.8014,9.0915,=,=,Kd
CN(CCc1ccccc1)Cc1ccc2c(N)nccc2c1,O=C(Cc1ccc(-c2n[nH]c(=O)c3ccccc23)c(F)c1)N1Cc2ccccc2C1,Q13464,6.37,6.2596,=,=,IC50
Cc1noc(-c2ccc(-c3ccc(C4(C(=O)O)CC4)cc3)cc2)c1NC(=O)O[C@H](C)c1ccccc1,C=CC1=C(C)/C(=C/c2[nH]c(Cc3[nH]c(/C=C4\NC(=O)C(C)=C4C=C)c(C)c3CCC(=O)O[C@@H]3O[C@@H](C(=O)O)[C@H](O)[C@@H](O)[C@@H]3O)c(CCC(=O)O[C@@H]3O[C@H](C(=O)O)[C@H](O)[C@H](O)[C@@H]3O)c2C)NC1=O,Q92887,4.3,6.3979,=,=,IC50
CN1CC2C(CC[C@@]3(C)C2CC[C@@H]3C(=O)NC23CC4CC(CC(C4)C2)C3)[C@@]2(C)CCC(=O)C(Br)=C12,CC(C)N(C(=O)[C@H]1CCC2C3CC[C@H]4NC(=O)CC[C@]4(C)C3CC[C@@]21C)C(C)C,P31213,8.7696,7.3872,=,=,IC50
COc1ccccc1C(=O)Nc1cc2cc(C)c(=O)n(C)c2cc1N1CCCC1,COc1cc(C#N)ccc1S(=O)(=O)Nc1cc(F)c2c(c1)cc(C)c(=O)n2C,O95696,5.585,6.2924,=,=,IC50
COc1ccc(Nc2ncc(-c3cnn(C)c3)cc2-c2nc(C)nc(N)n2)cn1,CC[C@H](Nc1ccc2c(c1)OCCn1cc(N3C(=O)OC[C@H]3C(F)F)nc1-2)C(N)=O,O00329,8.2218,7.6911,=,=,Ki
N#Cc1cnn2c(NC3CC3)cc(Nc3cccc(-c4ncns4)c3)nc12,CCNc1nc(Nc2cc(C#N)cc(N3CC[C@@H]4[C@@H](C3)OCCN4C3COC3)c2Cl)nn2c(C#N)cnc12,P19784,7.3,9.284,=,=,IC50
CC(=O)N1CCN(c2nc(-c3cccc4[nH]cc(C)c34)nc3c2CN(c2cc(C4(C)COC4)ccc2C)CC3)[C@H](C)C1,CO[C@@H]1CCN(c2nc(-c3c(C)ccc4[nH]nc(C)c34)nc3c2CN(c2c(Cl)c(C(F)(F)F)nn2C)CC3)CC1(C)C,P21730,7.699,8.2218,=,=,IC50
CCCCC#Cc1nc2c(N)nc(-c3ccco3)nc2[nH]1,CCCCC#Cc1nc(N)c2nc(-c3ccco3)[nH]c2n1,P29274,8.0,7.8386,=,=,Kb
O=C(O)c1cnn(-c2ncc(OCc3ccccc3)cn2)c1,O=C(O)c1cnn(-c2ncc(OCc3ccccc3)cn2)c1Cl,Q13686,7.041,5.0054,=,=,IC50
O=C(O)CCNC/C=C/c1ccc(OCCCc2ccccc2)cc1,CC(C)/N=C1\S/C(=C\c2ccc(CCCO)cc2)C(=O)N1c1ccccc1,Q99500,5.4815,7.2676,=,=,EC50
CN(c1ncccc1CNc1nc(Nc2ccc3c(c2)CC(=O)N3)ncc1C(F)(F)F)S(C)(=O)=O,CNC(=O)c1nn(C)c2c1C(C)(C)Cc1cnc(Nc3ccc(N4CCN(C)CC4)cc3)nc1-2,Q9NWZ3,5.5698,4.583,=,=,Kd
COc1cc(F)c(-c2c(C)nn3c(C(F)(F)F)cc(C)nc23)c(F)c1,N[C@@H](CCP(=O)(O)C(O)c1cccnc1)C(=O)O,O00222,5.5376,4.4437,=,=,EC50
c1ccc(CNc2nc(Nc3cc(C4CC4)[nH]n3)c3sccc3n2)cc1,Nc1ncnc2c1sc1ncccc12,P49759,7.1844,6.1675,=,=,IC50
CC(C)C[C@H](NC(=O)[C@H](CC(C)C)NC(=O)[C@H](Cc1c[nH]c2ccccc12)NC(=O)[C@H](CCC(N)=O)NC(=O)[C@@H](NC(=O)[C@H](Cc1ccccc1)NC(=O)[C@H](CC(C)C)NC(=O)[C@H](CSCC(=O)NCCCC[C@H](NC(=O)COCCOCCNC(=O)COCCOCCNC(=O)CC[C@H](NC(=O)CCCCCCCCCCCCCCCCCCC(=O)O)C(=O)O)C(=O)O)NC(=O)[C@H](C)NC(=O)[C@H](C)NC(=O)[C@H](CCC(N)=O)NC(=O)[C@H](CCCCN)NC(=O)[C@H](CCC(=O)O)NC(=O)[C@H](CC(C)C)NC(=O)[C@H](Cc1ccc(O)cc1)NC(=O)[C@H](Cc1ccc(O)cc1)NC(=O)[C@H](CO)NC(=O)[C@H](Cc1ccc(O)cc1)NC(=O)[C@H](CC(=O)O)NC(=O)[C@H](CO)NC(=O)[C@@H](NC(=O)[C@H](Cc1ccccc1)NC(=O)[C@@H](NC(=O)CNC(=O)[C@H](CCC(=O)O)NC(=O)C(C)(C)NC(=O)[C@@H](N)Cc1ccc(O)cc1)[C@@H](C)O)[C@@H](C)O)C(C)C)C(=O)N[C@@H](C)C(=O)NCC(=O)NCC(=O)N1CCC[C@H]1C(=O)N[C@@H](CO)C(=O)N[C@@H](CO)C(=O)NCC(=O)N[C@@H](C)C(=O)N1CCC[C@H]1C(=O)N1CCC[C@H]1C(=O)N1CCC[C@H]1C(=O)N[C@@H](CO)C(N)=O,CC(C)C[C@H](NC(=O)[C@H](CC(C)C)NC(=O)[C@H](Cc1c[nH]c2ccccc12)NC(=O)[C@H](CCC(N)=O)NC(=O)[C@@H](NC(=O)[C@H](Cc1ccccc1)NC(=O)[C@H](CC(C)C)NC(=O)[C@H](CCCCN)NC(=O)[C@H](C)NC(=O)[C@H](C)NC(=O)[C@H](CCC(N)=O)NC(=O)[C@H](CSCC(=O)NCCCC[C@@H](NC(=O)CC[C@@H](NC(=O)CC[C@H](NC(=O)COCCOCCNC(=O)CCCCCCCCCCCCCCCCC(=O)O)C(=O)O)C(=O)O)C(=O)O)NC(=O)[C@H](CCC(=O)O)NC(=O)[C@H](CC(C)C)NC(=O)[C@H](Cc1ccc(O)cc1)NC(=O)[C@H](Cc1ccc(O)cc1)NC(=O)[C@H](CO)NC(=O)[C@H](Cc1ccc(O)cc1)NC(=O)[C@H](CC(=O)O)NC(=O)[C@H](CO)NC(=O)[C@@H](NC(=O)[C@H](Cc1ccccc1)NC(=O)[C@@H](NC(=O)CNC(=O)[C@H](CCC(=O)O)NC(=O)C(C)(C)NC(=O)[C@@H](N)Cc1ccc(O)cc1)[C@@H](C)O)[C@@H](C)O)C(C)C)C(=O)N[C@@H](C)C(=O)NCC(=O)NCC(=O)N1CCC[C@H]1C(=O)N[C@@H](CO)C(=O)N[C@@H](CO)C(=O)NCC(=O)N[C@@H](C)C(=O)N1CCC[C@H]1C(=O)N1CCC[C@H]1C(=O)N1CCC[C@H]1C(=O)N[C@@H](CO)C(N)=O,P48546,8.8827,9.9586,=,=,EC50
Cc1nc(C)c(-c2ccc(-c3ccc(CC(=O)O)cc3F)cc2)nc1C(N)=O,Cc1cccc([C@@H]2OC[C@@]3(C)[C@@H]4C[C@H](OC(=O)c5ccc(C#N)cc5)[C@@]5(C)Oc6cc(-c7cccnc7)oc(=O)c6[C@H](O)[C@@H]5[C@@]4(C)CC[C@@H]3O2)c1,P35610,5.4,5.4283,=,=,IC50
CC(C)[C@H](C(=O)NO)N(CC(=O)O)S(=O)(=O)c1ccc(-c2ccccc2)cc1,COc1ccc(C2=NN(c3ccc(S(N)(=O)=O)cc3)C(c3ccc4ccccc4c3)C2)cc1,P14780,7.5575,4.7222,=,=,IC50
C[C@@H](c1ncncc1F)[C@](O)(Cn1cncn1)c1ccc(F)cc1F,Cc1cnc(-c2ccncc2N2CCC(C(=O)N3CC(F)C3)CC2)s1,Q9Y6A2,7.4927,8.3098,=,=,IC50
Cc1cn[nH]c1-c1cc(N2CCOC[C@H]2C)nc2c(-c3ccnn3C3CCCCO3)nccc12,C[C@@H]1COCCN1c1cc(C2(S(C)(=O)=O)CC2)nc(-n2c(N)nc3c(F)cccc32)n1,Q13535,7.3152,7.443,=,=,IC50
CC(=O)NCCCC[C@H](NC(=O)CNC(=O)CNC(=O)[C@H](CCCCNC(C)=O)NC(=O)CNC(=O)[C@H](CCCNC(=N)N)NC(=O)CNC(=O)[C@@H](N)CO)C(=O)NCC(=O)N[C@@H](CC(C)C)C(=O)NCC(=O)N[C@@H](CCCCN)C(=O)NCC(=O)NCC(=O)N[C@@H](C)C(=O)N[C@@H](CCCCN)C(=O)N[C@@H](CCCNC(=N)N)C(=O)N[C@@H](Cc1cnc[nH]1)C(=O)N[C@@H](CCCNC(=N)N)C(=O)N[C@@H](CCCCN)C(=O)N[C@H](C(=O)N[C@@H](CC(C)C)C(=O)N[C@@H](CCCNC(=N)N)C(=O)N[C@@H](CC(=O)O)C(=O)O)C(C)C,CC(=O)NCCCC[C@H](NC(=O)CNC(=O)[C@H](CC(C)C)NC(=O)CNC(=O)[C@H](CCCCN)NC(=O)CNC(=O)CNC(=O)[C@H](CCCCN)NC(=O)CNC(=O)[C@H](CCCNC(=N)N)NC(=O)CNC(=O)[C@@H](N)CO)C(=O)NCC(=O)NCC(=O)N[C@@H](C)C(=O)N[C@@H](CCCCN)C(=O)N[C@@H](CCCNC(=N)N)C(=O)N[C@@H](Cc1cnc[nH]1)C(=O)N[C@@H](CCCNC(=N)N)C(=O)N[C@@H](CCCCN)C(=O)N[C@H](C(=O)N[C@@H](CC(C)C)C(=O)N[C@@H](CCCNC(=N)N)C(=O)N[C@@H](CC(=O)O)C(=O)O)C(C)C,Q6PL18,3.5627,4.1831,=,=,Kd
CC(C)[C@H](NC(=O)C1CN(C)C1)c1cc(Cl)ccc1N1CCN(C(=O)[C@H](C)Cc2ccc(Cl)cc2)CC1,CC(=O)N[C@@H](Cc1ccc(O)cc1)C(=O)N[C@H](Cc1ccccc1)C(=O)N1C[C@@H](OCc2ccc3ccccc3c2)C[C@H]1CCCN=C(N)N,Q01726,5.0862,5.6101,=,=,Ki
N#Cc1ccc(N(Cc2ccc(Br)cc2)n2cnnc2)cc1-c1ccc(OS(N)(=O)=O)cc1,C[C@]12CC[C@@H]3c4ccc(O)c(Br)c4CC[C@H]3[C@@H]1CCC2=O,P08842,5.5376,5.3188,=,=,IC50
COc1ccc(F)cc1-c1ccnc2[nH]c(C3=C[C@H](C)N(S(C)(=O)=O)CC3)cc12,COc1ccc(CNC(=O)Cn2cc(COc3ccc4c(C)cc(=O)oc4c3C)nn2)cc1,P50750,7.0706,6.4202,=,=,IC50
O=C1NC(=O)/C(=C/c2ccc(C(=O)Nc3nnc(SCc4cc(C(F)(F)F)cc(C(F)(F)F)c4)s3)cc2)S1,C=CC(C)(C)c1cc(/C=C/C(=O)c2ccc(OC)cc2)c(OC)cc1O,P18031,5.762,4.9318,=,=,IC50
CCCS(=O)(=O)Nc1ccc2nc(-c3ccc(Cl)cc3)c(CN3CCN(C(C)=O)CC3)n2c1,COc1ccccc1N1CCN(c2ncnc3c2cnn3-c2ccncc2)CC1,P11168,5.0,5.3565,=,=,IC50
COc1cc2c(cc1OC)C(c1ccccc1)N(CCCNC(=O)/C(=N/O)C(C)=O)CC2,COc1cc(O)c(-c2cc(=O)c3c(O)cc(O)cc3o2)cc1C/C=C(\C)CCC=C(C)C,P22303,2.7153,5.5086,=,=,Ki
CN(c1cncc(N2C(=O)c3ccc(Cl)cc3C2(C)C)c1)C1CCN(S(=O)(=O)C2CC2)C1,Cn1cc(C(=O)N2CCC3(CC2)CN(c2cncc(N4C(=O)c5ccc(Cl)cc5C4(C)C)c2)C3)cn1,P15538,7.064,7.7258,=,=,EC50
CCN1CCC(Nc2ccc3c(c2)C(=C(c2ccc(Cl)cc2)c2ncc[nH]2)C(=O)N3)CC1,CCC(C(N)=O)c1ccccc1CCc1nc(Nc2ccc(C3CCNCC3)cc2)ncc1C(F)(F)F,P35916,8.4949,6.9015,=,=,IC50
COc1cccc(C(=O)N2CCN(Cc3c(-c4ccc(C(C)C)cc4)nc4ccccn34)CC2)n1,O=C(OCCF)N1CC2CN(Cc3c(-c4ccc(Br)cc4)nc4ccccn34)CC2C1,Q9NPC2,6.9749,5.7447,=,=,IC50
CC(C)C[C@H](NC(=O)CN)C(=O)O,N[C@@H](Cc1c[nH]c2ccccc12)C(=O)NCC(=O)O,P46059,4.1549,3.1367,=,=,IC50
CCCCCCCC/C=C\CCCCCCCC(=O)O,Cc1cc(F)c(Br)cc1NS(=O)(=O)c1ccc(NS(=O)(=O)c2cc(Cl)cc(Cl)c2)cc1CN1CCOC[C@H]1C,Q8N6T7,4.0458,5.2599,=,=,EC50
CN(C)CCOc1ccc(-c2cc3c(NCCc4ccc(NC(=O)Nc5ccccc5)cc4)ncnc3o2)cc1,CCc1[nH]cc2c1NC1=C(C(=O)CCC1)[C@@H]2c1cccc(Oc2nc3ccccc3[nH]2)c1,O14965,7.6198,6.0458,=,=,IC50
CCC(C)[C@H](N)C(=O)NS(=O)(=O)OC[C@H]1O[C@@H](c2nc(-c3ccccc3OC)cs2)[C@H](O)[C@@H]1O,C/C(=C\C(=O)OCCCCCCCCC(=O)O)C[C@@H]1OC[C@H](C[C@@H]2O[C@H]2[C@@H](C)[C@H](C)O)[C@@H](O)[C@H]1O,P41252,7.2614,9.0969,=,=,IC50
CN1C(=S)N(C2CCCCC2)C(=O)/C1=C\c1ccc(N(C)CCO)cc1O,CCN(CC)c1ccc(/C=C2\C(=O)N(C3CCCCC3)C(=S)N2C)cc1,Q9NPH5,5.8416,5.1972,=,=,IC50
O=C(Nc1nc(-c2ccc(F)c(F)c2F)cs1)[C@@H]1[C@H](C(=O)O)[C@@H]2C=C[C@H]1C2,O=C(Nc1nc(-c2ccc(Cl)cc2)cs1)[C@@H]1[C@H](C(=O)O)[C@@H]2C=C[C@H]1C2,O14874,5.1135,4.699,=,=,IC50
O=C(O)c1ccccc1Nc1c(Cl)ccc(-c2ccccc2)c1Cl,CCOc1c(F)c(F)c(COc2ccc(Cl)c(Nc3ccccc3CC(=O)O)c2Cl)c(F)c1F,P51788,4.8996,4.1183,=,=,IC50
O=C(/C=C/c1ccccc1)C(=O)NCCc1ccccc1,COc1ccc(CCNC(=O)C(=O)CCCc2ccccc2)cc1,Q9UL19,5.0,5.8,=,=,IC50
CCOP(=O)(O)c1cc(CC(NC(C)=O)C(=O)N[C@@H](C)c2ccc(OCC3CCCCC3)c(C(N)=O)c2)ccc1OCC(=O)O,Cc1cccc(C)c1-c1cc(C)c2nc(Nc3ccc(OCCN4CCN(C)CC4)cc3)nnc2c1,P07947,3.8069,8.1135,=,=,IC50
CCCOCCn1c(=O)c(NC[C@@H](C)O)nc2cnc(-c3ccc(OC)nc3)cc21,CCCOCCn1c(=O)c(NCC2CCCO2)nc2cnc(-c3ccc(OC)nc3)cc21,P16499,7.821,8.0655,=,=,IC50
CC(C)(C)C1CCc2c(sc(NC(=S)NC(=O)c3ccccc3)c2C(N)=O)C1,O=C(Nc1ccccc1)c1c(NC(=O)C(F)(F)I)sc2c1CCCCC2,Q5XXA6,5.51,6.6383,=,=,IC50
CC(C)(C)OC(=O)N[C@@H]1CCN(C(c2cc3c(cc2O)OCO3)c2ccc(F)cc2Cl)C1,CC(C)(C)OC(=O)N[C@@H]1CCN(C(c2ccc(-n3cncn3)cc2)c2cc3c(cc2O)OCO3)C1,Q6B0I6,6.9318,7.2518,=,=,IC50
COc1ccc(Cl)cc1S(=O)(=O)N1CCOc2c(F)cc(C(=O)Nc3ccc(C(=O)O)cc3)cc21,O=C([C@H]1CCCCN1C(=O)COc1ccccc1)N1CCN(c2cc(Cl)cc(Cl)c2)CC1,P50416,7.1107,6.7031,=,=,IC50
CN1C(=O)[C@@H](N2CCc3cn(CC4CCS(=O)(=O)CC4)nc3C2=O)COc2ccccc21,COc1cc(N2CCC(N3CCN(C)CC3)CC2)ccc1Nc1ncc(Cl)c(Nc2ccccc2P(C)(C)=O)n1,P14616,6.0,7.3468,=,=,IC50
CN(C)CCCn1c2ccc(O)cc2c2c3c(c4c5cc(O)ccc5[nH]c4c21)C(=O)NC3,CS(=O)(=O)O.O=C(NCc1cccc(O)c1)Nc1nc(-c2ccncc2)cs1,Q15746,6.5086,7.806,=,=,IC50
C[C@@H](NC(=O)c1cccnc1Oc1ccc(F)cc1)c1cccs1,O=C(c1nc2cccnn2c1-c1ccc2ncoc2c1)N1CCC1,Q08493,5.8608,6.7305,=,=,IC50
CCCCc1ccc([C@H]2C[C@@H](Nc3nc4cc[nH]c4c(=O)n3C)CN(C)C2)cc1,Cn1nc(C(=O)N[C@H]2CC[C@H](C)CC2)c2ccccc2c1=O,Q92831,6.7375,5.1079,=,=,Kd
COc1ccc(CN(CC(=O)N2CCC(F)(CN)CC2)c2ccc(C#N)cc2)cc1F,Cn1ncnc1COc1cc(C(=O)N2CCC[C@@H](N)C2)nn1-c1ccc(C#N)cc1,O60341,6.6383,6.4949,=,=,Kd
Cc1ocnc1C(=O)Nc1cc(C#N)ccc1N1CCC(Oc2ccc(F)cc2F)CC1,COc1ncccc1C(=O)Nc1cc(S(C)(=O)=O)ccc1N1CCC(Oc2ccc(F)cc2F)CC1,P46095,6.1,7.4,=,=,EC50
COCCCC(=O)NCCN1CCC[C@@H]1Cn1nc(Cc2ccc(Cl)cc2)c2ccccc2c1=O.Cl,Cc1nnc(CCCN/C(N)=N/C(=O)NCc2ccccc2)s1.O=C(O)C(F)(F)F,P35367,8.2,8.3468,=,=,Kd
CC(C)CNC(=O)CCn1sc2ccccc2c1=O,C=C1C(=O)O[C@H](CCC)[C@H]1C(=O)O,Q92830,4.4572,4.0,=,=,IC50
CC(C)n1nc(-c2ccccc2)c2ccc(COc3ccc([C@@H](C)CC(=O)O)cc3)cc21,CCCCN(c1nc2ccccc2o1)[C@H](C)c1ccc(-c2cc(C(F)(F)F)ccc2-c2nnn[nH]2)cc1,Q99788,5.24,5.8794,=,=,IC50
Cc1cnc(CNc2ccc3sncc3c2)s1,Clc1cnc(CNc2cc3cnsc3cc2Cl)s1,Q9NZQ8,6.24,7.6099,=,=,EC50
CCCC(=O)N[C@@H](Cc1c[nH]cn1)C(=O)N[C@H](Cc1ccc(OCC)cc1)C(=O)N[C@@H](CCCN=C(N)N)C(=O)N[C@@H](Cc1c[nH]c2ccccc12)C(=O)NCC(N)=O,N=C(N)NCCC[C@@H]1NC(=O)[C@@H](Cc2ccccc2)NC(=O)[C@H](Cc2cnc[nH]2)NC(=O)c2cc([N+](=O)[O-])ccc2SC[C@@H](C(N)=O)NC(=O)[C@H](Cc2c[nH]c3ccccc23)NC1=O,Q01726,7.7959,8.4318,=,=,IC50
CN1CC[C@H](c2c(O)cc(O)c3c(=O)cc(-c4ccccc4Cl)oc23)[C@H](O)C1,Cc1ccc(-n2nc(C(C)(C)C)cc2NC(=O)Nc2ccc(OCCN3CCOCC3)c3ccccc23)cc1,P49336,6.9208,6.6576,=,=,Kd
O=S(=O)(O)c1cccc2cccc(Nc3ccccc3)c12,CNC(=O)c1nn(C)c2c1C(C)(C)Cc1cnc(Nc3ccc(N4CCN(C)CC4)cc3)nc1-2,P24941,4.4318,6.1314,=,=,Kd
N#Cc1cc(Cl)cc2c1OCC(=O)N2Cc1nnc(CCc2ccc(Cl)cc2)n1CCC(F)(F)F,CS[C@H]1O[C@@H](c2ccc(C)c(Cc3ccc(CCCC(=O)NCC(C)(C)C(=O)N4CCN(C)CC4)cc3)c2)[C@H](O)[C@@H](O)[C@@H]1O,P31639,7.2291,8.4685,=,=,IC50
O=C(O)C(=O)Nc1ccccc1C(=O)O,O=C(O)C(=O)Nc1sc2c(c1C(=O)O)CCN(Cc1ccccn1)C2,P17706,4.6383,4.3188,=,=,Ki
Cc1cc2nc(Cn3cc(C(=O)NCc4ncn5ccc(Cl)cc45)cn3)cn2cc1C1CC1,O=C(NCc1ncn2ccc(Cl)c(F)c12)c1cn(Cc2nc3ccccn3n2)nn1,P03952,8.2596,5.9788,=,=,EC50
Cc1nc2c(F)cc(-c3nc(Nc4ccc5c(n4)CCN(C(=O)CN(C)C)C5)ncc3F)cc2n1C1CCC1,Fc1cnc(Nc2ccc3c(n2)CCNC3)nc1-c1cc(F)c2c(c1)N(C1CCCC1)CCO2,Q00534,8.1249,8.0,=,=,IC50
N=C(N)NCCC[C@H](NC(=O)C(c1ccccc1)c1ccccc1)C(=O)NCc1ccc(CNC(N)=O)cc1,Cc1nc(SCc2cc(N3CCOCC3)cc(NCc3ccnc(F)c3)n2)oc1C,P25929,5.8861,8.284,=,=,IC50
C(/C=C/c1sc2c3ccccc3ccc2[n+]1CCCc1ccccc1)=C1/Sc2c(ccc3ccccc23)N1CCCc1ccccc1.[I-],CNCCN1CC[C@@H](NC(=O)c2ccc3c(Nc4ccc(CN)cc4)ncnc3c2)C1,Q9NR22,4.5467,3.1002,=,=,IC50
COc1cccc(Oc2cc(N3CCC(Oc4ncc(F)c(N)n4)CC3)ncn2)c1,CCc1sc(-c2cccc(F)c2)nc1CSc1nc(N)cc(N)n1,P27707,7.6383,7.9586,=,=,IC50
O=S(=O)(Nc1ccc(CCNC[C@H](O)c2cccnc2)cc1)c1ccc(-c2noc(COc3ccc4ccccc4c3)n2)cc1,O=c1[nH]c2c(O)ccc([C@@H](O)CNCCc3cccc(CNCCc4c(Cl)cccc4Cl)c3)c2s1,P08588,5.6021,7.9,=,=,IC50
CCC(=O)c1c[nH]c(C(=O)OC)c1,Cc1ncsc1-c1ccc(CNC(=O)[C@@H]2C[C@@H](O)CN2C(=O)[C@@H](NC(=O)C2(F)CC2)C(C)(C)C)c(OC[C@H]2CC[C@H](COCc3nc(-c4cnn(C)c4)c(-c4ccc(C#N)cc4)n3CCc3cnn(C)c3)CC2)c1,Q9UIF8,4.2676,7.2924,=,=,Kd
CC#CC(=O)NC12CC(NC3=C(Cl)C(=O)c4ncccc4C3=O)(C1)C2,Nc1ncnc2c1ncn2Cc1cc(-c2ccc(F)c(F)c2)ncc1N1CCC[C@](N)(COC2CC2)C1,Q9BZ95,6.1249,9.0,=,=,IC50
Nc1ncnc2c1nc(NCc1ccc(-c3cccnc3)cc1)n2[C@@H]1O[C@H](CO)[C@@H](O)[C@H]1O,OCCCCOc1cc(CNc2nc3ccccc3n2[C@@H]2O[C@H](CO)[C@@H](O)[C@H]2O)ccc1-c1ccccc1,O43868,6.0,7.2076,=,=,IC50
CC(O)(c1ccc(Cl)cc1)c1nc2ccccc2s1,N[C@@H](CCC(=O)Nc1cc(Cl)cc(S(=O)(=O)O)c1O)C(=O)NS(=O)(=O)c1ccccc1,P41180,6.4,5.6383,=,=,EC50
CNC(=O)[C@@H]1CN(Cc2cnc(Oc3ccc(C)cc3F)cn2)CCO1,CCNC(=O)[C@@H]1CN(Cc2cnc(Oc3ccccc3Cl)cn2)CCO1,P28702,6.9101,6.0931,=,=,IC50
CCN[C@H]1C[C@H](C)S(=O)(=O)c2sc(S(N)(=O)=O)cc21,NS(=O)(=O)c1cnc(Sc2ccccc2)c(C(=O)NCCc2ccccc2)c1,P22748,7.3665,7.1938,=,=,IC50
CC(C)Cc1nn(C)c(=O)c2c(SCCCO)n(Cc3ccc(NCCCCCNC(=O)[C@@H](N)CCC(N)=O)nc3)cc12,CC(C)Cc1nn(C)c(=O)c2c(SCCCO)n(Cc3ccc(Br)c4ccccc34)cc12,P53985,7.0,7.9586,=,=,EC50
CN1CCCC(n2nc(Cc3ccc(Cl)cc3)c3ccccc3c2=O)CC1.Cl,CN1CCc2ccccc2Cc2c[nH]c3cccc(c23)CC1,P21728,6.2387,8.3768,=,=,Ki
Cc1ccc2nc(-c3cccnc3)nc(NCc3ccccc3)c2c1.Cl.Cl,CCc1c2nc(-c3cc(S(=O)(=O)N4CCN(CC)CC4)cnc3O[C@H](C)COC)[nH]c(=O)c2nn1CCOC,O76074,6.9788,9.0506,=,=,IC50
O=C1NCCc2cc(-c3cccc(F)c3)ccc21,Cc1c(-c2cncc(C(F)(F)F)c2)ccc2c1CCNC2=O,Q53GL7,5.8519,5.5693,=,=,IC50
Cn1cnc2ncn(Cc3nc([C@H]4C[C@@H](C(F)(F)c5cccc(F)c5)C4)no3)c(=O)c21,C[C@@H](C(=O)Nc1ccnc(-c2cnc(N3CCC[C@H]3C(F)(F)F)nc2)n1)n1cnc2c1c(=O)n(C)c(=O)n2C,O75762,8.1072,7.1938,=,=,IC50
CC[C@@H](C)C1=C2N=C3OC=CC=C[C@]3(OC)C(=O)N2[C@@H](Cc2ccccc2)C(=O)N1,O=C(O)c1cc2c(C#Cc3cccc(Cl)c3)c(-c3ccccc3)oc2cc1O,P43378,4.8539,5.3979,=,=,IC50
COc1ccc(OCC(O)CN2CCN(C(CNC(=O)c3ccc(OC)cc3)c3ccccc3)CC2)cc1,COC(=O)C1=CO[C@@H](C)[C@H]2C[n+]3ccc4c([nH]c5ccccc54)c3C[C@H]12,P10635,5.0969,5.6576,=,=,Ki
CO[C@H](CNC(=O)c1ccc(CN(C(=O)Nc2cc(Cl)cc(Cl)c2)c2ccc(C3=CCCCC3)cc2)cc1)C(=O)O,COc1cc(NC(=O)N(Cc2ccc(C(=O)NC[C@@H](O)C(=O)O)cc2)c2ccc(C3CCCCC3)cc2)cc(C(F)(F)F)c1,P48546,5.52,6.8386,=,=,IC50
CCOc1ccc(-n2nc3c(N4CCCCCC4)nnc(C)c3c2C)cc1,CCOc1ccc(-n2nc3c(N4CCC4)nnc(C)c3c2C)cc1,Q9NY47,5.6714,7.2291,=,=,IC50
CCC(CC)(NC(=O)c1cnn2c1NC(c1ccccc1)CC2(C)C)c1ccc(F)cc1,C=CCNc1ccc2c(c1)c(-c1ccc(C(C)C)cc1)nc(=O)n2C(C)C,P41180,8.1367,7.1549,=,=,IC50
CCn1nc(C#Cc2cc(C(=O)Nc3ccc(CN4CCN(C)CC4)c(C(F)(F)F)c3)ccc2C)c2c(N)ncnc21,COc1cc(-c2nn(CCN3CCC(N(C)C)CC3)c3ncnc(N)c23)ccc1NC(=O)CC(C)(C)C,P07947,9.0969,7.2596,=,=,IC50
COc1ccc(Nc2c(-c3nc[nH]c3C)nc3ccc(Br)cn23)cc1,Cc1sc2c(c1C)C(c1ccc(Cl)cc1)=N[C@@H](CC(=O)NCCCCCCCCNC(=O)COc1cccc3c1C(=O)N(C1CCC(=O)NC1=O)C3=O)c1nnc(C)n1-2,Q9UPN9,7.8626,5.3288,=,=,IC50
O=C(NO)c1ccc(NC2CCN(c3ccc(Cl)cc3)C2)cc1,O=C(NO)c1ccc2c(c1)CC(Nc1nccc(-c3ccccc3)n1)CC2,Q9UBN7,5.3665,5.8827,=,=,EC50
Clc1ccc(Nc2nccc(-c3ccc4c(c3)OCO4)n2)cc1,COc1ncc2cc(C(=O)Nc3cc(C(=O)Nc4ccccc4)ccc3Cl)c(=O)[nH]c2n1,Q13627,6.4239,6.1079,=,=,IC50
[2H]C1([2H])C([2H])([2H])C([2H])([2H])C([2H])(Sc2nnc(COc3ccc(-c4ccc(S(C)(=O)=O)cc4)c(C)c3)n2-c2cccnc2)C1([2H])[2H],CCC(=O)NCC#Cc1ccc(OCc2nnc(SC3C=CCCC3)n2-c2cccnc2)cc1C,P55072,5.6021,5.7212,=,=,EC50
CSCC[C@H](NC(=O)[C@@H](CC1CCC1)NC(=O)[C@H](Cc1cnc[nH]1)NC(=O)[C@H](CSSC[C@H](NC(=O)[C@H](Cc1c[nH]c2ccccc12)NC(=O)[C@H](Cc1ccccc1)NC(=O)[C@H](CCC(=O)O)NC(=O)[C@H](CC(C)C)NC(=O)[C@H](CC(=O)O)NC(=O)[C@H](CC(=O)O)NC(=O)[C@H](CO)NC(C)=O)C(=O)N[C@@H](Cc1cnc[nH]1)C(=O)N[C@H](CC1CCC1)C(=O)N[C@@H](CCSC)C(=O)N[C@@H](Cc1ccc(O)cc1)C(N)=O)NC(=O)[C@H](Cc1c[nH]c2ccccc12)NC(=O)[C@H](Cc1ccccc1)NC(=O)[C@H](CCC(=O)O)NC(=O)[C@H](CC(C)C)NC(=O)[C@H](CC(=O)O)NC(=O)[C@H](CC(=O)O)NC(=O)[C@H](CO)NC(C)=O)C(=O)N[C@@H](Cc1ccc(O)cc1)C(N)=O,CSCC[C@H](NC(=O)[C@@H](NC(=O)[C@H](Cc1cnc[nH]1)NC(=O)[C@H](CSSC[C@H](NC(=O)[C@H](Cc1c[nH]c2ccccc12)NC(=O)[C@H](Cc1ccc(Cl)cc1)NC(=O)[C@H](CCC(=O)O)NC(=O)[C@H](CC(C)C)NC(=O)[C@H](CC(=O)O)NC(=O)[C@H](CC(=O)O)NC(=O)[C@H](CO)NC(C)=O)C(=O)N[C@@H](Cc1cnc[nH]1)C(=O)N[C@H](C(=O)N[C@@H](CCSC)C(=O)N[C@@H](Cc1ccc(O)cc1)C(N)=O)C(C)C)NC(=O)[C@H](Cc1c[nH]c2ccccc12)NC(=O)[C@H](Cc1ccc(Cl)cc1)NC(=O)[C@H](CCC(=O)O)NC(=O)[C@H](CC(C)C)NC(=O)[C@H](CC(=O)O)NC(=O)[C@H](CC(=O)O)NC(=O)[C@H](CO)NC(C)=O)C(C)C)C(=O)N[C@@H](Cc1ccc(O)cc1)C(N)=O,O75084,9.3979,8.983,=,=,Kd
Cc1nc(N2CCC(F)(F)CC2)c(C(=O)Nc2ccnc(S(N)(=O)=O)c2)cc1OCC(F)(F)F,Cc1cc(C)cc(NC(=O)c2nc(-c3ccc(OC(F)(F)F)cc3)no2)c1,Q9Y5Y9,7.0862,6.3279,=,=,IC50
Cc1cc(-c2ccc(CCNC[C@H](O)c3cccc(Cl)c3)cc2)ccc1C(=O)O,O=C(Cc1cnccn1)Nc1ccc(CCNC[C@H](O)COc2ccc(O)cc2)cc1,P08588,6.2441,5.5086,=,=,EC50
COCCCC(NC(=O)[C@@H]1CCCN1C(=O)[C@@H](NC(=O)OCc1ccccc1)C(c1ccccc1)c1ccccc1)B1O[C@@H]2CC3CC(C3(C)C)[C@]2(C)O1,O=C1CCCCC(c2ccc(-c3c(F)ccc(Cl)c3F)c[n+]2[O-])c2cccc(c2)-c2cc(C(=O)O)ccc2N1,P06870,7.4685,6.4214,=,=,Ki
FC(F)(F)c1cccc(Cn2cnc(-c3cc(-c4c[nH]nn4)ccn3)c2)c1Cl,COc1cccc(Cn2cnc(-c3cc(-c4c[nH]nn4)ccn3)c2)c1F,Q9UPP1,7.0,6.6298,=,=,IC50
O=C(N/N=C/c1ccccc1O)c1cnc2c(F)cccc2c1O,C[C@]12CC[C@H](O)CC1=CC[C@@H]1[C@@H]2CC[C@]2(C)C(=O)CC[C@@H]12,P08236,5.1739,4.1085,=,=,IC50
C/C=C/Cn1cc(-c2cc(OC)c(C(C)(C)O)cc2OC)c2cc(C)[nH]c2c1=O,Cc1cc(F)cc(C)c1Oc1ccc(C(C)(C)O)cc1-c1cn(C)c(=O)c2cc(-c3cnc(C4CCCC4)[nH]3)oc12,Q15059,5.0362,6.7284,=,=,Kd
C[C@@H]1NC(=O)[C@H](CCCNC(=N)N)NC(=O)[C@H](Cc2ccc3ccccc3c2)NC(=O)[C@H]2CCCCN2C(=O)[C@@H]([C@H](C)O)NC(=O)[C@H](Cc2ccc(Cl)cc2)NC(=O)[C@@H](Cc2ccccc2)NC(=O)c2cc3cc(c2)C(=O)NC[C@H](NC(=O)[C@@H](C)NC1=O)C(=O)N[C@@H](Cc1ccccc1)C(=O)N[C@@H](Cc1ccc2ccccc2c1)C(=O)N[C@@H](CCCNC(=N)N)C(=O)N[C@@H](CCCNC(=N)N)C(=O)N[C@@H](CCCNC(=N)N)C(=O)N[C@@H](CCCNC(=N)N)C(=O)N[C@H](C(=O)N[C@@H](CCCCN)C(=O)O)CNC3=O,CNC(=O)C(Cc1cn(-c2ccc(-c3ccc(C#N)cc3)cc2)nn1)NC(=O)C(C)(C)c1ccccc1,Q13526,6.1079,5.5331,=,=,Kd
CCCOc1ccc(S(=O)(=O)N2CCN(C)CC2)cc1-c1nc(CC)c(CC)c(=O)[nH]1,COc1ccc(-c2c(C#N)c(=O)n(Cc3ccccc3)c3c(N[C@H](C)c4ccccn4)cccc23)cc1,P51160,7.341,7.699,=,=,IC50
CC(C)(O)C#Cc1ccc2c(c1)-c1nc(C(N)=O)c(-c3nnc(C4CC4)s3)n1C1CC2C1,COCC(C)(O)C#Cc1cc2c(cc1F)C1CC(C1)n1c-2nc(C(N)=O)c1C1CC1,Q99558,8.5229,7.8539,=,=,Ki
CSCC[C@H](NC(=O)[C@H](CC(=O)O)NC(=O)[C@H](CCCCN)NC(=O)[C@H](Cc1ccccc1)NC(=O)[C@H](CO)NC(=O)[C@@H](N)Cc1ccc(O)cc1)C(=O)N1CCC[C@H]1C(=O)N[C@@H](C)C(=O)NCC(=O)N[C@@H](CCCN=C(N)N)C(=O)O,CC(C)C[C@H](NC(=O)[C@@H]1CCCN1C(=O)[C@H](CC(C)C)NC(=O)[C@@H]1CCCN1C(=O)[C@H](CCCCN)NC(=O)[C@@H](N)Cc1ccccc1)C(=O)N[C@H](C)C(=O)N[C@@H](CCCNC(=N)N)C(=O)O,P21730,3.4175,7.413,=,=,EC50
COc1cc(-c2nc(Nc3ccc4nc(C)cc(N)c4c3)c3ccsc3n2)cc(OC)c1OC,NCCCSC[C@H]1O[C@@H](n2cnc3c(N)ncnc32)[C@H](O)[C@@H]1O,Q9NVM4,5.8962,6.0,=,=,IC50
COc1cc2nc(NCCCN(C)C)nc(NCC3CCN(Cc4ccccc4)CC3)c2cc1OC,COc1cc2nc(NCCCN(C)C)nc(NC3CCN(CCCc4ccccc4)CC3)c2cc1OC,Q96KQ7,4.6421,6.1612,=,=,Ki
COc1nc(Nc2cc(S(C)(=O)=O)ccc2N[C@@H](c2cccc3c2OC(F)(F)O3)c2ncccc2Cl)nc(OC)n1,Nc1ncnc2c1c(F)cn2[C@@H]1O[C@H](CO)[C@@H](O)[C@H]1O,Q8TEK3,9.7212,3.699,=,=,IC50
CCCC(=O)c1cc(-c2ccc(S(N)(=O)=O)cc2)n(-c2ccc(Cl)cc2)n1,Clc1ccc2c(NC3=NC4(CO3)CN3CCC4CC3)ncnn12,P36544,5.9586,5.2518,=,=,EC50
CCOc1cncc(-c2ccc(NC(=O)C(C)(C)c3ccnc(NS(=O)(=O)C4CC4)n3)nc2)c1,O=C(Cc1csc(NS(=O)(=O)C2CC2)n1)Nc1ccc(-c2ccccc2)cn1,P17812,7.0,6.3565,=,=,IC50
CCCc1ncc(Cc2ccc3cccc(OCC(=O)O)c3n2)c2cc(OC)c(OC)cc12,Cc1nc2ccc(Cl)cc2n2c(-c3cc(OCC(F)c4ccccn4)ccc3Cl)nnc12,Q9Y233,8.3098,6.0164,=,=,IC50
Nc1cnn2ccc(N3CCC[C@H](O)C3)nc12,COc1ccc(-c2c(C)nc3c(N4CC[C@@H](NC(=O)[C@@H](OC)c5ccccc5)C4)cc(C)nn23)cc1OC,Q9NY59,6.5528,6.3979,=,=,IC50
CNCCN1CC(NCc2cccc(OC(F)(F)F)c2)C1,CNCCN1CCC(NCc2cccc(F)c2)CC1,Q96LA8,6.3625,5.7235,=,=,IC50
O=C(O)c1cccc(CCCCOc2ccc(-c3ccn[nH]3)nc2)c1,CC(C)(CCCCCCCCOc1ccc(-c2ccn[nH]2)nc1)C(=O)O,P78329,6.6576,8.0506,=,=,IC50
N#Cc1ccc(C2(C(=O)Nc3ccn(-c4cncc(F)c4)n3)CC2)cc1,O=C(Cc1ccccc1F)Nc1nc(-c2ccccc2)cs1,Q9BW60,6.3081,6.0238,=,=,IC50
O=C(NCCCNCc1cc(Cl)cc(Cl)c1)Nc1cccc(F)c1,NC(=O)[C@H](Cc1ccc(O)cc1)NC(=O)[C@@H]1CCCN1/C=C1\N=C(c2ccc(Cl)cc2Cl)OC1=O,P56192,5.372,5.5107,=,=,IC50
Cc1ncsc1-c1ccc(CNC(=O)[C@@H]2C[C@@H](O)CN2C(=O)[C@H](C(C)C)N2Cc3ccccc3C2=O)c(OCCOCCOCCOCCNC(=O)c2ccccc2NC(=O)[C@H](CCCCN)NC(=O)[C@@H]2CCCN2C(=O)Cc2cccc3ccccc23)c1,CC(C)(NC(=O)O[C@@H]1CN2CCC1CC2)c1csc(-c2cccc3ccccc23)n1,Q9BV86,5.699,4.3565,=,=,IC50
CCCCCCCOCCNC(=O)[C@H](CCCCN)NCc1ccccc1,CCCCCCCCCCCCCCCC(=O)O,O60603,4.7546,5.301,=,=,IC50
COCCn1cc(-c2ccn[nH]2)cc(NC(=O)N2CCC(n3c(=O)[nH]c4ncccc43)CC2)c1=O,O=C(N[C@@H]1CC[C@@H](c2cccc(F)c2F)CN(CCO)C1=O)N1CCC(n2c(=O)[nH]c3ncccc32)CC1,Q16602,6.4587,7.7311,=,=,IC50
CCCOc1cc(N2CC3=C(CCCC3)C2=O)c(F)cc1Cl,CCOC(=O)CCCSc1nc2cc(-n3nc(C(C)(C)C)oc3=O)c(Br)cc2s1,P50336,7.0211,5.2343,=,=,Ki
CC(C)C[C@H](NC(=O)[C@H](CO)NC(=O)[C@H](CCCC[N+](C)(C)C)NC(=O)[C@H](Cc1ccc(O)cc1)NC(=O)[C@H](C)NC(=O)[C@H](Cc1ccccc1)NC(=O)c1ccc(Br)cc1)C(=O)N[C@@H](CCCCNC(=S)Nc1ccc(-c2c3ccc(=O)cc-3oc3cc(O)ccc23)c(C(=O)O)c1)C(N)=O,COC(=O)[C@H](CO)NC(=O)[C@H](CCCCN(C)C1CC2CCC1C2)NC(=O)[C@H](CC(C)C)NC(=O)[C@H](C)NC(=O)[C@H](Cc1ccccc1)NC(=O)c1ccc(C(C)(C)C)cc1,O95503,7.1079,6.2652,=,=,Kd
C[S+]([O-])c1ccc(-c2nc(-c3ccc(F)cc3)c(-c3ccncc3)[nH]2)cc1,CC(C)n1nc(-c2cc3cc(O)ccc3[nH]2)c2c(N)ncnc21,Q9UBE8,7.6021,6.3188,=,=,Kd
CN1C(=O)N(c2ccc(C#Cc3ccccc3)cn2)CC1C1CCCC1,O=C1NCCc2nc(C#Cc3ccccc3F)sc21,P41594,7.2441,5.8239,=,=,EC50
CCc1cc(=O)[nH]c(-n2ncc(C(=O)NCc3ccco3)c2C)n1,COc1cccc(CCNC(=O)c2cnn(-c3nc(C)cc(=O)[nH]3)c2C)c1,P35270,6.4868,7.4815,=,=,Kd
CP(=O)(O)[C@H]1CC[C@H](N)C1,C/C(=C\CN)C(=O)O,P24046,5.1805,4.3468,=,=,Kb
O=C(NS(=O)(=O)c1ccc(NCC2CCOCC2)c([N+](=O)[O-])c1)c1ccc(-c2ccc(CN3CCCC3c3ccccc3)cc2)cc1Oc1cnc2[nH]ccc2c1,O=C(NS(=O)(=O)c1ccc(NCC2CCOCC2)c(S(=O)(=O)C(F)(F)F)c1)c1ccc(C2=CCC(N3CCCC3c3ccccc3C3CC3)CC2)cc1Oc1cnc2[nH]ccc2c1,P10415,7.3098,6.5986,=,=,IC50
N=C(N)NC(=O)c1nc(Cl)c(N2CCCCCC2)nc1N,CN(CCO)c1nc(N)c(C(=O)NC(=N)N)nc1-c1ccc(C(F)(F)F)cc1C(F)(F)F,Q14940,5.821,4.6576,=,=,IC50
C[C@H](N)C(=O)NCC(=O)N[C@@H]1CSSC[C@H](C(=O)O)NC(=O)[C@H](CO)NC(=O)[C@H]([C@@H](C)O)NC(=O)[C@H](Cc2ccccc2)NC(=O)[C@H]([C@@H](C)O)NC(=O)[C@H](CCCCN)NC(=O)[C@H](Cc2c[nH]c3ccccc23)NC(=O)[C@H](Cc2ccccc2)NC(=O)[C@H](Cc2ccccc2)NC(=O)[C@H](CC(N)=O)NC(=O)[C@H](CCCCN)NC1=O,C[C@@H](O)[C@@H]1NC(=O)[C@H](CCCCN)NC(=O)[C@H](Cc2c[nH]c3ccccc23)NC(=O)[C@H](Cc2ccccc2)NC(=O)[C@H](Cc2ccccc2)NC(=O)[C@H](CC(N)=O)NC(=O)[C@H](CCCCN)NC(=O)[C@@H](NC(=O)[C@@H]2CCCN2)CSSC[C@@H](C(=O)N[C@@H](CCCCN)C(=O)O)NC(=O)[C@H](CO)NC(=O)[C@H](CO)NC(=O)[C@H](Cc2ccccc2)NC1=O,Q96LB1,6.4202,6.61,=,=,EC50
COc1ccccc1N1CCN(c2ncnc3c2cnn3-c2ccc(F)cc2)CC1,COc1ccc(C(N)=O)cc1N1CCN(c2ncnc3c2cnn3-c2ccccc2)CC1,P11169,7.3372,7.4318,=,=,IC50
CCCCCC(O)c1ccc(N2C(=O)CC[C@@H]2COCc2ccc(C(=O)O)s2)cc1,CCCCCCC(O)c1ccc(N2C(=O)CC[C@@H]2COCc2ccc(C(=O)O)s2)cc1,Q13258,5.4904,6.1091,=,=,EC50
COc1cc(-c2cn(C)c(=O)c(C)c2C)c(OC)cc1CN(C)C,Cc1cc(=O)n(C)c2cc(N3C(=O)CC[C@H](NS(=O)(=O)CC(C)C)[C@H]3c3ccc(Cl)cc3)ccc12,Q9NPI1,5.5264,5.4815,=,=,IC50
Cc1nn(-c2ccc3onc(N)c3c2)c2c(=O)n(-c3ccc(-c4ccccc4CN(C)C)cc3)c(C)nc12,CC(C)C(=O)N1CCC(CC[C@@H](NS(=O)(=O)Cc2ccccc2)C(=O)N[C@@H](CCC2CCNCC2)C(=O)NCc2ccc(C(=N)N)cc2)CC1,P00750,4.6383,5.1871,=,=,Ki
CCOc1cc(N2CCC(O)CC2)ccc1Nc1ncc2c(n1)N(C1CCCC1)CCC(=O)N2C,CC[C@@H]1C(=O)N(C)c2cnc(Nc3ccc(C(=O)NC4CCN(C)CC4)cc3OC)nc2N1C1CCCC1,Q9H4B4,5.7959,8.3979,=,=,Kd
O=C(NCc1nc(-c2cccnc2)n[nH]1)c1cnccn1,O=C(Nc1ccc(O)c(C(=O)O)c1)c1ccc(NC(=O)c2ccco2)cc1,Q8N6T7,2.8732,4.4685,=,=,IC50
COc1ccc(N(Cc2cccnc2)C(=O)NCCCn2cncc2C)cc1OC,CSc1ccc(CN(Cc2ccccc2)c2ccc3nc[nH]c3c2)cc1,Q16769,8.0605,5.5003,=,=,IC50
Cc1cccc(COc2ccc(Cl)c(Nc3ccccc3CC(=O)O)c2Cl)c1,O=C(O)c1ccccc1Nc1c(Cl)ccc(-c2ccccc2)c1Cl,P51788,5.1007,4.8996,=,=,IC50
COC(=O)[C@H](C)N1Cc2c(O)c(O)c(O)c(C)c2C1=O,C[C@@H](NC(=O)c1cc(-c2ccccc2)nn1C)c1ccc(-c2cncnc2)cc1,O43175,5.0106,4.6676,=,=,IC50
COc1cc(C(=O)N2CCN(c3ccc(N)nc3)CC2)ncc1Oc1ccccc1,COc1cc(C(=O)N2CCC(c3ccc(N)nn3)CC2)ncc1OCC(C)(C)C,Q9Y210,7.5686,5.8539,=,=,IC50
N/C(=N\C(=O)c1ccc(C[C@H](N)C(=O)O)cc1)NCc1ccccc1N1CCC(O)CC1,CONC(=O)c1ccc(OCC(=O)N2CCc3nc4sc(C)nn4c3C2c2ccc(Cl)cc2F)c(Cl)n1,P17752,6.9747,8.2218,=,=,IC50
CN1CCc2ccc(-c3ccc(-c4cncc(NS(=O)(=O)c5ccc(F)cc5F)c4)s3)cc2C1=O,CN1Cc2cc(-c3ccc(-c4cncc(NS(=O)(=O)c5ccc(Cl)cc5)c4)s3)ccc2C1=O,P14222,4.8665,5.2684,=,=,IC50
NC(=O)C(CCCCNC(=O)CCCC[C@@H]1SCC2NC(=O)NC21)NC(=O)C(CNC(=O)CCCCCNC1=NS(=O)(=O)c2ccccc21)NC(=O)Cc1ccc(CNC(=O)[C@H](C2CC2)n2cc(CC3CCCCC3)nn2)cc1,CCC(C)C(NC1=NS(=O)(=O)c2ccccc21)C(=O)NC[C@@H](NC(=O)CC1(NC(=O)[C@H](CC(C)(C)C)n2cc(CC3CCCCC3)nn2)CCCCC1)C(=O)NC(CCCCNC(=O)CCCC[C@@H]1SCC2NC(=O)NC21)C(N)=O,P18031,6.9586,6.5376,=,=,Kd
CNCC[C@H](NCC(=O)N1CCCc2ccccc21)c1ccccc1,N[C@@H](CCP(=O)(O)C(O)c1ccc(C(=O)O)cc1)C(=O)O,Q14831,6.96,3.7721,=,=,EC50
COc1cc(C(=O)Nc2nnc(-c3ccncc3)s2)ccc1OCc1cc(C2CC2)on1,CCc1ccc(N2C(=O)/C(=C/c3cccc(O)c3O)N(C)C2=S)cc1,Q9Y5S8,7.1308,4.5544,=,=,Ki
CN(C)CCCn1nc(C2=C(c3cn(-c4ccc5ccccc5c4)c4ccccc34)C(=O)NC2=O)c2ccccc21,CN1CCN(c2cccc3[nH]c(-c4n[nH]c5cc(-c6ccc(O)cc6)ccc45)nc23)CC1,Q05513,5.2076,8.2518,=,=,IC50
CCc1ccc(-c2cc(NC3CCN(C(C)C)CC3)c3cc(OC)c(OCCCN4CCCC4)cc3n2)o1,Cc1ccc(-c2cc(NC3CCN(C)CC3)c3cc(C#N)c(OCCCN4CCCC4)cc3n2)o1,P26358,6.5467,6.2306,=,=,IC50
Cc1cccc(C)c1CS(=O)(=O)N1CCC(Nc2cccc(-c3sc(C(=O)O)c(OCC(=O)O)c3Br)c2)CC1,COc1ccc(CN(Cc2ccc(OC)cc2)S(=O)(=O)C(Cc2ccc(NC(=O)C(=O)O)cc2)c2nc3ccccc3o2)cc1,P17706,8.0969,4.7235,=,=,Ki
O=c1c2cccnc2sn1Cc1ccc(Cl)cc1,COc1ccc(CN2C(=O)/C(=C3\SC(=S)N(CCCCCC(=O)O)C3=O)c3ccccc32)cc1,Q92830,4.0462,4.262,=,=,IC50
CCCN(c1ccncn1)n1ccc2ccccc21,COc1ccc(C2=NN(CCCCCNCC[C@H](Oc3cccc4ccccc34)c3cccs3)C(=O)[C@@H]3CC=CC[C@H]23)cc1OC,P23975,5.8539,5.6596,=,=,IC50
CC1(C)CC(=O)C2=C(C1)Nc1n[nH]c(C(F)(F)F)c1C2c1ccccc1C(F)(F)F,O=C(O)c1nc2ccccc2c2[nH]c3c(I)cccc3c12,P49841,3.7825,6.3237,=,=,Kd
CCCCCCCCCCCCS(=O)(=O)OC1CC(OP(=O)(O)O)C(P)C(OP(=O)(O)O)C1O,CCCCCCCCOc1cc(C(=O)NO)ccc1OC,P17405,6.3565,4.7934,=,=,IC50
COc1ccc(CN[C@H]2CC2c2ccccc2)cc1F,COc1cccc(-c2csc(N/N=C3\CCCC(C)C3)n2)c1,P21397,5.4685,6.1683,=,=,IC50
C=C(CC)C(=O)c1ccc(OCC(=O)O)c(Cl)c1Cl,CO[C@H]1C[C@@H]2CC[C@@H](C)[C@@](O)(O2)C(=O)C(=O)N2CCCC[C@H]2C(=O)O[C@H]([C@H](C)C[C@@H]2CC[C@@H](OCCO)[C@H](OC)C2)CC(=O)[C@H](C)/C=C(\C)[C@@H](O)[C@@H](OC)C(=O)[C@H](C)C[C@H](C)/C=C/C=C/C=C/1C,Q92887,5.4145,4.9469,=,=,IC50
CNC(=O)c1cc(Oc2ccc(NC(=O)Nc3ccc(Cl)c(C(F)(F)F)c3)cc2)ccn1,OCCn1cc(-c2ccc3c(c2)CC/C3=N\O)c(-c2ccncc2)n1,P00519,6.2184,5.4949,=,=,Kd
NC(=O)c1nonc1CSCC(=O)Oc1ccccc1C(=O)O,CC1(C)[C@H]2C[C@H](C/C=C\CCCC(=O)O)[C@@H](NC(=O)c3csc4ccc(F)cc34)[C@@H]1C2,P21731,4.4089,6.3665,=,=,IC50
COc1ncc(F)cc1CNc1ncc(Cc2c[nH]c3ncc(C)cc23)cn1,Cn1c(SCCCN2CC3CCN(c4ccccc4C(F)(F)F)C3C2)nnc1-c1cnccn1,P08684,5.301,6.0088,=,=,IC50
O=c1n(CCCCN2CCN(c3cccc4scnc34)CC2)nc2ccccn12,O=C1CCc2ccc(C(O)CCCCN3CCN(c4cccc5sccc45)CC3)cc2N1,P14416,6.9318,8.3429,=,=,IC50
Clc1cccc(Cc2nnc(Cc3c[nH]c4ccccc34)n2CCCc2c[nH]cn2)c1,CNCCCC[C@@H]1NC(=O)[C@@H](Cc2c[nH]c3ccccc23)NC(=O)[C@H](Cc2ccc(O)cc2)NC(=O)[C@H](NC(=O)[C@H](N)Cc2ccc(Cl)cc2)CSSC[C@@H](C(=O)N[C@@H](Cc2ccc3ccccc3c2)C(N)=O)NC(=O)[C@H]([C@@H](C)O)NC1=O,P30874,5.3979,8.2588,=,=,Ki
CC[C@H](C)[C@@H]1NCCOc2ccccc2CCCNC(=O)[C@@H](CCc2ccccc2)NC(=O)[C@@H](C)N(C)C1=O,CC[C@H](C)[C@@H]1NCCOc2ccccc2CCCNC(=O)[C@@H](Cc2ccccc2)NC(=O)[C@@H](COC(C)(C)C)NC1=O,Q92847,7.6833,6.0,=,=,Ki
C=C[C@@](C)(O)CC[C@H]1C(=C)C[C@H](OC(=O)NC)[C@H]2C(C)(C)CCC[C@]12C,COc1ccc(Nc2nc(C(=O)N3CCC(c4ccccc4)CC3)cs2)cc1,Q13507,6.0757,5.6021,=,=,IC50
O=C1NC(=O)C(c2ccccc2C(F)(F)F)=C1Nc1cc(Cl)c(O)c(Cl)c1,COc1ccccc1C1=C(Nc2cccc(F)c2)C(=O)NC1=O,O94804,5.0315,7.1192,=,=,Ki
CO[C@@H]1[C@H](N(C)C(=O)c2ccccc2)C[C@H]2O[C@]1(C)n1c3ccccc3c3c4c(c5c6ccccc6n2c5c31)C(=O)NC4,CO[C@@H]1[C@H](NCCOCCOCCOCCNC(=O)CCC2=[N+]3C(=Cc4c(C)cc(C)n4[B-]3(F)F)C=C2)C[C@H]2O[C@]1(C)n1c3ccccc3c3c4c(c5c6ccccc6n2c5c31)C(=O)NC4,P43403,5.585,6.9626,=,=,Kd
CN(CCOc1ccc(CC2SC(=O)NC2=O)cc1)c1ccccn1.O=C(O)/C=C\C(=O)O,CC1(C)CCOc2ccc(-c3ccc4cc(C(=O)O)ccc4c3)cc21,P13631,5.0,6.0655,=,=,Ki
CN(c1ncccc1CNc1nc(Nc2ccc3c(c2)CC(=O)N3)ncc1C(F)(F)F)S(C)(=O)=O,CN1CC[C@H](c2c(O)cc(O)c3c(=O)cc(-c4ccccc4Cl)oc23)[C@H](O)C1,Q04759,9.0,6.4559,=,=,Kd
COc1cc2ncccc2cc1NC(=O)c1cnn2cccnc12,O=C(Nc1cc2sc(N3CCOCC3)nc2cc1N1CCC(CO)CC1)c1cnn2cccnc12,P51617,5.5528,7.6198,=,=,Ki
COc1cccc2nc(Cl)cc(NC3CCN(Cc4ccccc4)CC3)c12,Cc1cc(C)c(CNC(=O)c2cc(-c3ccc(CN4CCOCC4)nc3)cc(N(C)C3CCCC3)c2C)c(=O)[nH]1,Q15910,4.5528,7.6863,=,=,IC50
O=C(NC1CCN(S(=O)(=O)C[C@H]2CC[C@H](NCc3ccccc3Cl)CC2)CC1)c1cc(C2CC2)on1,O=C(NC1CCN(S(=O)(=O)C[C@H]2CC[C@H](NCc3cncc(F)c3)CC2)CC1)c1cc(C2CC2)on1,Q9H7B4,7.5086,7.5686,=,=,EC50
O=C(O)c1cn(C2CCCCC2)c2nc(Oc3cccc4ccccc34)nc(Nc3ccc(N4CCOCC4)cc3)c12,c1ccc2c(Oc3nc(Nc4ccc(N5CCOCC5)cc4)c4ncn(C5CCCCC5)c4n3)cccc2c1,P47872,7.1073,7.1175,=,=,EC50
Cc1ccc(/C=C/C(=O)N2Cc3c(cc(I)c(OCc4ccc(Cl)cc4Cl)c3I)C[C@H]2C(=O)O)cc1,O=C(O)[C@@H]1Cc2cc(I)c(OCc3ccc(Cl)cc3Cl)c(I)c2CN1C(=O)/C=C/c1cccc(C(F)(F)F)c1,P30305,4.5686,4.8239,=,=,IC50
COc1ccc(C(=O)/C=C/c2cccnc2)c(OC)c1OC,c1cncc(-c2csc(-c3csc(Nc4ccc(N5CCOCC5)cc4)n3)n2)c1,Q16678,6.8633,7.7978,=,=,IC50
CC(Nc1nc2c(cnn2C2CCCC2)c(=O)[nH]1)c1ccccc1,CC1CN(Cc2ccc(N3CCCC3)cc2)CC1c1nn2c(C3CCOCC3)ncc2c(=O)[nH]1,O76083,7.4089,7.2147,=,=,IC50
CC(=O)Nc1ccc2oc(=O)c3c(C)nn(-c4ccccc4)c3c2c1,NS(=O)(=O)c1ccc(C(=O)N2CCN(C(=O)c3ccccc3)[C@H](Cc3ccccc3)C2)cc1,Q16790,7.5719,5.7802,=,=,Ki
CCOC(=O)C1CCC(CN(Cc2ccccc2)S(=O)(=O)c2ccc(Br)cc2)CC1,CCOC(=O)C1CCC(CN(Cc2cccc(Br)c2)S(=O)(=O)c2ccc3c(c2)OCCO3)CC1,Q9NYV8,5.63,5.5906,=,=,IC50
FC(F)(F)c1cccc(-n2nnc3ccc(NC4CC5(CCNCC5)C4)nc32)c1,CC(O)CNc1nc(Nc2ccc(Br)cc2)c2ncn(C(C)C)c2n1,P36888,6.5031,6.2284,=,=,IC50
CSc1ccccc1C1CCCN1C(=O)C(CC(C)C)NC(=O)NCc1ccc(N)cc1,CSc1ccccc1[C@H]1CCCN1C(=O)CN(C)C(=O)NCc1ccc2c(c1)[C@H]1C[C@@H](N2)[C@H](O)CO1,Q08752,5.5229,5.0,=,=,IC50
O=C(NO)[C@H](NS(=O)(=O)c1ccc(-c2ccc(N3CCOCC3)cc2)cc1)C1CCN(C(=O)c2ccccc2)CC1,O=C(NO)[C@H](NS(=O)(=O)c1ccc(-c2ccc(C(F)(F)F)cc2)cc1)C1CCN(C(=O)c2ccccc2)CC1,Q9UKP4,6.0269,8.0458,=,=,Ki
CC[C@H](C)[C@H](NC(=O)[C@H](CC(N)=O)NC(=O)[C@@H](NC(=O)[C@H](CC(N)=O)NC(=O)[C@H](Cc1ccc(O)cc1)NC(=O)[C@H](CC(N)=O)NC(=O)[C@H](Cc1c[nH]c2ccccc12)NC(=O)[C@H](CO)NC(=O)[C@H](C)NC(=O)[C@H](CC(C)C)NC(=O)[C@H](CO)NC(=O)[C@H](CO)NC(=O)[C@H](CCC(N)=O)NC(=O)[C@H](Cc1ccc(O)cc1)NC(=O)[C@H](Cc1ccccc1)NC(=O)[C@H](CC(C)C)NC(=O)[C@H](CC(=O)O)NC(=O)[C@H](CCC(=O)O)NC(=O)[C@H](C)NC(=O)[C@H](CCC(=O)O)NC(=O)[C@H](Cc1cnc[nH]1)NC(=O)[C@H](CC(N)=O)NC(=O)[C@H](Cc1ccccc1)NC(=O)[C@H](CCCCN)NC(=O)[C@H](CC(=O)O)NC(=O)[C@H](CC(C)C)NC(=O)[C@H](Cc1ccccc1)NC(=O)[C@@H](NC(=O)[C@H](CCCCN)NC(=O)[C@H](C)NC(=O)[C@H](CCC(N)=O)NC(=O)[C@H](CCC(=O)O)NC(=O)[C@@H](N)CCC(=O)O)[C@@H](C)O)[C@@H](C)O)C(=O)N[C@H](C(=O)N[C@@H](CCC(=O)O)C(=O)N[C@@H](CCC(=O)O)C(=O)O)[C@@H](C)O,C[C@H](N)C(=O)N[C@H]1CSCCC(=O)N2CN3CN(C2)C(=O)CCSC[C@H](NC(=O)[C@H](CCCNC(=N)N)NC(=O)[C@@H]2CCCN2C(=O)[C@H](Cc2ccccc2)NC(=O)[C@H](CC(=O)O)NC(=O)[C@H](CCCNC(=N)N)NC(=O)[C@H](Cc2c[nH]cn2)NC1=O)C(=O)N[C@@H]([C@@H](C)O)C(=O)N[C@@H](Cc1c[nH]c2ccccc12)C(=O)N[C@@H](CCC(=O)O)C(=O)N[C@@H]([C@@H](C)O)C(=O)N[C@@H](CCC(N)=O)C(=O)N[C@@H](Cc1c[nH]c2ccccc12)C(=O)N[C@H](C(=O)N[C@@H](C)C(N)=O)CSCCC3=O,Q9BYF1,5.2218,4.9208,=,=,IC50
CN(CCc1ccccc1)c1nc(C(=O)NCC2CC2)cc(N2CCC2)n1,COc1cccc(-c2sc3ccccc3c2-c2ccc(OCCN(C)C)cc2)c1,Q6IQ20,6.37,4.1739,=,=,IC50
CCc1ccc(C(=O)C(Cl)Cl)cc1[N+](=O)[O-],OCCn1nc(C2CCOCC2)nc1[C@@H]1CCCCN1Cc1ccccc1,Q15118,5.8894,6.0506,=,=,Kd
C/C=C/C[C@@H](C)[C@@H](O)[C@H]1C(=O)N[C@@H](CC)C(=O)N(C)[C@H](C)C(=O)N(C)[C@@H]([C@H](C)CN2CCN(CCOC)CC2)C(=O)N[C@@H](C(C)C)C(=O)N(C)[C@@H](CC(C)C)C(=O)N[C@@H](C)C(=O)N[C@H](C)C(=O)N(C)[C@@H](CC(C)C)C(=O)N(C)[C@@H](CC(C)C)C(=O)N(C)[C@@H](C(C)C)C(=O)N1C,C/C=C/C[C@@H](C)[C@@H](O)[C@H]1C(=O)N[C@@H](CC)C(=O)N(C)[C@H](C)C(=O)N(C)[C@@H]([C@H](C)CCCOC(=O)NC2CCN(C)CC2)C(=O)N[C@@H](C(C)C)C(=O)N(C)[C@@H](CC(C)C)C(=O)N[C@@H](C)C(=O)N[C@H](C)C(=O)N(C)[C@@H](CC(C)C)C(=O)N(C)[C@@H](CC(C)C)C(=O)N(C)[C@@H](C(C)C)C(=O)N1C,P23284,8.9208,9.3979,=,=,Kd
O=c1nc(SCc2ccccc2)nc(SCC2CCCC2)[nH]1,NC(=O)[C@H](Cc1ccc(N)cc1)NC(=O)[C@H](Cc1ccccc1)NC(=O)OCc1ccccc1,P07858,4.8429,2.5549,=,=,Ki
NS(=O)(=O)c1ccc(Oc2ccccc2)c(C(=O)NCc2ccccc2)c1,COc1ccc(CNCc2cc(S(N)(=O)=O)cnc2Sc2ccc(F)c(F)c2)cc1,P22748,5.6904,6.3958,=,=,IC50
C/C=C/C[C@@H](C)[C@@H](O)[C@H]1C(=O)N[C@@H](CC)C(=O)N(C)[C@H](C)C(=O)N(C)[C@@H]([C@H](C)CN2CCN(C(C)=O)CC2)C(=O)N[C@@H](C(C)C)C(=O)N(C)[C@@H](CC(C)C)C(=O)N[C@@H](C)C(=O)N[C@H](C)C(=O)N(C)[C@@H](CC(C)C)C(=O)N(C)[C@@H](CC(C)C)C(=O)N(C)[C@@H](C(C)C)C(=O)N1C,C/C=C/C[C@@H](C)[C@@H](O)[C@H]1C(=O)N[C@@H](CC)C(=O)N(C)[C@H](C)C(=O)N(C)[C@@H]([C@H](C)CN2CC(OC)C2)C(=O)N[C@@H](C(C)C)C(=O)N(C)[C@@H](CC(C)C)C(=O)N[C@@H](C)C(=O)N[C@H](C)C(=O)N(C)[C@@H](CC(C)C)C(=O)N(C)[C@@H](CC(C)C)C(=O)N(C)[C@@H](C(C)C)C(=O)N1C,P23284,9.1549,9.0458,=,=,Kd
CN(CCCCC1(C)COC(c2nc(-c3ccccc3)c(-c3ccccc3)[nH]2)OC1)Cc1ccccc1,CCCc1c(C(=O)OCC)c(C(=O)OCC)c2c(-c3cccc(F)c3)cc(N3CCOCC3)nn12,P35610,6.6576,6.4202,=,=,IC50
CNc1ncc2cc(-c3ccc(-n4ccc(C)cc4=O)cc3Cl)c(=O)n(C[C@H]3CNCCO3)c2n1,CNc1ncc2cc(-c3ccc(-c4cncc(C)n4)cc3Cl)c(=O)n(C[C@H]3CNCCO3)c2n1,Q13153,6.0255,7.7212,=,=,Ki
O=C(/C=C/c1ccccc1)C(=O)NCCc1ccccc1,O=C(CCc1ccc(Cl)c(Cl)c1)C(=O)NCCc1ccccc1,P53816,5.8,7.0,=,=,IC50
O=C(Cc1ccc(F)c(Cl)c1)NCc1cc(C(F)(F)F)nn1-c1cccc(Cl)c1,C[C@@H](C(=O)NCc1ccc(C(C)(C)C)nc1SC1CCCCC1)c1ccc(NS(C)(=O)=O)c(F)c1,Q8NER1,7.5702,7.4389,=,=,Ki
O=C(CCc1ccccc1)N1CCN(c2ccc(O)cn2)CC1,O=C1CC(N2CCN(c3ccc(O)cc3)CC2)C(=O)N1c1ccccc1,Q16798,6.6383,6.8239,=,=,IC50
CCc1ccc([C@H]2c3[nH]c4ccccc4c3C[C@@H]3C(=O)N(CC)C(=O)N23)o1,CCCOc1ccc(S(=O)(=O)N2CCN(C)CC2)cc1-c1nc(CC)c(CC)c(=O)[nH]1,P51160,8.0,7.341,=,=,IC50
CC(C)C(NC(=O)COc1cccc2ccccc12)C(=O)N[C@H]1CC(=O)OC1O,CC(C)[C@H](NC(=O)[C@H](O)c1ccccc1)C(=O)N[C@@H](CC(=O)O)C(=O)CSCc1ccccc1,Q14790,5.9208,5.9393,=,=,IC50
CCc1cc(Oc2ccc(-c3ccn4c(CC5CC5)nnc4c3Cl)cc2F)ccn1,COc1ccc(CNc2ccc(-c3ccn4c(CC5CC5)nnc4c3C(F)(F)F)cc2F)cn1,Q14416,7.6326,8.5376,=,=,Kd
CC(C)CS(=O)(=O)Nc1cccc(-c2ccc3c(NC(=O)C4CC4)n[nH]c3c2)c1,NS(=O)(=O)c1ccc(CNc2nc(Nc3cccc(CN4CCOCC4)c3)ncc2Br)cc1,Q9NSY1,5.8268,6.7058,=,=,IC50
Cc1nn(-c2ccccc2)c(Cl)c1CSc1nc(N)nc2[nH]nnc12,Nc1cc([C@H](CCNC23CCC(c4ccccc4)(CC2)CC3)c2ccccc2)c2nn[nH]c2n1,P05164,6.8861,8.8539,=,=,IC50
CCCCC(NC(=O)[C@H](CCC(=O)O)NC(=O)[C@H](CC(=O)O)NC(=O)[C@H](CO)NC(=O)[C@H](Cc1ccccc1)NC(=O)[C@H](CO)NC(=O)CNC(=O)[C@H](CC(=O)O)NC(=O)CNC(=O)[C@@H](N)Cc1cnc[nH]1)C(=O)N[C@@H](CC(N)=O)C(=O)N[C@H](C(=O)N[C@H](C(=O)N[C@@H](CC(C)C)C(=O)N[C@@H](CC(=O)O)C(=O)N[C@@H](Cc1ccc(O)cc1)C(=O)N[C@@H](CC(C)C)C(=O)N[C@@H](C)C(=O)N[C@@H](C)C(=O)N[C@@H](CCCNC(=N)N)C(=O)N[C@@H](CC(=O)O)C(=O)N[C@@H](Cc1ccccc1)C(=O)N[C@H](C(=O)N[C@@H](CC(N)=O)C(=O)N[C@@H](Cc1c[nH]c2ccccc12)C(=O)N[C@@H](CC(C)C)C(=O)N[C@H](C(=O)N[C@@H](CCC(N)=O)C(=O)N[C@H](C(=O)N[C@@H](CCCCN)C(N)=O)[C@@H](C)O)[C@@H](C)CC)[C@@H](C)CC)[C@@H](C)CC)[C@@H](C)O,CCCCC(NC(=O)[C@H](CCC(=O)O)NC(=O)[C@H](CC(=O)O)NC(=O)[C@H](CO)NC(=O)[C@H](Cc1ccccc1)NC(=O)[C@H](CO)NC(=O)CNC(=O)[C@H](CC(=O)O)NC(=O)CNC(=O)[C@@H](N)Cc1cnc[nH]1)C(=O)N[C@@H](CC(N)=O)C(=O)N[C@H](C(=O)N[C@H](C(=O)N[C@H](CC(C)C)C(=O)N[C@@H](CC(=O)O)C(=O)N[C@@H](CC(N)=O)C(=O)N[C@@H](CC(C)C)C(=O)N[C@@H](C)C(=O)N[C@@H](C)C(=O)N[C@@H](CCCNC(=N)N)C(=O)N[C@@H](CC(=O)O)C(=O)N[C@@H](Cc1ccccc1)C(=O)N[C@H](C(=O)N[C@@H](CC(N)=O)C(=O)N[C@@H](Cc1c[nH]c2ccccc12)C(=O)N[C@@H](CC(C)C)C(=O)N[C@H](C(=O)N[C@@H](CCC(N)=O)C(=O)N[C@H](C(=O)N[C@@H](CCCCN)C(N)=O)[C@@H](C)O)[C@@H](C)CC)[C@@H](C)CC)[C@@H](C)CC)[C@@H](C)O,O95838,9.9586,8.0506,=,=,EC50
CCOc1cc(CCNC(=O)c2sc3nc(C)ccc3c2N)ccc1N1CCNCC1.O=C(O)C(F)(F)F,Cc1cc(-c2cc(CCNC(=O)c3sc4nc(C)ccc4c3N)ccc2N2CCNCC2)ccn1,Q9UHP3,6.699,4.8785,=,=,IC50
CCCCCCCC/C=C\CCCCCCCC(=O)O,Fc1ccc(Cn2c(NC3CCNCC3)nc3ccccc32)cc1,P43354,4.301,4.0,=,=,Kd
N=C(NC(=O)C(NC(=O)C(Br)c1ccc(Cl)cc1)c1cccc(Cl)c1)c1ccccc1,CCCCCCCCCCCCCC1CCCCN1CCCP(=O)(O)O,Q99500,6.8327,6.3872,=,=,IC50
CC[C@H](C)[C@H](NC(=O)[C@@H]1CCCN1C(=O)[C@H](CC(C)C)NC(C)=O)C(=O)N[C@@H](CO)C(=O)N[C@@H](Cc1ccccc1)C(=O)N1CCC[C@H]1C(=O)N[C@@H](CC(C)C)C(=O)N(C)C,CC(C)CCC(=O)N1CCC[C@H]1C(=O)N[C@H](C(=O)N[C@@H](CN)C(=O)N[C@@H](CC1CCCC1)C(=O)N[C@@H](C)c1nc2cccc(-c3ccccc3)c2[nH]1)C(C)C,Q03111,5.1118,6.9508,=,=,Ki
Cc1ccc(Oc2ccc3nc(COc4cccc(C(=O)O)c4)n(C)c3n2)c(C)c1,Cc1oc(-c2ccccc2)nc1CCOc1cccc(Cc2cn(-c3ccccc3)nc2C(=O)O)c1,P37231,6.9957,6.8069,=,=,EC50
Cc1c(C)c2c(c(C)c1O)CCC(C)(COc1ccc(CC3SC(=O)NC3=O)cc1)O2,C[C@H](CCC(=O)NCC(=O)O)[C@H]1CC[C@H]2[C@@H]3CC[C@@H]4C[C@H](OS(=O)(=O)O)CC[C@]4(C)[C@H]3CC[C@]12C,O15439,4.2147,5.0,=,=,IC50
C=CC(=O)Nc1cccc(Nc2nc(Nc3ccccc3OC)ncc2Br)c1,C=CC(=O)Nc1cccc(Nc2nc(Nc3ccc(NC4CN(CCF)C4)cc3OC)ncc2C(F)(F)F)c1,P00533,6.5229,7.2596,=,=,EC50
Cc1ncccc1Oc1ncnc(OC2CCN(C(=O)OC(C)C)CC2)c1C,CC[C@@H](C)OC(=O)N1C2CC3CC1CC(C2)N3c1ncnc(Oc2cccnc2C)c1C,Q8TDV5,7.6383,6.5376,=,=,Ki
CC#CC(=O)N1CC[C@]2(C1)C[C@H](n1nc(-c3cnn(Cc4ccccc4C(F)(F)F)c3)c(C(N)=O)c1N)C2,Nc1nccn2c([C@@H]3CCCN(C4CCOCC4)C3)nc(-c3ccc(C(=O)Nc4cc(C(F)(F)F)ccn4)cc3F)c12,P42680,7.0362,6.7696,=,=,IC50
O=C(Nc1ccc(Cl)cc1C(=O)O)c1ccc(-c2cccc3ccccc23)nc1,COc1ccc(NC(=O)c2ccc(-c3ccccc3-c3cccnc3)o2)c(C(=O)O)c1,Q13304,5.7,6.0,=,=,IC50
Cc1ccc2c(-c3c(-c4c(C)cc(CN)cc4C)ncn3C)ccnc2c1,CC#CC(=O)NC12CC(NC3=C(Cl)C(=O)c4ncccc4C3=O)(C1)C2,Q9BZ95,6.6925,6.1249,=,=,IC50
COc1cc(OC)c(-c2cn3ccc(C4=CCC5(CC4)OCCO5)cc3n2)cc1Cl,COc1cc(OC)c(-c2cn3ccc(N4CCN(CC#N)CC4)cc3n2)cc1Cl,Q9H5I1,7.1986,8.0931,=,=,IC50
Cc1cc(N2CC(C(=O)N/N=C/c3ccccc3)CC2=O)cc(C)c1S(N)(=O)=O,Cc1cc(=O)[nH]c(SCC(=O)c2ccc(S(N)(=O)=O)c(Cl)c2)n1,P43166,6.6221,7.2527,=,=,Kd
CCN(c1ccc(C(O)(C(F)(F)F)C(F)(F)F)cc1)S(=O)(=O)c1ccccc1,[2H]C([2H])([2H])N(C(=O)c1c(F)cccc1Cl)c1ccc(-c2cc(NC(C)=O)nn2C(C)C)cc1N1CCCCC1,P35398,5.301,5.9586,=,=,EC50
CCC(=O)N(Cc1ccc(OC(F)(F)F)cc1)c1cc(F)cc(-c2nnn[nH]2)c1,COc1ccc2[nH]c(SCc3ccc(Cl)cc3)nc2c1,P10632,7.3665,5.8416,=,=,IC50
CC1(C)CN(C(N)=O)c2ccccc2N1Cc1ccc(Cl)cc1,CC1(C)CN(C(N)=O)c2ccc(F)c(F)c2N1Cc1ccccc1,Q01433,6.2454,6.4833,=,=,IC50
N.N.N.N.Nc1ncnc2c1ncn2[C@@H]1O[C@H](COP(=O)(O)OP(=O)(O)OP(=O)(O)O)[C@H]2OC3(CCCCC3)O[C@H]21,O=C1CC(=O)N(c2ccc(NS(=O)(=O)c3cc(Br)ccc3Cl)cc2)c2ccc3ccccc3c2N1,Q99571,4.5287,6.7585,=,=,IC50
Cc1cc(OC2CN(CCc3ccc(Cl)c(Cl)c3)C2)n(-c2cccc(C(=O)NCCCN3CCCC3)c2)n1,CC(C)N1C(=O)C(Cc2cc(C(F)(F)F)cc(C(F)(F)F)c2)COC12C=CC(=O)C=C2,Q9NRG4,5.7698,5.6216,=,=,IC50
CC[C@H](C)[C@@H]1NC(=O)[C@@H](CCCN=C(N)N)NC(=O)[C@H](CC(=O)O)NC(=O)[C@@H](CCSC)NC(=O)[C@H](CCCN=C(N)N)NC(=O)CNC(=O)[C@H](Cc2ccccc2)NC(=O)[C@@H](Cc2c[nH]cn2)NC(=O)[C@@H](NC(=O)[C@@H](N)CCSC)CSSC[C@H](C(=O)N[C@@H](Cc2ccc(O)cc2)C(=O)N[C@@H](CCCN=C(N)N)C(N)=O)NC(=O)[C@@H](CO)NC1=O,CC[C@H](C)[C@@H]1NC(=O)[C@H](CCCNC(=N)N)NC(=O)[C@H](CC(=O)O)NC(=O)[C@H](CCSC)NC(=O)[C@H](CCCNC(=N)N)NC(=O)CNC(=O)CNC(=O)[C@H](Cc2ccccc2)NC(=O)[C@@H](NC(=O)[C@H](CO)NC(=O)[C@H](CO)NC(=O)[C@H](CCCNC(=N)N)NC(=O)[C@H](CCCNC(=N)N)NC(=O)[C@H](CC(C)C)NC(=O)[C@@H](N)CO)CSSC[C@H](C(=O)N[C@@H](CC(N)=O)C(=O)N[C@@H](CO)C(=O)N[C@@H](Cc2ccccc2)C(=O)N[C@@H](CCCNC(=N)N)C(=O)N[C@@H](Cc2ccc(O)cc2)C(=O)O)NC(=O)CNC(=O)[C@H](CC(C)C)NC(=O)CNC(=O)[C@H](CO)NC(=O)[C@H](CCC(N)=O)NC(=O)[C@H](C)NC(=O)CNC1=O,P16066,6.6671,10.0,=,=,EC50
CC(C)c1cc(Oc2c(Br)cc(C(=O)O)cc2Br)ccc1O,CCCCCCOc1ccc(C(=O)CCN(C)C)c(I)c1,P10827,8.0116,5.7212,=,=,IC50
CC(CC(=O)O)CC(=O)n1c(CCCCCCc2ccccc2)cc2ccc(Cl)cc21,CCCCCCc1ccc2c(ccn2C(=O)CCCC(=O)O)c1,Q8TDS5,7.9208,4.7528,=,=,IC50
CC(C)n1cnc2c(Nc3cc(N)cc(Cl)c3)nc(N[C@H]3CCCC[C@@H]3N)nc21,CC(C)n1cnc2c(Nc3cc(N)cc(Cl)c3)nc(N[C@H]3CCNC3)nc21,P49759,4.6289,4.9208,=,=,EC50
NS(=O)(=O)c1ccc(NC(=O)Nc2nc(-c3ccc(F)cc3)cs2)cc1,Cc1ccc(S(=O)(=O)NCc2ccccc2)cc1,O43570,7.5591,5.3686,=,=,IC50
CCCCNc1ncc(-c2ncc(COCc3ccccc3)s2)c(NC2CCC(O)CC2)n1,CCCCNc1ncc(C(=O)NCc2ccc(-n3ccnc3C)cc2)c(N[C@H]2CC[C@H](O)CC2)n1,Q06418,5.5827,6.0851,=,=,IC50
CCOc1cc(CN2CCC(Oc3nccc(Cl)n3)CC2)cc(OCC)c1-c1ccc(F)cc1,CSCC[C@H](NC(=O)[C@H](C)NC(=O)[C@@H]1CCCN1C(=O)[C@H](CC(N)=O)NC(=O)[C@H](CO)NC(=O)[C@H](CC(N)=O)NC(=O)[C@H](C)NC(=O)[C@@H](N)CO)C(=O)N[C@@H](C)C(=O)N1CCC[C@H]1C(=O)N[C@@H](CCCN=C(N)N)C(=O)N[C@@H](CCC(=O)O)C(=O)N[C@@H](CCCN=C(N)N)C(=O)N[C@@H](CCCCN)C(=O)N[C@@H](C)C(=O)NCC(=O)N[C@H]1CSSC[C@@H](C(=O)O)NC(=O)[C@H](CO)NC(=O)[C@H]([C@H](C)O)NC(=O)[C@H](Cc2ccccc2)NC(=O)[C@H]([C@H](C)O)NC(=O)[C@H](CCCCN)NC(=O)[C@H](Cc2cc3ccccc3[nH]2)NC(=O)[C@H](Cc2ccccc2)NC(=O)[C@H](Cc2ccccc2)NC(=O)[C@H](CC(N)=O)NC(=O)[C@H](CCCCN)NC1=O,P35346,7.4072,8.5698,=,=,IC50
O=C(Nc1ccc(-c2nc(-c3ccc(Cl)cc3)no2)cc1)C1CC(=O)N(CC2CCNCC2)C1,O=C(Nc1ccc(-c2nc(-c3ccccc3)no2)cc1)C1CC(=O)N(Cc2cccnc2)C1,Q9NSD7,6.1494,5.6737,=,=,IC50
N#CC[C@H](C1CCCC1)n1cc(-c2ncnc3[nH]ccc23)cn1,CO[C@@H]1[C@H](N(C)C(=O)c2ccccc2)C[C@H]2O[C@]1(C)n1c3ccccc3c3c4c(c5c6ccccc6n2c5c31)C(=O)NC4,Q96SB4,5.6778,7.3768,=,=,Kd
O=c1c(-c2ccc(O)cc2)coc2cc(O)cc(O)c12,OC[C@@H](O)[C@@H](O)[C@H](O)[C@H](O)C[S@+]1C[C@@H](O)[C@H](O)[C@H]1CO.[Cl-],O43451,4.983,7.8239,=,=,Ki
CCNC[C@H]1O[C@@H]2SC(NC)=N[C@@H]2[C@@H](O)[C@@H]1O,CNC1=N[C@@H]2[C@@H](O)[C@H](O)[C@@H](CNCCOC)O[C@@H]2S1,Q86XE5,8.4318,8.4815,=,=,Ki
CC(C)(C)c1cc(-c2cc(-c3ccc(C(=O)O)cc3)ccc2OCCCO)ccc1N1CCCC1,CC(C)(C)c1cc(-c2cc(-c3ccc(C(=O)O)cc3)ccc2OCCO)ccc1N1CCCC1,P10826,8.0969,7.8239,=,=,Kd
Nc1ncccc1-c1nc2cccnc2n1-c1ccc(CNC(=O)c2ccccc2)cc1,CC(=O)Nc1cccc(-c2ccc3nc(-c4cccnc4N)n(-c4ccc(CNC(=O)c5ccccc5)cc4)c3n2)c1,Q9Y243,4.6198,6.7696,=,=,IC50
CC(C)c1ccccc1-c1ccc(C(=O)Nc2ccc(Cl)cc2C(=O)O)o1,COc1ccc(NC(=O)c2ccc(-c3ccccc3-c3cccnc3)o2)c(C(=O)O)c1,Q13304,6.1,6.0,=,=,IC50
CC(C)S(=O)(=O)Nc1nc(CC(=O)Nc2cccc(Cl)c2)cs1,CS(=O)(=O)Nc1nc(CC(=O)Nc2ccc(-c3ccccc3)cc2)cs1,P17812,4.6308,6.0,=,=,IC50
COc1ccc(C(=O)N2[C@H](C)CN(C(=O)c3ccc4nc[nH]c4c3)C[C@H]2C)c(F)c1,CCOc1ccc(C(=O)N2C[C@@H](C)N(C(=O)c3ccc(OC)cc3F)[C@H](C)C2)c(F)c1,P31327,5.3098,6.8861,=,=,IC50
CC#Cc1cccc(-c2ccc(CN(Cc3cccc(NCC(=O)O)n3)S(=O)(=O)c3cccs3)cc2)c1,O=C(O)c1ccc(CCN2C(=O)CCN2CCC(O)Cc2cccc(F)c2)cc1,P43116,9.0458,5.2013,=,=,Ki
c1cc(CN2CCCC2)cc(-c2nnnn2[C@H]2COC3C(NCC4CCCCC4)COC32)c1,Cc1nc(N2CCC3(CC2)CO[C@@H](C)[C@H]3N)c(CCO)c(=O)n1-c1cccc(Cl)c1Cl,Q06124,5.6021,5.1549,=,=,IC50
CCc1ccc(C(=O)Nc2cccc(C(F)(F)F)c2)cc1-c1cc(C#N)cc(-c2cnc3cnccn23)c1,CC1CN(c2cncnc2)Cc2cc(C(=O)Nc3cc(CN4CCN(C)CC4)cc(C(F)(F)F)c3)ccc21,Q16832,6.0237,5.7447,=,=,IC50
COc1ccccc1C(=O)Nc1ccc2c(c1)/C(=C/c1cnc[nH]1)C(=O)N2,O=C1Nc2ccc(NC(=O)c3cccc4c3OCO4)cc2/C1=C/c1cnc[nH]1,Q86UE8,8.041,6.585,=,=,IC50
O=C(O)CCCCCCOc1ccc2oc3ccccc3c(=O)c2c1,O=c1c2ccccc2oc2ccc(O[C@H]3CC[C@H](C(=O)O)CC3)cc12,P33121,6.5086,6.6198,=,=,IC50
NS(=O)(=O)c1ccc(S(=O)(=O)CC2CCN(C(=O)c3cc(OCC4CCOCC4)nc(C4CC4)c3)CC2)c(F)c1,CC(=O)Oc1ccc2oc(S(N)(=O)=O)cc2c1,P00918,8.1427,8.1871,=,=,IC50
NS(=O)(=O)c1ccc(C(=O)CSc2ccccc2)cc1,NS(=O)(=O)c1c(F)c(F)c(SC2=S=Nn3c2nc2ccccc23)c(F)c1F,P43166,7.0775,7.8861,=,=,Kd
CC(C)(Oc1ccc(CCOc2ccc(/N=N/c3ccccc3)cc2)cc1)C(=O)O,OC[C@H]1O[C@@H](O[C@H](CCc2ccc(O)cc2)C[C@H](O)CCc2ccc(O)cc2)[C@H](O)[C@@H](O)[C@@H]1O,Q03181,5.4257,4.5331,=,=,EC50
Cc1cc(-c2cnc3c(c2)C[C@@]2(OCCCc4ccccc4)[C@H]4Cc5ccc(O)c6c5[C@@]2(CCN4CC2CC2)[C@H]3O6)ccn1,Oc1ccc2c3c1O[C@H]1[C@H](OC[C@H]4CO4)CC[C@@]4(O)[C@@H](C2)N(CC2CC2)CC[C@]314,P41143,9.4089,7.9208,=,=,IC50
O=C1c2nc3cccc(Br)c3n2CCN1Cc1ccc(Cl)cc1F,O=C1c2nc3cccc(Br)c3n2CCN1CC1CCC1,Q14416,7.2218,7.301,=,=,EC50
Cc1cc(C(=O)O)ccc1-c1ccc(C=C2C(=O)c3ccccc3C2=O)o1,CCNC(=O)C[C@@H]1N=C(c2ccc(Cl)cc2)c2cc(OC)ccc2-n2c(C)nnc21,O15355,4.0057,7.301,=,=,IC50
C/C(=C\c1ccc(C(=O)O)cc1)c1cc2c(cc1Br)C(C)(C)CCC2(C)C,Cc1ccc(C)c2oc(-c3nnc(-c4ccc(C(=O)O)cc4Cl)o3)cc12,P10276,6.0048,6.6478,=,=,EC50
O=C(O)c1ccc(CN(Cc2ccccc2)S(=O)(=O)c2ccc(Cl)cc2)cc1,Cc1ccc(S(=O)(=O)N(Cc2ccc(F)cc2)Cc2ccc(C(=O)O)cc2)cc1,Q9NYV8,6.4045,7.2676,=,=,IC50
CC(=O)N[C@@H](CC(=O)O)C(=O)N[C@@H](CCC(=O)O)C(=O)N[C@H](C(=O)N[C@@H](CC(=O)O)C(=O)CNc1ccc2oc(-c3ccc(N(C)C)cc3)nc2c1)C(C)C,Cc1cc(CNS(=O)(=O)c2ccc(O)c(C(=O)O)c2)sc1C(=O)N[C@H](C=O)CC(=O)O,P42574,10.0969,6.5376,=,=,Ki
Cc1[nH]c(C(=O)Nc2ccc(C(N)=O)cc2OCc2cccc(C(=O)NCCC(=O)O)c2)c(Cl)c1Cl,CC(=O)Nc1ccc2c(-c3cc4ccccc4o3)ccnc2c1O,P11388,5.4685,6.3495,=,=,IC50
COc1ccc(-c2cnc3snc(NC(=O)C4CCCCCC4)c3c2)cc1OC,CO[C@@H]1[C@H](N(C)C(=O)c2ccccc2)C[C@H]2O[C@]1(C)n1c3ccccc3c3c4c(c5c6ccccc6n2c5c31)C(=O)NC4,O94768,6.2757,5.3279,=,=,Kd
Nc1ncnc2c1ncn2[C@@H]1O[C@H](COP(=O)(O)OP(=O)(O)OP(=O)(O)O)[C@H]2OC3(O[C@H]21)C([N+](=O)[O-])=CC([N+](=O)[O-])C=C3[N+](=O)[O-],N#Cc1cccc(NC(=O)c2cc(Cl)ccc2O)c1,P51575,6.9208,6.2823,=,=,IC50
C[S+]([O-])c1ccc(-c2nc(-c3ccc(F)cc3)c(-c3ccncc3)[nH]2)cc1,CNC(=O)c1nn(C)c2c1C(C)(C)Cc1cnc(Nc3ccc(N4CCN(C)CC4)cc3)nc1-2,P29323,5.1675,6.1152,=,=,Kd
C[C@H]1CN(CC2CCC2)CCN1c1cc(NC(=O)Cn2cc(-c3cc(C(N)=O)c(O)c(F)c3F)c3c(=O)n(C)cnc32)c(Cl)cn1,Cc1cc(-c2cn(CC(=O)Nc3cc(N4CCOCC4)ncc3Cl)c3ccn(C)c(=O)c23)cc(C(N)=O)c1O,P25090,7.4179,5.6576,=,=,Kd
CC(C)/C=C(/C[C@H](N)C(=O)O)C(=O)O,N[C@@H](Cn1cc(Br)c(=O)[nH]c1=O)C(=O)O,P42261,3.9454,7.0362,=,=,Ki
CCCCNc1ccc(C(=O)OCCN(C)C)cc1,NC(=O)[C@@H]1CCC[C@H](c2ccc(OCc3cccc(F)c3)cc2)N1,Q9NY46,6.1308,4.4,=,=,IC50
CO[C@]1(C)C[C@@H](c2ccccc2)c2c(c3ccccc3oc2=O)O1,O=S(=O)(Nc1ccnn1-c1ccccc1)c1ccccc1,P11712,4.699,5.699,=,=,Ki
COc1ccc(CC[C@H]2OC(=O)[C@@H]3CCCCN3C(=O)[C@@H](C3CCCCC3)c3cc(OC)c(OC)c(c3)OCCCOc3cccc2c3)cc1OC,COc1ccc(CC[C@H]2OC(=O)[C@@H]3CCCCN3C(=O)[C@@H](C3CCCCC3)c3cc(OC)c(OC)c(c3)OCCCCOc3cccc2c3)cc1OC,P68106,7.0269,7.2076,=,=,Kd
CC[C@H](C)[C@H](N)C(=O)N[C@@H](CCCCN)C(=O)N1CCC[C@H]1C(=O)N[C@@H](CCC(=O)O)C(=O)N[C@@H](C)C(=O)N1CCC[C@H]1C(=O)NCC(=O)N[C@@H](CCC(=O)O)C(=O)N[C@@H](CC(=O)O)C(=O)N[C@@H](C)C(=O)N[C@@H](CO)C(=O)N1CCC[C@H]1C(=O)N[C@@H](CCC(=O)O)C(=O)N[C@@H](CCC(=O)O)C(=O)N[C@@H](CC(C)C)C(=O)N[C@@H](CC(N)=O)C(=O)N[C@@H](CCCNC(=N)N)C(=O)N[C@@H](Cc1ccc(O)cc1)C(=O)N[C@@H](Cc1ccc(O)cc1)C(=O)N[C@@H](C)C(=O)N[C@@H](CO)C(=O)N[C@@H](CC(C)C)C(=O)N[C@@H](CCCNC(=N)N)C(=O)N[C@@H](Cc1cnc[nH]1)C(=O)N[C@@H](Cc1ccc(O)cc1)C(=O)N[C@@H](CC(C)C)C(=O)N[C@@H](CC(N)=O)C(=O)N[C@@H](C)C(=O)N[C@H](C(=O)N[C@H](C(=O)N[C@@H](CCCNC(=N)N)C(=O)O[C@@H](CCC(N)=O)C(=O)N[C@@H](CCCNC(=N)N)C(=O)N[C@@H](Cc1ccc(O)cc1)C(N)=O)[C@@H](C)O)C(C)C,CC[C@H](C)[C@@H]1NC(=O)[C@H](Cc2ccc(O)cc2)NC(=O)[C@H](Cc2cnc[nH]2)NC(=O)[C@H](CCCNC(=N)N)NC(=O)CCCCCNC(=O)[C@H](CCCCN)NC(=O)[C@H](CO)NC(=O)[C@@H](NC(=O)[C@@H](N)Cc2ccc(O)cc2)CCC(=O)NCCCC[C@@H](C(=O)N[C@H](C(=O)N[C@H](C(=O)N[C@@H](CCCNC(=N)N)C(=O)N[C@@H](CCC(N)=O)C(=O)N[C@@H](CCCNC(=N)N)C(=O)N[C@@H](Cc2ccc(O)cc2)C(=O)O)[C@@H](C)O)[C@@H](C)CC)NC(=O)[C@H](CC(N)=O)NC1=O,Q15761,6.7645,6.3005,=,=,EC50
CC[C@H](C)[C@@H]1NC(=O)[C@H](Cc2ccc(O)cc2)NC(=O)[C@H]([C@@H](C)CC)NC(=O)[C@H](C(C)C)NC(=O)[C@H]([C@@H](C)O)NC(=O)[C@H](CCCNC(=N)N)NC(=O)[C@H]([C@@H](C)CC)NC(=O)[C@H](Cc2ccc(O)cc2)NC(=O)[C@H](CCC(=O)O)NC(=O)[C@H](CC(C)C)NC(=O)CNC(=O)[C@@H](NC(=O)[C@H](CC(C)C)NC(=O)[C@H](CCCNC(=N)N)NC(=O)[C@@H](NC(=O)[C@H](CO)NC(=O)[C@H](CCC(=O)O)NC(=O)[C@@H](N)CCCCN)C(C)C)CSSC[C@H](N)C(=O)N[C@@H](CCCNC(=N)N)C(=O)N[C@@H](CCC(=O)O)C(=O)NCC(=O)N[C@@H](C)C(=O)N[C@@H](CO)C(=O)N[C@@H](CCSC)C(=O)N[C@@H](CCCCN)C(=O)N[C@@H](CCC(=O)O)C(=O)N[C@@H](CC(C)C)C(=O)N[C@@H](CO)C(=O)N[C@@H]([C@@H](C)O)C(=O)N[C@@H](CC(C)C)C(=O)N[C@H](C(=O)O)CSSC[C@@H](C(=O)N[C@@H](C)C(=O)N[C@@H](CO)C(=O)N[C@@H](CO)C(=O)N[C@@H](CCCNC(=N)N)C(=O)N[C@@H](Cc2c[nH]c3ccccc23)C(=O)O)NC1=O,Cc1cc(O)cc2c(/C=N/NC(=N)NCCc3ccc(Cl)c(Cl)c3)c[nH]c12,Q8TDU9,7.82,8.3979,=,=,EC50
C[C@H]1CNCC[C@@H]1NC(=O)C(C)(C)COc1ccccc1F,Cc1cc2ccccc2c(C(C)(C)NC(=O)c2cncc3c2OCCNC3)n1,P31391,8.5003,7.4318,=,=,EC50
Cc1c(F)c([N+](=O)[O-])cc(C(=O)Nc2cc(C(=O)Oc3ccccc3)ccc2N2CCN(C)CC2)c1Cl,CC(=O)N[C@@H](C)C(=O)N[C@@H](CCCNC(=N)N)C(=O)N[C@@H](C)C(=O)N[C@@H](CCC(=O)O)C(N)=O,P61964,6.0907,6.3979,=,=,IC50
C#CCOc1cc(COc2ccc(C(F)(F)F)cc2)ccc1Sc1ccc(OCC(=O)O)c2c1CCCC2,COC(=O)c1ccccc1N[C@@H](Cc1ccc(OCCc2nc(-c3ccccc3)oc2C)cc1)C(=O)O,Q03181,8.1549,5.9208,=,=,Ki
CCn1cc(CNC(=O)C2=C(C)NC(Nc3nc4cccc(N)c4o3)=NC2c2ccc(F)cc2Cl)cn1,N#CC1=C(SCc2cccc(N3CCOCC3)c2)SC(c2cc(O)ccc2O)NC1=O,P51570,6.1192,6.0458,=,=,IC50
Cc1ccc(O)c(C)c1-n1c(N)c(C(N)=O)c2c(=O)n(CC#N)c(C)nc21,CC(C)n1c(=O)c2cnc(Nc3ccc4c(c3)CCNC4)nc2n1-c1ccnc(C2(C#N)CC2)c1,Q99640,8.4202,5.5376,=,=,IC50
O=C(c1nc2n(n1)C(c1ccccc1F)CC2)N1CC(F)(F)C1,O=C(c1nc2n(n1)[C@@H](c1ccccc1)C[C@H]2F)C1CCC1,Q13546,7.3565,7.9208,=,=,Ki
O=C(Cn1cnc2ccccc21)c1ccc(O)c(O)c1,O=C1/C(=C/c2ccc(Br)cc2)NS(=O)(=O)c2ccccc21,P09923,4.8297,5.433,=,=,IC50
Cc1ccc(NC(=O)c2ccnc(C(C)(C)O)c2)cc1-c1cc(N2CCOCC2)c(S(C)(=O)=O)nn1,Cc1ccc(NC(=O)c2cccc(-c3nnco3)c2)cc1-c1cc(N2CCOCC2)nc(N2CC(O)C2)c1,P04049,8.7375,9.1675,=,=,IC50
C1CC2=NCCN2C1.O=C(O)/C=C/C(=O)O,N=C1SCCN1N.O=C(O)/C=C\C(=O)O,O95050,6.0,4.3298,=,=,IC50
Cl.O=C(O)CNC(=O)c1c(O)cc(C2CCCCC2)c2ncnn12,O=C(O)CNC(=O)c1nc(Cl)c2ccccc2c1O,Q9GZT9,4.7696,4.1024,=,=,EC50
CC(=O)N1CCc2ccc(N(C(=O)/C=C/c3ccsc3)C3CCN(Cc4ccccc4)CC3)cc21,CCN(CC)C(=O)C(c1ccccc1)N1CCN(c2ccc(-c3c(C)noc3C)cc2F)CC1,P49146,5.4949,5.0,=,=,IC50
CCc1csc(NC(Cc2ccccc2)(c2cc(F)cc(C(F)(F)F)c2)c2ccc(Cl)cn2)n1,OC(CN(Cc1cccc(OC(F)(F)C(F)F)c1)c1cccc(OCc2ccc(OC(F)(F)F)cc2)c1)C(F)(F)F,P11597,6.1549,5.4637,=,=,IC50
COc1cc(-c2cn(C)cn2)cc(S(=O)(=O)c2cnc(CN)s2)c1.Cl.Cl.Cl,Cl.Cl.Cl.Cn1cc(-c2cc(F)cc(S(=O)(=O)c3cnc(CN)s3)c2)cn1,Q9Y4K0,6.8539,7.0706,=,=,IC50
Nc1nc2sc(CCc3ccc(C(=O)N[C@@H](CCC(=O)O)C(=O)O)cc3)cc2c(=O)[nH]1,Nc1nc(N)c(CCCCc2ccc(C(=O)N[C@@H](CCC(=O)O)C(=O)O)cc2)c(=O)[nH]1,P22102,7.4908,5.7959,=,=,IC50
CCNC(=O)c1ccc2c(c1)OCCc1cc(C(=O)N(C)c3ccccc3Cl)sc1-2,COc1ccc(Nc2ncc(CN3CCCC3)cc2-c2nc(C)nc(N)n2)cn1,P42338,7.2596,7.1871,=,=,Ki
CC(C)(C)NC(=O)[C@H]1CC[C@H]2C3=C(CC[C@]12C)N1CCC(=O)C=C1CC3.CC(C)(C)NC(=O)[C@H]1CC[C@H]2C3CCC4=CC(=O)CCN4C3=CC[C@]12C,CCCCCN(C(=O)c1ccccc1)[C@H]1CCC2C3CC[C@H]4N(C)C(=O)CC[C@]4(C)C3CC[C@@]21C,P18405,6.8962,8.4921,=,=,IC50
CCCCCC(O)CCc1c(Cl)cc(Cl)c(=O)n1CCc1ccc(C(=O)O)cc1,O=C(O)c1ccc(CC[C@H]2C(=O)CC[C@@H]2/C=C/C(O)Cc2cccc(Br)c2)cc1,P35408,8.3098,9.699,=,=,EC50
CC(=O)O[C@@H]1CC2C(C)(C)[C@H](O)C[C@H](O)[C@@]2(C)C2CC[C@]3(C)C(=CC(=O)O[C@@H]3c3ccoc3)[C@]21C,O=C1c2c(O)ccc(O)c2C(=O)c2c(NCCNCCO)ccc(NCCNCCO)c21,Q9NPD5,5.1811,5.5086,=,=,Ki
CO[C@@H]1[C@H](NCCOCCOCCOCCNC(=O)CCC2=[N+]3C(=Cc4c(C)cc(C)n4[B-]3(F)F)C=C2)C[C@H]2O[C@]1(C)n1c3ccccc3c3c4c(c5c6ccccc6n2c5c31)C(=O)NC4,CC[C@@H]1C(=O)N(C)c2cnc(Nc3ccc(C(=O)NC4CCN(C)CC4)cc3OC)nc2N1C1CCCC1,P15735,7.1487,5.7371,=,=,Kd
COc1ccc(Cn2c(=O)n3ncnc3c3c4c(sc32)N(Cc2ccc(Cl)cc2)CCC4)cc1OC,O=c1n(Cc2ccc(Cl)cc2F)c2sc3c(c2c2ncnn12)CCOC3,Q01064,5.2596,6.2596,=,=,EC50
CCOCCOCCOCCn1cc(-c2cccc(OC(=O)[C@H]3[C@@H](c4ccccc4)[C@H](C(=O)O)[C@@H]3c3ccccc3)c2)nn1,N#Cc1ccc(-c2ccccc2)cc1NC(=O)[C@H]1[C@@H](c2ccccc2)[C@H](C(=O)O)[C@@H]1c1ccccc1,O15540,5.9747,5.7721,=,=,Ki
N#CCS(=O)(=O)N1CCN(c2ccc(OC[C@@H]3CO[C@@](Cn4ccnc4)(c4ccc(Cl)cc4Cl)O3)cc2)CC1,O=C1CCc2cc(C(O)(c3ccccc3)c3ccncc3)cc3c2N1CC3,P15538,7.1549,6.1278,=,=,IC50
CC(C)(C)OC(=O)NC[C@H](Cc1ccccc1)C(=O)N[C@@H](Cc1ccc(NS(=O)(=O)O)cc1)c1nc(-c2ccccc2)cs1,COc1ccc(S(=O)(=O)N(Cc2ccc(NS(=O)(=O)O)cc2)c2nc(-c3ccccc3)cs2)cc1,P23467,7.301,5.6849,=,=,IC50
Cc1ccc(-c2ncc(OC[C@@H]3CCNC3)cc2-c2ccc(C#N)cc2)cc1,CN[C@H]1CCN(C(=O)c2nc(-c3ccc(C#N)c(F)c3)n(-c3cc4cn(C)nc4cc3F)c2C)C1,O60341,7.2076,7.1675,=,=,EC50
COc1ccccc1-c1csc2ncnc(Sc3nnnn3C)c12,Cc1ncsc1-c1ccc([C@H](C)NC(=O)[C@@H]2C[C@@H](O)CN2C(=O)[C@@H](NC(=O)CCCCCCCCC(=O)Nc2ccc(C(=O)Nc3cccc(Nc4cc(-c5c[nH]c6ccccc56)ncn4)c3)cc2)C(C)(C)C)cc1,Q8TBX8,4.1,6.6576,=,=,Kd
COc1ccc(N2N=C(C)C(C(=O)Nc3cccc(C(C)(F)F)c3)C2=O)cn1,Cn1c(C(O)(c2ccccc2)c2ncccc2F)nc2ccc(S(N)(=O)=O)cc21,Q9NR19,8.301,7.301,=,=,IC50
C[C@@H](CN)c1ccc(-c2c(O)cc(Br)c3[nH]c(=O)c4sccc4c23)cc1,NCCc1ccc(-c2c(O)cc(Br)c3[nH]c(=O)c4sccc4c23)cc1,Q96PY6,7.7696,7.3468,=,=,IC50
CCCN1CC2=NNC(=O)c3cc(F)cc4[nH]c(c2c34)C1,O=C1NCC2c3c(cccc31)CCN2C(=O)CN1CCCCC1,P09874,8.4685,6.5528,=,=,EC50
C[C@@H](n1c(=O)[nH]c2ccc(C(=O)NCc3ccc(Cl)cc3)cc21)C(C)(C)C,C[C@@H](n1c(=O)[nH]c2ccc(C3=NC(=O)[C@](C)(c4ncc(Cl)cn4)N3)cc21)C(C)(C)C,Q9NY97,6.2147,7.0862,=,=,IC50
CN(CCc1ccccc1)C(=O)Cc1cccc(/C=C/C(=O)O)c1,CC(C)(CCCCOc1cc(-c2ccccc2)cc(-c2ccccc2)n1)c1nnnn1CCCCC(=O)NCCCOCCOCCOCCCNC(=O)[C@H](CS(=O)(=O)O)NC(=O)[C@H](CS(=O)(=O)O)NC(=O)[C@H](CS(=O)(=O)O)NC(=O)[C@H](CS(=O)(=O)O)NC(=O)CC[C@H](NC(=O)c1ccc(N/N=C/c2ccccc2)nc1)C(=O)N[C@@H](CS(=O)(=O)O)C(=O)N[C@@H](CS(=O)(=O)O)C(=O)N[C@@H](CS(=O)(=O)O)C(=O)N[C@@H](CS(=O)(=O)O)C(=O)NCCCOCCOCCOCCCNC(=O)CCCCn1nnnc1C(C)(C)CCCCOc1cc(-c2ccccc2)cc(-c2ccccc2)n1,Q15722,7.301,6.6383,=,=,IC50
C[C@H](Oc1ccc(S(C)(=O)=O)cc1C(=O)N1Cc2ccc(-c3ccccc3)cc2C1)C(F)(F)F,O=C1NCN(c2ccccc2)C12CCN([C@@H]1CCCC[C@@]1(O)c1ccc(F)cc1)CC2,Q9Y345,4.9208,4.2441,=,=,EC50
Cc1ccc2nc(NCCN)c3ncc(C)n3c2c1,CO[C@@H]1[C@H](NCCOCCOCCOCCNC(=O)CCC2=[N+]3C(=Cc4c(C)cc(C)n4[B-]3(F)F)C=C2)C[C@H]2O[C@]1(C)n1c3ccccc3c3c4c(c5c6ccccc6n2c5c31)C(=O)NC4,Q9C098,5.7696,7.2218,=,=,Kd
O=c1cc(-c2ccnc(NC3CCOCC3)n2)ccn1C(CO)c1ccc(F)c(F)c1,O=c1cc(-c2ccnc(NC3CCOCC3)n2)ccn1[C@H](CO)c1ccc(F)c(Cl)c1,P28482,9.301,9.5229,=,=,Ki
O=C(CCCCCCC(=O)NCCCCCCCCCCC(=O)Nc1ccc2c(c1)[C@@]13CCN4CC5=CCO[C@H]6CC(=O)N2[C@H]1[C@H]6[C@H]5C[C@H]43)NCCCCCCCCCCC(=O)Nc1ccc2c(c1)[C@@]13CCN4CC5=CCO[C@H]6CC(=O)N2[C@H]1[C@H]6[C@H]5C[C@H]43,O=C(CCCC(=O)Nc1ccc2c(c1)[C@@]13CCN4CC5=CCO[C@H]6CC(=O)N2[C@H]1[C@H]6[C@H]5C[C@H]43)Nc1ccc2c(c1)[C@@]13CCN4CC5=CCO[C@H]6CC(=O)N2[C@H]1[C@H]6[C@H]5C[C@H]43,P23415,4.5229,5.0,=,=,IC50
Cl.O=c1c2c3n(c(=O)cc2[nH]n1-c1ccccc1Cl)CCCN(Cc1cccc(Cl)c1)C3,O=C(Nc1nnc(-c2ccncc2)s1)c1cnc(O[C@@H](CO)c2ccccc2)c(Cl)c1,Q9Y5S8,6.983,7.0362,=,=,Ki
O=C(O)C1(Cc2cc3ccc(F)cc3[nH]2)CSC(CCc2c(Cl)cccc2Cl)=N1,O=C(O)C[C@@H](Cc1cccc(C(F)(F)F)c1)NC(=O)c1ccc2ccccc2c1,Q13526,6.7077,4.8861,=,=,Ki
COc1cc(N2CCC(N3CCN(CC4CCN(c5ccc6c(c5)CN(C5CCC(=O)NC5=O)C6=O)CC4)CC3)CC2)ccc1Nc1ncc(Cl)c(Nc2ccccc2P(C)(C)=O)n1,Cc1cccc(Nc2nc(N[C@@H]3CCCC[C@H]3N)c(C#N)cc2C(N)=O)c1,P16591,8.5086,7.2441,=,=,IC50
CCC(C)n1ncn(-c2ccc(N3CCN(c4ccc(OCC5COC(Cn6cncn6)(c6ccc(Cl)cc6Cl)O5)cc4)CC3)cc2)c1=O,O=C(N[C@@H](Cc1ccccc1)C(=O)N1CCC(O)CC1)c1cc2ccccc2[nH]1,Q16850,5.4437,6.041,=,=,IC50
CO[C@@H]1CC/C=C/C=C/CCOC(=O)[C@@H]2CCCN(N2)C(=O)[C@H](Cc2cccc(O)c2)NC(=O)[C@H](C(C)C)NC(=O)[C@@H]1C,CC(C)[C@@H]1OC(=O)C(C)(C)/C=C/c2cc3cc(ccc3cn2)[C@@H](C)NC(=O)[C@@H]2CCCN(N2)C(=O)[C@H](C)NC1=O,P62937,7.1871,8.0,=,=,Kd
COC(=O)c1cn(C)c2ccc(-c3ccccc3)cc12,CN(C)C(=O)CCc1nc(-c2ccccc2)c(-c2ccccc2)o1,P43354,5.6383,4.6778,=,=,IC50
CN(C)[C@H]1C[C@@]23CC[C@]4(O2)C(=CC[C@]2(C)[C@@H](c5ccc6ccncc6c5)CC[C@H]24)C=C3[C@@H](O)[C@@H]1O,CC1=NNC(=O)C12CCN(c1c(Cl)cncc1-c1ccc3c(c1)CS(=O)(=O)N3C)CC2,P49336,7.9208,8.5686,=,=,IC50
CC(C)(O)Cc1ccc2[nH]c3c(c2c1)-c1nc(N)ncc1CCC3,Nc1ncc2c(n1)-c1c([nH]c3ccc(-c4ccc(F)cc4)cc13)CCC2,Q9Y2I7,6.5376,7.9431,=,=,IC50
CCc1nc(C(N)=O)c(Nc2ccc(N3CCC(N4CCN(C)CC4)CC3)c(OC)c2)nc1NC1CCOCC1,CN1CC[C@H](c2c(O)cc(O)c3c(=O)cc(-c4ccccc4Cl)oc23)[C@H](O)C1,Q9UL54,5.6794,6.6021,=,=,Kd
COC(=O)[C@H](CO)NC(=O)[C@H](CCCCN1CCCCCC1)NC(=O)[C@H](CC(C)C)NC(=O)[C@H](C)NC(=O)[C@H](Cc1ccccc1)NC(=O)CNC(=O)c1ccccc1,CC[C@H](NC(=O)[C@H](Cc1ccccc1)NC(=O)c1ccc(C(C)(C)C)cc1)C(=O)N[C@@H](CC(C)C)C(=O)N[C@@H](CCCCN(CC)CC)C(=O)N[C@@H](CO)C(=O)OC,Q8N8U2,6.2291,6.301,=,=,IC50
NS(=O)(=O)c1ccc(CCNC(=O)CN2C(=O)NC3(CCCCCC3)C2=O)cc1,NS(=O)(=O)c1ccc(N2C(=O)c3cccnc3C2=O)cc1,P00918,9.1487,6.8794,=,=,Ki
CS(=O)(=O)n1ccc(C(=O)NCC(=O)Nc2nc(-c3cccc(-c4ccncc4)n3)cs2)c1,CCNC(=O)C[C@@H]1N=C(c2ccc(Cl)cc2)c2cc(OC)ccc2-n2c(C)nnc21,P51531,7.549,7.699,=,=,IC50
O=C(O)c1ccnc(-c2csc(NC(=O)c3ccccc3)n2)c1,O=C(Nc1nc(-c2ccccn2)cs1)c1ccccc1,O94953,4.7696,4.9172,=,=,IC50
O=C(Nc1cc2cc(-c3cnccn3)ccc2cn1)C1CCNCC1,COC(=O)CN1CCC(C(=O)Nc2cc3cc(-c4cnn(C)c4)ccc3cn2)CC1,Q13627,8.0,8.7959,=,=,EC50
CCC(=O)N(c1ccc(C)cc1)C1CCN(CCc2ccc(S(N)(=O)=O)cc2)CC1,COc1cc(/C=C/C(=O)OCCc2ccc(O)cc2)ccc1O,Q9ULX7,7.0675,6.1427,=,=,Ki
COc1ccc(CC[C@@H](OC(=O)[C@@H]2CCCCN2C(=O)[C@H](c2cc(OC)c(OC)c(OC)c2)c2ccc(Cl)s2)c2cccc(OCC(=O)O)c2)cc1OC,COc1ccc(CC[C@@H](OC(=O)[C@@H]2CCCCN2C(=O)[C@H](c2cc(OC)c(OC)c(OC)c2)C2CCCCC2)c2cccc(OCC(=O)O)c2)cc1OC,Q02790,6.0223,5.4135,=,=,Ki
Cc1cc(C(=O)Nc2ccc(C(=O)O)cc2)n(Cc2cccc(N3CCCCC3)n2)c1,Cc1ccc(C(=O)Nc2ccccc2)n1Cc1csc(N2CCCCC2)n1,O00429,5.7696,4.4437,=,=,IC50
C=CC(=O)NC1CCN(S(=O)(=O)c2ccc(C(=O)NCCc3cccc4c3OCC4)cc2)CC1,C=C1C[C@@H](C(=O)N[C@@H](CC(C)C)C(=O)N[C@H](C(N)=O)C2CCCCC2)N(C(=O)[C@@H](NC(=O)[C@H](CC/C=C/C(=O)OCC)NC(=O)c2ccc([N+](=O)[O-])cc2C(=O)O)C(C)(C)C)C1,P21980,6.585,6.0432,=,=,IC50
COC(=O)C1=C(C)NC2=C(C(=O)CC(C)(C)C2)C1c1ccc(-c2ccccc2C)cc1,O=C(NCCN1CCNCC1)c1cnccc1Nc1nc(-c2ccccn2)nn2cccc12,P37173,6.0506,5.7545,=,=,IC50
CCc1nc(C(N)=O)c(Nc2ccc(N3CCC(N4CCN(C)CC4)CC3)c(OC)c2)nc1NC1CCOCC1,CNC(=O)c1cc(Oc2ccc(NC(=O)Nc3ccc(Cl)c(C(F)(F)F)c3)cc2)ccn1,Q13470,7.4089,5.6383,=,=,Kd
O=C1Nc2c(C(=O)O)cccc2C1=O,O=C1c2cc(Cl)ccc2NC(c2ccc(Cl)c(Cl)c2)c2cccn21,P18858,5.3979,4.8013,=,=,IC50
Cc1ncc([N+](=O)[O-])n1CCSc1nnc(-c2ccccc2[N+](=O)[O-])o1,C#CCN(Cc1ccc2nc(C)nc(O)c2c1)c1ccc(C(=O)NC(CCC(=O)O)C(=O)O)cc1,P04818,6.2076,8.0,=,=,IC50
CC(C)NC(=O)Cc1nn(-c2ccc(CCN3CC4(CCOCC4)C3)cc2)c(=O)n1-c1cccc(Cl)c1,CC(C)NC(=O)Cn1c(-c2cccc(Cl)c2)cn2cc(OCCCN3CCC(C(F)(F)F)C3)cc2c1=O,P47901,7.2596,8.2,=,=,IC50
Cc1cc(C)c2cccc(OCc3c(Cl)ccc(S(=O)(=O)NC4(C(=O)N5CCN(C(=O)CCCC[N+](C)(C)C)CC5)CCCC4)c3Cl)c2n1,Cc1ccc2cccc(OCc3c(Cl)ccc(N(C)C(=O)Cc4ccc(C(=O)c5ccccc5)n4C)c3Cl)c2n1,P30411,9.6,5.6402,=,=,Ki
Cc1cc(N(C)C)nc2ccc(NC(=O)/C=C/c3ccco3)cc12,O=C(c1ccccc1C(=O)N1CCC(N2CCCC2)CC1)N1CCC(N2CCCC2)CC1,Q12888,5.3768,5.3279,=,=,IC50
C[C@@H](O)[C@@H]1NC(=O)[C@H](CCCCN)NC(=O)[C@@H](Cc2c[nH]c3ccccc23)NC(=O)[C@H](Cc2ccccc2)NC(=O)[C@@H]2CCCN2C(=O)[C@H](Cc2ccccc2)NC1=O,C[C@@H](O)[C@H](NC(=O)[C@@H]1CSSC[C@@H](NC(=O)[C@H](N)Cc2ccc(O)cc2)C(=O)N[C@@H](Cc2ccccc2)C(=O)N(C)[C@@H](Cc2c[nH]c3ccccc23)C(=O)N[C@@H](CCCCN)C(=O)N[C@@H]([C@@H](C)O)C(=O)N1)C(N)=O,P30874,9.1192,6.9194,=,=,Kd
O=C1CCc2ccc(OCCCCN3CCN(c4cccc(Cl)c4Cl)CC3)cc2N1,COc1ccccc1N1CCN(CC(O)CCNC(=O)c2cnc3ccccc3c2)CC1,P35462,7.09,7.3279,=,=,IC50
COc1cc(C2=NOC(COC(=O)[C@@H](N)CCSC)C2)ccc1O,NC(=O)[C@H](Cc1ccc(O)cc1)NC(=O)[C@@H]1CCCN1/C(=C1\N=C(c2ccc(Br)cc2)OC1=O)c1ccccc1,P56192,4.2366,5.6517,=,=,IC50
CC[C@@H]1C(=O)N(C)c2cnc(Nc3cc(N4CCN(C)CC4)cc(Cl)c3OC)nc2N1C(C)C,CC[C@@H]1C(=O)N(C)c2cnc(-n3ccc4cc(F)ccc43)nc2N1C1CCCC1,Q9NYY3,5.2548,6.0136,=,=,IC50
CC[C@H](C)[C@@H]1NC(=O)[C@H](Cc2ccc(O)cc2)NC(=O)CCSSC[C@@H](C(=O)N2CCCCC2C(=O)N[C@@H](CC(C)C)C(=O)NCC(N)=O)NC(=O)[C@H](CC(N)=O)NC(=O)[C@H](CCC(N)=O)NC1=O,CCCNCCC[C@H](NC(=O)[C@@H]1CCCN1C(=O)[C@@H]1CSSC[C@H](N)C(=O)N[C@@H](Cc2ccccc2)C(=O)N[C@@H]([C@@H](C)CC)C(=O)N[C@@H](CCC(N)=O)C(=O)N[C@@H](CC(N)=O)C(=O)N1)C(=O)NCC(N)=O,P37288,8.3979,9.6789,=,=,EC50
COS(=O)(=O)[O-].C[n+]1cc(P(=S)(c2ccccc2)c2ccccc2)n2ccccc21,O=C(c1ccccc1N1Cn2c(ccc2-c2ccccc2)C1=O)N1CCCCC1,Q6W5P4,5.0055,8.0,=,=,IC50
O=C(O)CNC(=O)c1ncc(-c2cc(C3CC3)no2)cc1O,O=C(O)CNC(=O)c1ncc(-c2cc3ccccc3o2)cc1O,Q9GZT9,5.7518,5.7535,=,=,Ki
NC(=O)c1nnc(N[C@@H]2CCCC[C@@H]2N)nc1Nc1cccc2cc[nH]c12,Cc1ccc(-n2nc(C(C)(C)C)cc2NC(=O)Nc2ccc(OCCN3CCOCC3)c3ccccc23)cc1,Q12866,6.8239,5.4318,=,=,Kd
CCOc1ccccc1N/N=C1\C(=O)N(c2cc(O)cc(-c3ccc(N(C)C)cc3)c2)N=C1C,CCOc1ccccc1N/N=C1\C(=O)N(c2cc(O)cc(-c3ccc(C(C)C)cc3)c2)N=C1C,Q07812,6.0969,5.9208,=,=,Ki
CC(C)[C@H](NC(=O)c1ccc(Br)cc1)C(=O)N1C[C@H](C#N)C[C@H]1C(=O)N[C@@H](CCCNC(=N)N)C(=O)CF,CC(C)[C@H](NS(=O)(=O)c1ccc(Br)cc1)C(=O)N1CCC[C@H]1C(=O)N[C@@H](CCCNC(=N)N)C(=O)CF,Q9UDY8,7.5528,7.1805,=,=,Ki
Nc1nc(Cl)c2ccn(Cc3ccc(NC(=O)CS)cc3)c2n1,O=C(NO)c1ccc(C2CCCC2)cc1,Q13547,5.5528,4.5376,=,=,IC50
Cc1c(Cl)cccc1Nc1ccccc1C(=O)Nc1ccc(N2CCN(C(C)C)CC2)cc1,NS(=O)(=O)c1ccc(N2C(=O)CC(CC(=O)c3ccccn3)C2=O)cc1,P00403,5.4498,5.0487,=,=,IC50
NNc1ccc(S(N)(=O)=O)cc1,COc1ccc2c(c1OC)Cc1c-2[nH]c2ccccc12,P23280,5.8945,5.0057,=,=,Ki
COc1ccccc1[C@@H](CNC(=O)c1c(C)c(-c2ccccc2)nc2ccc(Br)cc12)CC(=O)O,CCc1ccccc1N(CC(=O)NCc1ccc(Cl)cc1)S(=O)(=O)c1ccc(C)cc1,P43088,8.0458,5.38,=,=,IC50
CC(=O)Nc1nc(C)c(-c2cn(S(=O)(=O)c3cccc4ccccc34)c3ccccc23)[nH]1,NCCc1cn(S(=O)(=O)c2ccc(Cl)c(Cl)c2)c2ccccc12,P50406,7.8861,7.5229,=,=,Ki
Nn1c(CCCCN2CCN(c3nc4ccccc4cc3O)CC2)nc2c(c1=O)CCCC2,Cc1cccc2c1nc1n2C[C@@]2(CN3CCC2CC3)O1,P46098,7.279,8.1549,=,=,IC50
CC(C)C[C@H](NC(=O)[C@@H](NC(=O)[C@H](Cc1ccc(O)cc1)NC(=O)[C@@H]1CCCN1C(=O)[C@H](CCCNC(=N)N)NC(=O)CCCCCCN)C(C)(C)C)C(=O)O,CC[C@H](C)[C@H](NC(=O)[C@H](Cc1ccc(O)cc1)NC(=O)[C@@H]1CCCN1C(=O)[C@H](CCCCN)NC(=O)[C@@H](N)CCCCN)C(=O)N[C@@H](CC(C)C)C(=O)O,P30989,8.5243,8.5686,=,=,Ki
CNCc1ccc(-c2cccnc2)s1,Cl.Cl.NCc1ccc(-c2cnccc2-c2ccco2)o1,P11509,5.9586,6.5376,=,=,IC50
CCCCC(NC(=O)[C@H](CCC(=O)O)NC(=O)[C@H](CC(=O)O)NC(=O)[C@H](CO)NC(=O)[C@H](Cc1ccccc1)NC(=O)[C@H](CO)NC(=O)CNC(=O)[C@H](CC(=O)O)NC(=O)CNC(=O)[C@@H](N)Cc1cnc[nH]1)C(=O)N[C@H](Cc1cccs1)C(=O)N[C@H](C(=O)N[C@H](C(=O)N[C@@H](CC(C)C)C(=O)N[C@@H](CC(=O)O)C(=O)N[C@@H](Cc1ccccc1)C(=O)N[C@@H](CC(C)C)C(=O)N[C@@H](C)C(=O)N[C@@H](C)C(=O)N[C@@H](CCCNC(=N)N)C(=O)N[C@@H](CC(=O)O)C(=O)N[C@@H](Cc1ccccc1)C(=O)N[C@H](C(=O)N[C@@H](CC(N)=O)C(=O)N[C@@H](Cc1c[nH]c2ccccc12)C(=O)N[C@@H](CC(C)C)C(=O)N[C@H](C(=O)N[C@@H](CCC(N)=O)C(=O)N[C@H](C(=O)N[C@@H](CCCCN)C(=O)N[C@H](C(=O)N[C@H](C(=O)N[C@@H](CC(=O)O)C(N)=O)[C@@H](C)O)[C@@H](C)CC)[C@@H](C)O)[C@@H](C)CC)[C@@H](C)CC)[C@@H](C)CC)[C@@H](C)O,CC[C@H](C)[C@H](NC(=O)[C@H](Cc1ccccc1)NC(=O)[C@H](CC(=O)O)NC(=O)[C@H](CCCNC(=N)N)NC(=O)[C@H](C)NC(=O)[C@H](C)NC(=O)[C@H](CCCCN)NC(=O)[C@H](CC(N)=O)NC(=O)[C@H](CCC(=O)O)NC(=O)[C@H](CC(C)C)NC(=O)[C@@H](NC(=O)[C@@H](NC(=O)[C@H](CO)NC(=O)[C@H](CC(C)C)NC(=O)[C@H](CC(=O)O)NC(=O)[C@H](CO)NC(=O)[C@@H](NC(=O)[C@H](Cc1ccccc1)NC(=O)[C@@H](NC(=O)CNC(=O)[C@H](CCC(=O)O)NC(=O)CNC(=O)[C@@H](N)Cc1cnc[nH]1)[C@@H](C)O)[C@@H](C)O)[C@@H](C)O)[C@@H](C)CC)C(=O)N[C@@H](CCC(=O)O)C(=O)N[C@@H](Cc1c[nH]c2ccccc12)C(=O)N[C@@H](CC(C)C)C(=O)N[C@H](C(=O)N[C@@H](CCC(N)=O)C(=O)N[C@H](C(=O)N[C@@H](CCCCN)C(=O)N[C@H](C(=O)N[C@H](C(=O)N[C@@H](CC(=O)O)C(=O)O)[C@@H](C)O)[C@@H](C)CC)[C@@H](C)O)[C@@H](C)CC,O95838,10.1549,11.0969,=,=,EC50
O=C(Cc1ccccc1F)Nc1cnn(-c2ccccc2)n1,C[C@@H](C(=O)Nc1ccn(-c2ccccc2)n1)c1ccccc1,Q9BW60,6.0458,6.2368,=,=,IC50
CC(C)(NC(=O)Cc1csc(-c2ccc(Cl)cc2C2CC2)n1)C(=O)O,Cc1n[nH]c2c1C(c1cc(CO)cc(-c3ccccc3)c1)(C(C)C)C(C#N)=C(N)O2,P34896,4.2596,8.0935,=,=,IC50
COc1ccc(C(=O)N2CC(C)N(C(=O)c3ccc(OC)cc3F)CC2C)c(F)c1,COc1ccc(C(=O)N2CCN(C(=O)c3ccc(OC)cc3F)C(C)C2C)c(F)c1,P31327,4.9431,4.4437,=,=,IC50
Cc1ccc(C(=O)Nc2ccc(Oc3cc4cnn(C)c4cc3-c3cn[nH]c3)c(F)c2)c(=O)n1-c1ccc(F)cc1,COc1ccc2c(Oc3ccc(NC(=O)c4c(C5CCOCC5)n(C)n(-c5ccccc5)c4=O)nc3)ccnc2c1,P08581,8.699,8.9586,=,=,Ki
CCc1c(F)cccc1Cc1c(CNCCO)nc2c(N)cc(N3CCOCC3)nn12,C[C@@H]1COCCN1c1nc(-c2cnc(N)cc2C(F)F)nc(N2CCOCC2(C)C)n1,P48736,6.1403,6.2255,=,=,Kd
COc1cc(-c2cc(-c3cnn(C4CCNCC4)c3)cnc2N)cc2c1C(=O)N(CC(F)(F)F)CC2,CC(C)Oc1cc(-n2cnc3ccc(N[C@@H](C)c4ccc(F)cn4)nc32)n[nH]1,P57059,7.3768,8.2596,=,=,IC50
O=C(C1CCN(c2ccncc2)CC1)N1CCN(S(=O)(=O)c2ccc(Br)cc2)CC1,CN(Cc1ccc(C2CCCN(C)C2)cc1)Cc1ccc2ccccc2c1,P48449,6.7932,5.0701,=,=,IC50
Nc1nc2c(-c3ccccn3)nccc2[nH]1,CC[C@@H]1C(=O)N(C)c2cnc(Nc3ccc(C(=O)NC4CCN(C)CC4)cc3OC)nc2N1C1CCCC1,Q15418,6.2757,5.2676,=,=,Kd
Cc1cc(S(=O)(=O)Nc2cscn2)c(F)cc1N(C)[C@H]1CCN(Cc2nc3ccccc3s2)C1,Cc1c(N(C)[C@H]2CCN(Cc3ccccc3)C2)cc(F)c(S(=O)(=O)Nc2cccc(F)n2)c1F,P35498,5.1728,4.5844,=,=,IC50
O=C(NCCCN1CCOC1=O)c1cnc(NCc2cc(Cl)ccc2Cl)nc1NC1CCCC1,N#CC[C@H](C1CCCC1)n1cc(-c2ncnc3[nH]ccc23)cn1,Q15349,5.8861,6.8239,=,=,Kd
C[C@@H](O)CNC1CCN(c2ccc(Nc3ncc4c5ccncc5n(C5CCCC5)c4n3)nc2)CC1,Cc1nc2c(F)cc(-c3nc(Nc4ccc5c(n4)CCN(CCN(C)C(N)=S)C5)ncc3F)cc2n1C(C)C,Q00534,7.4226,8.2299,=,=,IC50
C[C@H]1CCCN(Cc2cc3c(C4CC4)cn(-c4cccc(C5(Cc6nncn6C)COC5)c4)c(=O)c3s2)C1,CCN(Cc1cc2c(C(F)(F)F)cn(-c3cccc([C@]4(c5nncn5C)C[C@@H](C)C4)c3)c(=O)c2[nH]1)CC(C)C,Q13191,7.7696,8.8041,=,=,Ki
C[C@H](c1ccccc1)N1C(=O)O[C@](Cc2ccccc2)(C(=O)NCc2ccc(Cl)cc2)C1=O,C[C@H](c1ccc(F)cc1)N1C(=O)O[C@](Cc2ccccc2)(c2nc3cc(-n4cnnn4)ccc3[nH]2)C1=O,P08235,6.699,6.9208,=,=,IC50
O=c1c(OS(=O)(=O)O)c(-c2ccc(OS(=O)(=O)O)cc2OS(=O)(=O)O)oc2cc(OS(=O)(=O)O)cc(OS(=O)(=O)O)c12,Nc1nccc2ccc(CN3CC[C@H](NS(=O)(=O)c4cc5ncccc5s4)C3=O)cc12,P00742,5.7447,7.0202,=,=,Kd
Clc1cc(Cl)c(OCC#CI)cc1Cl,CC(C)(C)CC(C)(C)c1ccc(OCCOCC[N+](C)(C)Cc2ccccc2)cc1.[Cl-],P18089,6.2588,6.1918,=,=,IC50
CC(C)(C(=O)NC(N)=O)[C@@H]1c2ccc(-c3ccc(C(=O)N4CCCC4)nc3)nc2Oc2c(F)cccc21,O=S(=O)(c1ccc(N2CCOCC2)cc1)N1CCC2=Cc3c(cnn3-c3ccc(F)cc3)CC2(Cc2ccc(F)cc2)C1,P04150,8.7023,8.4223,=,=,Ki
OC[C@H]1NC[C@H](O)[C@@H](O)[C@H]1O,CCCCCCCCCCN[C@@H]1C=C[C@H](O)[C@H](O)[C@H]1O.Cl,P16278,4.0458,4.3665,=,=,IC50
C1=C(c2c[nH]cn2)CCNC1,Cc1nc(N2CCCC2)ncc1-c1ccc2cc(CCN3CCC[C@H]3C)ccc2n1,Q9Y5N1,5.82,9.109,=,=,EC50
CCCc1nn(C)c2c(=O)[nH]c(-c3cc(NCCC(=O)NO)ccc3OCC)nc12,COc1cc2c(Nc3ccc4c(c3)OCO4)ncnc2c(OC)c1OC,O76074,7.3565,4.9586,=,=,IC50
COC(=O)c1cc(O)c2cc(NC(=O)NCCCCNC(=N)NC/C=C/[C@H]3O[C@@H](n4cnc5c(N)ncnc54)[C@H](O)[C@@H]3O)ccc2c1,O=C(CNC(=O)Nc1ccc2cnccc2c1)NC1CC1,O60678,5.3925,6.8013,=,=,IC50
CCn1nc(-c2ccccc2)c2sccc2c1=O,COc1ccc(CCNc2nc(N)c3nc(-c4ccccc4)sc3n2)cc1,P0DMS8,5.5867,5.4523,=,=,Ki
CN1CC[C@H](c2c(O)cc(O)c3c(=O)cc(-c4ccccc4Cl)oc23)[C@H](O)C1,Clc1cnc(N[C@H]2CCCNC2)nc1-c1c[nH]c2ccccc12,P50613,7.6383,9.4815,=,=,Kd
COc1ccc(N2CCN(C(=O)CN(CC(=O)N3CCN(c4ccc(OC)cc4)CC3)c3ccc(C(C)C)cc3)CC2)cc1,CC(=O)c1ccc(NCC(=O)N2CCN(c3ccc(N)cc3)CC2)cc1,P04839,-0.0,0.699,=,=,IC50
CCc1nc(C(N)=O)c(Nc2ccc(N3CCC(N4CCN(C)CC4)CC3)c(OC)c2)nc1NC1CCOCC1,CO[C@@H]1[C@H](N(C)C(=O)c2ccccc2)C[C@H]2O[C@]1(C)n1c3ccccc3c3c4c(c5c6ccccc6n2c5c31)C(=O)NC4,O75716,6.5302,6.5528,=,=,Kd
O=S(=O)(Nc1cncc(C(F)(F)F)c1)c1ccccc1C(F)(F)F,C=Cc1cc(C(=O)O)cc2c1CCc1c-2ccc(O)c1C,Q8TCC7,5.4685,5.5528,=,=,IC50
CN1C(=O)c2sccc2N(C)c2nc(Nc3ccc(S(N)(=O)=O)cc3)ncc21,CO[C@@H]1[C@H](N(C)C(=O)c2ccccc2)C[C@H]2O[C@]1(C)n1c3ccccc3c3c4c(c5c6ccccc6n2c5c31)C(=O)NC4,P42336,7.4685,5.9586,=,=,Kd
CCc1cc(Nc2nc(N[C@@H](C)c3ccc(Cl)cn3)nc3cccc(OC)c23)n[nH]1,Cc1[nH]c(/C=C2\C(=O)Nc3ccc(C(=O)N[C@H](C)c4ccc(F)cc4)cc32)c(C)c1NC(=O)[C@H]1CCOC1,P43250,8.4559,7.2218,=,=,IC50
C#CC[C@H](N)C(=O)NS(C)(=O)=O,Cc1ccc(NC(=O)CSC(=S)N/N=C/c2ccccn2)cc1,P32929,3.9031,5.699,=,=,IC50
CN1CCN(c2ccc(Nc3nc(N)c(C(=O)c4ncccc4Cl)s3)cc2)CC1,Cc1ccc2nc(NCCN)c3ncc(C)n3c2c1,Q9UQ88,5.9586,6.4089,=,=,Kd
O=C(CI)Nc1cc(CCC(=O)c2c(O)cc(O)cc2O[C@@H]2O[C@@H](CO)[C@@H](O)[C@H](O)[C@@H]2O)ccc1O,O=C(CCc1ccc(O)cc1)c1c(O)cc(O)cc1OC1CC(O)C(O)C(CO)O1,P13866,5.1549,5.585,=,=,Ki
N#Cc1cc(S(=O)(=O)Nc2cnoc2)ccc1Oc1ccccc1-c1ccccc1,CN(C)[C@H]1C[C@@H](c2ccc(F)c(C(F)(F)F)c2)CC[C@@H]1Nc1cc(F)c(S(=O)(=O)Nc2ccncn2)cc1Cl,Q15858,5.0,9.1163,=,=,IC50
CCN(C/C=C/C#CC(C)(C)C)Cc1cccc(OC[Si](C)(C)c2ccc(OC)cc2)c1,CCN(C/C=C/C#CC(C)(C)C)Cc1cccc(OCCN(CC)S(=O)(=O)c2cccs2)c1,Q14534,6.0605,7.0458,=,=,IC50
CNC(=O)[C@@H](C)NC(=O)c1cc(NC(=O)c2cc(OC)c3ccc(OC)cc3n2)cc(B(O)O)c1,O=C1NN=C(c2ccc(NCCn3cccn3)c(C(F)(F)F)c2)CO1,Q13370,6.0,6.5229,=,=,IC50
O=C(/C=C/c1ccc(-c2ccccc2[N+](=O)[O-])o1)Nc1ccc(-c2nc3ccccc3o2)cc1,O=C1c2cccc3c4ccccc4n(c23)C(=O)C1(O)O,P51452,5.7545,4.8601,=,=,Ki
Br.Cc1ccc(C(=O)Cn2c3c(sc2=N)CCCC3)cc1,Cc1cc2c(ccc3c(C)cc(=O)oc32)o1,Q16678,8.3585,5.1273,=,=,Ki
CC[C@H](C)[C@H](NC(=O)[C@H](C)NC(=O)[C@H](CCSC)NC(=O)[C@H](CCC(N)=O)NC(=O)[C@H](CCCNC(=N)N)NC(=O)CNC(=O)[C@@H](NC(=O)[C@H](CCC(N)=O)NC(=O)CN)C(C)C)C(=O)N[C@H](C(=O)NCC(=O)N[C@@H](CC(=O)O)C(=O)N[C@@H](CC(=O)O)C(=O)N[C@H](C(=O)N[C@@H](CC(N)=O)C(=O)N[C@@H](CCCNC(=N)N)C(=O)O)[C@@H](C)CC)[C@@H](C)CC,CN(C)CC[C@H](CSc1ccccc1)Nc1ccc(S(=O)(=O)NC(=O)c2ccc(N3CCC(=Cc4ccccc4F)CC3)cc2)cc1[N+](=O)[O-],P10415,4.5247,6.4559,=,=,EC50
COc1cccc(NC(=O)N2CCOc3ccc(-c4ccncc4OC)cc3C2)c1,O=C(Nc1cccc(F)c1)N1CCOc2ccc(-c3ccncc3)cc2C1,Q7Z601,6.7282,6.6498,=,=,IC50
COc1ccc(F)c(-c2ccc(C3CCc4ccc([C@H](C5CC5)[C@H](C)C(=O)[O-])cc4O3)cc2)c1.[Na+],Cc1c(O)cccc1C(=O)N[C@@H](CSc1ccccc1)[C@H](O)CN1C[C@H]2CCCC[C@H]2C[C@H]1C(=O)NC(C)(C)C,O95342,5.8539,4.9281,=,=,IC50
O=[N+]([O-])c1ccccc1CNc1cc(Br)cc2[nH]ncc12,Nc1oc2c(-c3ccc4c(c3)OCO4)nccc2c1Nc1ccc(F)c(Cl)c1,P48775,4.4095,6.301,=,=,IC50
Cc1cc(C)cc(Nc2ncc(C(=O)NO)cn2)c1,CC(C)[C@@H]1NC(=O)[C@]2(C)CSC(=N2)c2csc(n2)CNC(=O)C[C@@H](/C=C/CCSSC[C@H](NC(=O)OC(C)(C)C)C(=O)OC(C)(C)C)OC1=O,Q92769,6.3206,9.0458,=,=,IC50
CCOc1ccccc1C(=O)NCC1(N2CCCCC2)CCCCC1,CCOc1ccccc1C(=O)NCC1(N2CCN(c3ccccc3)CC2)CCCCC1,Q9Y3Q4,4.4,4.0,=,=,IC50
CCOc1cc2ncc(C#N)c(Nc3ccc(F)c(Cl)c3)c2cc1NC(=O)/C=C/CN(C)C,CC[C@@H]1C(=O)N(C)c2cnc(Nc3ccc(C(=O)NC4CCN(C)CC4)cc3OC)nc2N1C1CCCC1,P07332,5.2441,5.7212,=,=,Kd
CC(C)=CCc1c(O)ccc2oc3c4c(cc(O)c3c(=O)c12)OC(C)(C)C=C4,CCOC(=O)c1ccc(C#Cc2ccc3c(c2)C(C)(C)CCS3)nc1,P10276,6.8288,7.2007,=,=,EC50
O=C(NCc1ccc(F)cc1)C1CCN(c2ncnc3[nH]ccc23)CC12CC2,N#Cc1ccc(C(O)CNC(=O)C2CCN(c3ncnc4[nH]ccc34)CC23CC3)cc1,P52333,7.6819,7.9393,=,=,EC50
CCOC(=O)O[C@]1(C(=O)OCCl)CC[C@H]2[C@@H]3CCC4=CC(=O)C=C[C@]4(C)[C@H]3[C@@H](O)C[C@@]21C,CC(C)c1nc(N(C)S(C)(=O)=O)nc(-c2ccc(F)cc2)c1/C=C/[C@@H](O)C[C@@H](O)CC(=O)[O-].CC(C)c1nc(N(C)S(C)(=O)=O)nc(-c2ccc(F)cc2)c1/C=C/[C@@H](O)C[C@@H](O)CC(=O)[O-].[Ca+2],O15438,4.8091,4.2343,=,=,IC50
Oc1ccc(O)c(-c2nc3ccccc3o2)c1,Cc1c(O)c(=O)ccn1C,O15550,4.5901,5.3768,=,=,IC50
CCOCCn1c(=O)n(C2CCN(C(=O)C3CCN(Cc4ccncc4)CC3)CC2)c2ccccc21,CCOC(=O)c1[nH]cc2c1NC1=C(C(=O)CCC1)C2c1ccc(Sc2nc3ccc(F)c(F)c3[nH]2)o1,P08684,4.8697,4.4685,=,=,IC50
CC(=O)N1Cc2cc(O)ccc2C[C@H]1C(=O)N[C@@H](Cc1ccccc1)C(=O)N[C@@H](CC(C)C)C(=O)N(CCc1ccc(O)cc1)CC(=O)N[C@@H](CCCNC(=N)N)C(=O)N1CCC[C@H]1C(=O)N[C@@H](CCCNC(=N)N)C(=O)N[C@@H](CC(N)=O)C(N)=O,CC(=O)N[C@@H](Cc1ccc(O)cc1)C(=O)N[C@@H](Cc1ccccc1)C(=O)N[C@@H](CC(C)C)C(=O)N[C@@H](Cc1ccccc1)C(=O)N[C@@H](CCCNC(=N)N)C(=O)N1CCC[C@@H]1C(=O)N[C@@H](CCCNC(=N)N)C(=O)N[C@@H](CC(N)=O)C(N)=O,Q9GZQ4,5.6566,5.6985,=,=,EC50
CC(=O)N[C@@H](CCCNC(=N)N)C(=O)N[C@@H](CCCCN)C(=O)N1CCC[C@H]1C(=O)N[C@@H](Cc1c[nH]c2ccccc12)C(=O)N[C@H](C(=O)N[C@@H](CC(C)C)C(=O)O)C(C)(C)C,CC[C@H](C)[C@H](NC(=O)[C@H](Cc1ccc(O)cc1)NC(=O)[C@@H]1CCCN1C(=O)[C@H](CCCN=C(N)N)NCC(CCCCN)NC(=O)CNC(=O)C(CNCCN)CNCCN)C(=O)N[C@@H](CC(C)C)C(=O)O,P30989,6.064,9.566,=,=,IC50
O=c1[nH]c(Oc2ccc(Cl)c(O)c2)nc2cnccc12,O=C(O)c1ccnc(-c2cn(C3CN(C(=O)CCc4ccccc4)C3)nn2)c1,P41229,5.6,5.9,=,=,IC50
CC(C)(C)c1cc(=O)[nH]c(SCC(=O)c2ccc(Cl)c(S(N)(=O)=O)c2)n1,Cc1cc(C)nc(SCC(=O)c2ccc(Cl)c(S(N)(=O)=O)c2)n1,P23280,5.699,6.0,=,=,Kd
CC(=O)N1CCc2c(sc3nc(SCC(=O)Nc4cc(Cl)ccc4C)n(-c4ccccc4)c(=O)c23)C1,CNC(=O)n1cc(C)c2c1C(c1ccc(Cl)cc1)N(c1cc(C)c3nnc(C)n3c1)C2=O,Q15059,5.2007,7.8239,=,=,IC50
O=C(/C=C/c1ccccc1)C(=O)NCCc1ccccc1,O=C(CCCc1ccccc1)C(=O)NCCc1ccc(Oc2ccccc2)cc1,P53816,5.8,6.6,=,=,IC50
Cl.O=C1N[C@H]2CNC[C@@H]2c2ccc(Cl)c(Cl)c21,O=S(=O)(NCc1ccccc1Cl)c1ccc2c(c1)CCNCC2,P28335,8.4815,7.3372,=,=,EC50
Nc1ncnc2c1ncn2[C@H]1C[C@H](OP(=O)(O)O)[C@@]2(COP(=O)(O)O)C[C@H]12,Nc1ncnc2c1ncn2[C@H]1O[C@@H](COP(=O)(O)OP(=O)(O)OP(=O)(O)OC[C@@H]2O[C@H](n3cnc4c(N)ncnc43)[C@@H](O)[C@H]2O)[C@H](O)[C@@H]1O,P47900,6.8097,7.9586,=,=,EC50
O=C(NO)c1cnc(NC2(c3cc(Cl)cc(Cl)c3)CC2)nc1,O=C(CCCCC/C=C\c1csc(Br)n1)NO,Q92769,7.6576,6.2366,=,=,IC50
CN1CCN(C(=O)Cn2cc(Nc3nc4c(N5CC6CCC(C5)N6S(=O)(=O)c5ccc(C#N)cc5)cccn4n3)cn2)CC1,O=C(Nc1nccc2nc(-c3c(Cl)cccc3Cl)oc12)C1CC1,O60674,8.699,6.0458,=,=,Ki
Cc1cccc(CCCc2ccccc2CCC(=O)O)c1OCc1ccccc1,O=C([O-])c1ccc(Cc2cc(Cl)ccc2OCc2ccccc2)o1.[Na+],P34995,4.6383,8.7001,=,=,Ki
C=CC(=O)Nc1ccc(S(=O)(=O)N2CCN(C(=O)OC(C)(C)C)CC2)cc1,C=CC(=O)Nc1ccc(S(=O)(=O)N2CCN(C(=O)OCC)CC2)cc1,P22735,5.3098,5.301,=,=,IC50
CCOC(=O)N1C2CC3CC1CC(C2)N3c1ncnc(Oc2cccnc2C)c1C,Cc1c(Oc2ccc(C(=O)N(C)C)cc2F)ncnc1N1C2CC3CC1CC(C2)N3C(=O)OC(C)C,Q8TDV5,5.7055,5.9401,=,=,Ki
CC[C@H](C(=O)O)[C@@H]1CCc2cc(OCCc3nc(-c4ccccc4)oc3C)ccc21,CC(C)(Oc1ccc(CCCOc2ccc(/C=C/c3ccccc3)cc2)cc1)C(=O)O,Q07869,7.2076,5.0044,=,=,EC50
O=C(Nc1cc2ccccc2cc1Oc1ccc(C(=O)O)c(C(=O)O)c1)c1ccccn1,O=C(NCc1cccs1)c1ccc(Nc2nc3ccccc3n(CCO)c2=O)cc1,P11217,6.0737,6.4949,=,=,IC50
CCOC(=O)C1=C(C)N=c2s/c(=C/c3ccc(OCc4ccc(C(=O)O)cc4)cc3)c(=O)n2C1c1ccc(N(C)C)cc1,CC/C=C/C/C=C/C/C=C/CCCCCCCCOC(=O)C1=C(O)O[C@H](CO)C1=O,P51452,5.1192,4.4034,=,=,IC50
COc1ccccc1N1CCN(C(=O)c2ccc(S(=O)(=O)n3cnc(-c4cccc(F)c4)n3)cc2)CC1,CC(=O)c1ccc(Nc2cccc(C(=O)O)c2)cc1,P42330,6.2076,7.2676,=,=,IC50
CN1C(=O)[C@@H](N2CCc3cn(CC4CCS(=O)(=O)CC4)nc3C2=O)COc2ccccc21,NCC(OCc1ccccc1)C(=O)Nc1ccc(-c2cn[nH]c2)cc1,Q86YV6,6.0,6.2596,=,=,IC50
COc1ccc([C@@H]2CC(=O)c3c(O)c(CC=C(C)C)c4c(c3O2)C=CC(C)(C)O4)cc1OC,NOCC1CNCCO1,P11926,5.6576,6.1079,=,=,IC50
C#CCc1c(C)nn(-c2nc3ccccc3[nH]2)c1O,CNC(=O)CCc1c(C)nn(-c2nc3ccccc3[nH]2)c1O,B2RXH2,5.301,4.3872,=,=,IC50
COc1ccc(/C=C/c2ccc(C(=O)NCC(c3ccc(Cl)cc3)n3ccnc3)cc2)cc1OC,COc1ccc2c(c1)CCC(Cc1ccccc1Br)C2=O,Q07973,6.9208,4.7878,=,=,IC50
O=C(OC[C@H]1O[C@@H](OC(=O)c2cc(O)c(O)c(OC(=O)c3cc(O)c(O)c(O)c3)c2)[C@H](OC(=O)c2cc(O)c(O)c(OC(=O)c3cc(O)c(O)c(O)c3)c2)[C@@H](OC(=O)c2cc(O)c(O)c(OC(=O)c3cc(O)c(O)c(O)c3)c2)[C@@H]1OC(=O)c1cc(O)c(O)c(OC(=O)c2cc(O)c(O)c(O)c2)c1)c1cc(O)c(O)c(OC(=O)c2cc(O)c(O)c(O)c2)c1,CC[C@]1(O)C[C@H]2CN(CCc3c([nH]c4ccccc34)[C@@](C(=O)OC)(c3cc4c(cc3OC)N(C=O)[C@H]3[C@@](O)(C(=O)OC)[C@H](OC(C)=O)[C@]5(CC)C=CCN6CC[C@]43[C@@H]65)C2)C1,Q9NPD5,5.4908,4.8816,=,=,Ki
N#CC(CCNCCCCN1CCN(c2cccc(Cl)c2Cl)CC1)(c1ccccc1)c1ccccc1,COc1ccccc1N1CCN(CCCCNC(=O)c2ccc3ccccc3c2)CC1,P35462,6.78,8.7447,=,=,EC50
CNC(=O)c1nn(C)c2c1C(C)(C)Cc1cnc(Nc3ccc(N4CCN(C)CC4)cc3)nc1-2,CCOc1cc2ncc(C#N)c(Nc3ccc(F)c(Cl)c3)c2cc1NC(=O)/C=C/CN(C)C,Q9Y4K4,5.0001,8.0,=,=,Kd
CCCCCCCCCCCCCCCC(=O)N[C@@H](CCC(=O)N[C@@H](CCC(=O)NCCCC[C@H](NC(=O)[C@H](CC(=O)O)NC(=O)[C@H](CO)NC(=O)[C@@H](NC(=O)[C@H](Cc1ccccc1)NC(=O)[C@@H](NC(=O)CNC(=O)[C@H](CCC(N)=O)NC(=O)[C@@H](CO)NC(=O)[C@@H](N)Cc1cnc[nH]1)[C@@H](C)O)[C@@H](C)O)C(=O)N[C@@H](CO)C(=O)N[C@@H](CCCCN)C(=O)N[C@@H](Cc1ccc(O)cc1)C(=O)N[C@@H](CC(C)C)C(=O)N[C@@H](CC(=O)O)C(=O)N[C@@H](C)C(=O)N[C@@H](CCCNC(=N)N)C(=O)N[C@@H](C)C(=O)N[C@@H](C)C(=O)N[C@@H](CCC(N)=O)C(=O)N[C@@H](CC(=O)O)C(=O)N[C@@H](Cc1ccccc1)C(=O)N[C@H](C(=O)N[C@@H](CCC(N)=O)C(=O)N[C@@H](Cc1c[nH]c2ccccc12)C(=O)N[C@@H](CC(C)C)C(=O)N[C@@H](CC(C)C)C(=O)N[C@@H](CC(=O)O)C(=O)N[C@H](C(N)=O)[C@@H](C)O)C(C)C)C(=O)O)C(=O)O,CC[C@H](C)[C@H](NC(=O)[C@H](Cc1ccccc1)NC(=O)[C@H](CCC(=O)O)NC(=O)[C@H](CCCCN)NC(=O)[C@H](C)NC(=O)[C@H](C)NC(=O)[C@H](CCC(N)=O)NC(=O)CNC(=O)[C@H](CCC(=O)O)NC(=O)[C@H](CC(C)C)NC(=O)[C@H](Cc1ccc(O)cc1)NC(=O)[C@H](CO)NC(=O)[C@H](CO)NC(=O)[C@@H](NC(=O)[C@H](CC(=O)O)NC(=O)[C@H](CO)NC(=O)[C@@H](NC(=O)[C@H](Cc1ccccc1)NC(=O)[C@@H](NC(=O)[C@H](CC(C(F)(F)F)C(F)(F)F)NC(=O)[C@H](CCC(=O)O)NC(=O)[C@H](C)NC(=O)[C@@H](N)Cc1cnc[nH]1)[C@@H](C)O)[C@@H](C)O)C(C)C)C(=O)N[C@@H](C)C(=O)N[C@@H](Cc1c[nH]c2ccccc12)C(=O)N[C@@H](CC(C)C)C(=O)N[C@H](C(=O)N[C@@H](CCCCN)C(=O)NCC(=O)N[C@@H](CCCNC(=N)N)C(N)=O)C(C)C,P43220,10.4815,7.172,=,=,EC50
CC(C)C[C@H](NC(=O)[C@H](C)NC(=O)[C@H](C)NC(=O)[C@@H](NC(=O)[C@H](CO)NC(=O)[C@H](CC(C)C)NC(=O)[C@H](CCC(=O)O)NC(=O)[C@H](CO)NC(=O)[C@H](C)NC(=O)CC[C@H](NC(=O)CCCCCCCCCCCCCCCCC(=O)O)C(=O)O)[C@@H](C)O)C(=O)NCC(=O)N[C@@H](CCCNC(=N)N)C(=O)N[C@@H](CC(C)C)C(=O)N[C@@H](CO)C(=O)N[C@@H](C)C(=O)N[C@@H](CCC(=O)O)C(=O)N[C@@H](CC(C)C)C(=O)N[C@@H](Cc1cnc[nH]1)C(=O)N[C@@H](CCC(=O)O)C(=O)N[C@@H](CC(C)C)C(=O)N[C@@H](C)C(=O)N[C@H](C(=O)N[C@@H](CC(C)C)C(=O)N1CCC[C@H]1C(=O)N[C@@H](CCCNC(=N)N)C(=O)N[C@H](C(=O)N[C@@H](CCC(=O)O)C(=O)N[C@H](C(=O)NCC(=O)N[C@@H](CO)C(=O)N1CCC[C@H]1C(=O)N[C@@H](CO)C(=O)N1CCC[C@H]1C(N)=O)[C@@H](C)O)[C@@H](C)O)[C@@H](C)O,CC[C@H](C)[C@H](NC(=O)[C@H](C)NC(=O)CNC(=O)[C@H](Cc1ccccc1)NC(=O)[C@H](CC(N)=O)NC(=O)[C@@H]1CCCN1C(=O)[C@H](CO)NC(=O)[C@H](CO)NC(=O)[C@H](Cc1c[nH]cn1)NC(=O)[C@H](CCCNC(=N)N)NC(=O)[C@H](CC(C)C)NC(=O)[C@H](Cc1ccccc1)NC(=O)[C@H](CCC(=O)O)NC(=O)[C@H](C)NC(=O)[C@H](CC(C)C)NC(=O)[C@H](CCCNC(=N)N)NC(=O)[C@H](CCC(N)=O)NC(=O)[C@@H](NC(=O)[C@H](C)NC(=O)[C@@H]1CSSC[C@H](NC(=O)[C@@H](N)CCCCN)C(=O)N[C@@H](CC(N)=O)C(=O)N[C@@H]([C@@H](C)O)C(=O)N[C@@H](C)C(=O)N[C@@H]([C@@H](C)O)C(=O)N1)[C@@H](C)O)C(=O)N1CCC[C@H]1C(=O)N[C@@H](CO)C(=O)N[C@@H](CO)C(=O)N[C@H](C(=O)N[C@@H](CC(N)=O)C(=O)N[C@H](C(=O)NCC(=O)N[C@@H](CO)C(=O)N[C@@H](CCCNC(=N)N)C(=O)N[C@H](C(=O)N[C@@H](Cc1ccc(O)cc1)C(N)=O)[C@@H](C)O)C(C)C)[C@@H](C)O,P30988,10.9091,8.2837,=,=,EC50
CN1CC[C@H](c2c(O)cc(O)c3c(=O)cc(-c4ccccc4Cl)oc23)[C@H](O)C1,C(=C/c1n[nH]c2cc(-c3ccnc4[nH]ccc34)ccc12)\c1ccccc1,P06493,7.2764,7.3872,=,=,Ki
COC(=O)Nc1nccc(-c2ccc(OC[C@](C)(CC(C)C)NC(=O)OC(C)(C)C)c(Cl)c2)n1,Cc1nccc(-c2ccc(OC[C@](C)(CC(C)C)NC(=O)OC(C)(C)C)c(Cl)c2)n1,Q2M2I8,9.0458,8.8239,=,=,IC50
CCOC(=O)C(=O)[C@H](CC)NC(=O)[C@H](CC(C)C)NC(=O)[C@H](CC(C)C)NS(=O)(=O)c1ccc2ccccc2c1,CCCCCCCCCCNC(=O)C(=O)C(CC)NC(=O)C(CC(C)C)NC(=O)OCc1ccccc1,P17655,5.8539,6.2218,=,=,Ki
C=CC(=O)N1CCc2ccc(NC(=O)c3ccc4cc5n(c4c3)C3(CCC3)CNC5=O)cc21,COc1cncc(-c2nccc(-c3cc4c([nH]3)[C@@]3(CCCNC3)CNC4=O)n2)c1,P49137,6.5229,6.269,=,=,EC50
NS(=O)(=O)CCNC(=O)C(c1nc2c(F)cc(-c3ccccc3)cc2s1)S(=O)(=O)Cc1ccccc1,NS(=O)(=O)CCNC(=O)C(c1nc2ccc(-c3ccccc3)cc2s1)S(=O)(=O)CC1CC1,P11150,7.6576,8.0,=,=,IC50
COc1cc2c(Nc3c(Cl)ccc4c3OCO4)ncnc2cc1OCCCN1CCOCC1,N[C@@H](Cc1cc(I)c(O)c(I)c1)C(=O)NO,P41240,5.1367,5.4685,=,=,IC50
COc1cccc(-c2nc(Nc3cccc(O)c3)c3cccnc3n2)c1,Fc1cccc(Nc2nc(-c3ccccc3)nc3ncccc23)c1,Q9UNQ0,7.4949,5.8416,=,=,EC50
C#CC1(NC(=O)C(=O)c2c(C)c(C(=O)Nc3ccc(F)c(Cl)c3)n3c2CCC3)CC1,Cc1c(C(=O)C(=O)NC2(c3c[nH]nn3)CC2)c2n(c1C(=O)Nc1ccnc(C(F)F)c1F)[C@@H]1C[C@@H]1C2,Q14973,8.2366,7.1481,=,=,EC50
CC(C)OP(=O)(OC(C)C)C(Cc1cc(I)cc(C(C)(C)C)c1)P(=O)(OC(C)C)OC(C)C,CC(C)OP(=O)(OC(C)C)C(Cc1cc(C2CCCCC2)nc(C(C)(C)C)c1)P(=O)(OC(C)C)OC(C)C,P04035,5.8356,6.2233,=,=,EC50
COc1cc(/C=N\Nc2nc(-c3ccc([N+](=O)[O-])cc3)cs2)cc([N+](=O)[O-])c1O,CC(C)C[C@H](N)C(=O)NS(=O)(=O)c1cccc(-c2cccc(N)n2)c1,Q9P2J5,4.3391,6.0706,=,=,IC50
COc1cc(/C=C/C(=O)O)ccc1OCc1cn(-c2ccc(F)cc2)nn1,Nc1ccccc1S(N)(=O)=O,P35218,5.0799,4.8153,=,=,IC50
O=C(N[C@H](CO)C1CCCCC1)[C@H]1CCN(c2ncnc3[nH]ccc23)CC12CC2,N#CC1CC(CNC(=O)C2CCN(c3ncnc4[nH]ccc34)CC23CC3)C1,P52333,6.7905,7.6108,=,=,EC50
COc1cccc(OC)c1C(=O)Nc1cc2c(cc1OC(C)C)n(C)c(=O)n2C,CC(C)Oc1cc2c(cc1NC(=O)c1ccccc1OCC(=O)N(C)C)n(C)c(=O)n2C,P55201,5.7,7.0,=,=,IC50
Cn1c2ccccc2c(=O)c2c(=O)n(-c3cccc(Cl)c3)c(C3CCCCC3)nc21,COc1ccc(-n2c(C3CCCCC3)nc3c(c(=O)c4ccccc4n3C)c2=O)cc1Cl,P21918,7.0958,7.2328,=,=,EC50
FC(F)(F)CNc1nc(Nc2ccc3cn[nH]c3c2)nc2ccoc12,Cc1nc(NC(=O)[C@H](C)CC(F)(F)F)sc1-c1ccc(N)nc1,Q12851,5.3224,5.0132,=,=,IC50
Nc1ncnc2c1nc(NCc1ccc(-c3ccccc3)c(OCCO)c1)n2[C@@H]1O[C@H](CO)[C@@H](O)[C@H]1O,COc1cc(-c2ccccc2)ccc1CNc1nc2c(N)ncnc2n1[C@@H]1O[C@H](CO)[C@@H](O)[C@H]1O,O43868,5.5086,5.9586,=,=,IC50
C=C(C(=O)Nc1ccc(OCCC)c(OC)c1)C(F)(F)F,Oc1cc2c(cc1C(c1ccc(F)cc1)N1CCCCC1)NCC2,P07237,5.9101,5.1543,=,=,IC50
COC(=O)Nc1cc(-c2ccc(OCC(C)(N)CC(C)C)cn2)ccn1,COc1ccc(-c2cnc3[nH]cc(NC(=O)c4ccncc4)c3c2)cc1OC,Q2M2I8,7.6198,6.4191,=,=,IC50
COC(=O)[C@H](Cc1ccccc1)NC(=O)[C@@H](NC(=O)[C@H](CC(C)C)NC(=O)[C@@H](N)CC(C)C)C(C)C,CC(C)C[C@H](NC(=O)C(F)(F)C(=O)[C@H](CC(C)C)NC(=O)[C@H](Cc1ccccc1)NC(=O)[C@H](Cc1ccccc1)NC(=O)OC(C)(C)C)C(=O)N[C@@H](Cc1ccccc1)C(N)=O,P00797,2.9431,8.1549,=,=,Ki
O=C(O)c1ccc(-c2ccc(OCCNC[C@H](O)c3ccccc3)cc2)cc1OC1CCCCC1,C[C@H](CNc1cccc(-c2cccc(C(=O)O)c2)c1)NC[C@H](O)c1cccc(Cl)c1,P13945,9.7959,10.0,=,=,EC50
Cc1cccc(Sc2ccccc2N2CCNCC2)c1C.Cl,Cc1nn(C)c(=O)cc1-c1ccc(OCCCN2CCC[C@H]2C)cc1,P46098,7.5376,8.699,=,=,Ki
CC(C)CN1CCC(c2cnn(-c3nccc4c(=O)[nH]cnc34)c2)CC1,O=c1[nH]cnc2c(-n3cc(CCN4CCC5(CC4)OCc4ccccc45)cn3)nccc12,P41229,6.0675,6.3279,=,=,IC50
CS(=O)(=O)Nc1ccc(-c2cncc3ccccc23)c(OCC(F)(F)F)c1,COc1ccc(S(=O)(=O)Nc2ccc(-c3cncnc3C)c(OC)c2)cc1,P05093,7.2291,7.2518,=,=,IC50
CCN(C)C(=O)c1ccc(-c2ccc3c(n2)Oc2ccccc2[C@H]3C(C)(C)C(=O)Nc2nncs2)cc1,CC(C)(C(=O)Nc1nccs1)[C@H](c1ccccc1)c1ccc2c(cnn2-c2ccc(F)cc2)c1,P04150,9.1739,8.1024,=,=,Ki
N[C@]1(C(=O)O)[C@H]2[C@@H](C[C@H]1OCc1ccc(F)c(F)c1)[C@@H]2C(=O)O,N[C@@]1(C(=O)O)C[C@@H](Sc2ccccc2)[C@H]2[C@H](C(=O)O)[C@H]21,Q14832,7.8182,5.9706,=,=,IC50
Cc1nc(-c2cnn(C)c2)c2c(n1)[C@H]1CCC[C@@H](C2)N1C(=O)c1cccc(C(F)(F)F)c1Cl,Cc1c(C(=O)N2Cc3nnn(-c4ncc(F)cn4)c3C[C@H]2C)ccnc1C(F)(F)F,Q99572,6.6003,7.6498,=,=,Ki
Cc1cccc(-n2c(C)nc3ccc(C(=O)c4c(C)nn(C)c4O)cc3c2=O)c1,Cc1nc2ccc(C(=O)c3cnn(C)c3O)cc2c(=O)n1-c1cccc(F)c1,P32754,7.1308,7.699,=,=,Ki
COC(=O)c1cccc(N2CCN(CC(=O)Nc3ccc(-c4nc5cc(C#N)cc(C)c5o4)cc3)CC2)c1,O=C(N[C@@H]1CCOC1)N[C@](Cc1ccccc1)(c1cc(F)cc(C(F)(F)F)c1)c1ccc(Cl)cn1,P11597,7.2431,4.3508,=,=,IC50
Cc1cc(-c2cc(NC(=O)c3ccnc4ccccc34)cc(C(F)(F)F)c2)ccn1,Cc1cn(-c2cc(NC(=O)Cc3c(Cl)cccc3Cl)cc(C(F)(F)F)c2)cn1,Q9Y466,6.3979,7.0458,=,=,EC50
CC1(C)N=C(C2CCCCC2)c2ccc(Cl)cc2N(c2ccc(NCCN)cc2)C1=O,CC1(C)N=C(C2CCCCC2)c2ccc(C#N)cc2N(c2ccc(NCCN)cc2)C1=O,Q03431,5.4559,6.1367,=,=,IC50
COc1c(Cc2nnc(-c3ccco3)s2)cc([C@@H]2O[C@H](CO)[C@@H](O)[C@H](O)[C@H]2O)c2ccccc12,C=CCOCc1cc(Cl)c(Cc2ccc(CC)cc2)cc1[C@@H]1O[C@H](CO)[C@@H](O)[C@H](O)[C@H]1O,P31639,7.9706,7.284,=,=,IC50
Cc1ccc(-c2cc(Br)ccc2OCc2ccc(F)cc2F)n1-c1cc(C(=O)O)c2ccccc2c1,Cc1ccc(-c2cc(Br)ccc2OCc2ccccc2)n1-c1ccc(S(C)(=O)=O)cc1,P34995,8.6,7.5,=,=,IC50
CCCCCC(=O)Nc1nc(-c2ccc(O)cc2)c(Cc2ccccc2)[se]1,CCCCc1[se]c(NC(=O)c2ccc(OC)c(OC)c2)nc1-c1ccc(OC)cc1,P55058,4.2218,4.0969,=,=,IC50
CCOc1ccc(NC(=O)c2ccc(-c3ccc(C(=O)O)cn3)nc2)cc1,O=C([N-]S(=O)(=O)c1ccc(-c2cc(Cl)c3ccc(Cl)cc3n2)cc1)c1ccc(C(=O)[O-])nc1.[Na+].[Na+],Q9NXG6,6.4949,5.1805,=,=,IC50
CO[C@@H]1[C@H](N(C)C(=O)c2ccccc2)C[C@H]2O[C@]1(C)n1c3ccccc3c3c4c(c5c6ccccc6n2c5c31)C(=O)NC4,Nc1nccc(COc2cc(F)c3nc(N[C@@H]4CCCC[C@H]4O)sc3c2)c1Cl,P09619,6.9586,6.6383,=,=,Kd
O=C1CC(=O)N(c2ccc(NS(=O)(=O)c3ccccc3Cl)cc2)c2ccc3ccccc3c2N1,O=C(OCc1ccc(Cl)cc1)N1c2ccccc2Oc2ccccc21,Q99571,6.3508,5.9914,=,=,IC50
CC1(N)CCN(Cc2ccn3ncnc(Nc4cc(O)cc(Br)c4)c23)CC1,O=C(c1ccc(F)cc1)c1ccc(Nc2ncnc3[nH]ccc23)cc1,Q6IQ55,7.7827,5.2676,=,=,IC50
CCCC/C(=C\c1cc(OCc2cc3ccccc3s2)ccc1OCc1ccc(C(F)(F)F)cc1)C(=O)O,Cc1cn(-c2ccc3n(c2=O)CCN(C[C@@H]2CC[C@H](c4ccc(Cl)cc4C(F)(F)F)O2)C3=O)cn1,P49768,5.3372,7.5719,=,=,IC50
NC[C@@H]1CC[C@H](c2c[nH]cn2)C1,Cc1nc(N2CCCC2)ncc1-c1ccc2cc(CCN3CCC[C@H]3C)ccc2n1,Q9Y5N1,7.2076,8.7551,=,=,Kb
COC(=O)[C@H]1CC[C@H]1NC(=O)[C@H]1CC[C@H]1NC(=O)OCc1ccccc1,CCCn1cnc(C[C@H](NCCN)C(=O)O)c1,P15086,4.1549,5.9355,=,=,Ki
COc1ccccc1CCNc1nc(N)nc(COc2cc(C)cc(N3CCCC3=O)c2)n1,COc1ccc(CCCC(C)(C)C)c(-c2ccc(COc3cccc(C(CC(=O)O)C4CC4)c3)cc2)c1,O14842,4.4685,6.3872,=,=,EC50
Cc1cc2c(o1)c(C(=O)Nc1cccc(C(F)(F)F)c1)cc1nc(Nc3c(Cl)cccc3Cl)[nH]c12,CC(C)C(=O)NCc1ccc(C(F)(F)F)c(-c2nc(-c3ccc(OCC4CC4)nc3)cc(=O)[nH]2)c1,O14684,7.7447,8.6778,=,=,IC50
CCCCCCCN(CC)CC#Cc1ccc(C)cc1,C[n+]1c(CCc2ccc(-c3ccccc3)cc2)cccc1CCc1ccc(-c2ccccc2)cc1,Q12809,5.9252,7.2218,=,=,Kd
O=C1C=C(CCC(C(=O)OCc2ccccc2)C(=O)OCc2ccccc2)C(=O)c2ccccc21,CCCCCCCCCCCCCCCCCC(=O)c1n[nH]c2c1C(=O)N(c1cccc(Cl)c1)C2=O,P30305,4.9706,6.6198,=,=,IC50
COc1ccc(S(=O)(=O)Nc2ccc(C3C4=C(CC(C)(C)CC4=O)N(c4ccc(S(N)(=O)=O)cc4)C4=C3C(=O)CC(C)(C)C4)cc2)cc1,Cc1cc([N+](=O)[O-])ccc1NC(=O)CSc1nc2ccc(I)cc2c(=O)n1-c1ccc(S(N)(=O)=O)cc1,O43570,6.0362,7.4473,=,=,Ki
COc1cccc(NC(=O)Cn2nc(C(=O)Nc3cccc(OC)c3)c3ccccc32)c1,O=c1c(O[C@@H]2O[C@H](CO)[C@H](O)[C@H](O)[C@H]2O)c(-c2ccc(O)c(O)c2)oc2cc(O)cc(O)c12,O94956,6.2343,3.9002,=,=,IC50
O=C(NCCCNc1nc(Nc2cccc(NC(=O)N3CCCC3)c2)ncc1I)c1cccs1,FC(F)(F)c1cnc(Nc2ccnnc2)nc1NC1CC1,O75385,7.0605,6.5954,=,=,IC50
CCNC(=O)C[C@@H]1N=C(c2ccc(Cl)cc2)c2cc(OC)ccc2-n2c(C)nnc21,CS(=O)(=O)n1ccc(C(=O)NCC(=O)Nc2nc(-c3cccc(-c4ccncc4)n3)cs2)c1,Q14839,7.0969,4.4123,=,=,IC50
Cl.Cl.Clc1ccc2c(c1Cl)CN(CCCCN1CCc3ccc(Cl)c(Cl)c3C1)CC2,Clc1ccc2c(c1Cl)CN(CCCCCCc1ccccc1)CC2,P11086,7.0,4.301,=,=,IC50
O=C(O)CNC(=O)N[C@@H](CC(=O)O)Cc1ccc(-c2cccc(Cl)c2)cc1,C[C@H](C[C@@H](Cc1ccc(-c2ccccc2)cc1)NC(=O)n1ccc(C(=O)O)n1)C(=O)O,Q495T6,9.0969,6.8477,=,=,IC50
C/C(=C/C=C/C(C)=C/C(=O)O)c1cc(C(C)(C)C)cc(C(C)(C)C)c1OCC(F)F,C[C@H](NC(=O)[C@H](Cc1ccccc1)NP(=O)(O)O)C(=O)NCC(N)=O,P28702,8.0713,7.9208,=,=,Ki
COc1cc(/C=C/C(=O)NCC(C)C)ccc1O,C=C(C)[C@]12C[C@@H](C)[C@@]34O[C@](Cc5ccccc5)(O[C@@H]1[C@@H]3C=C(COC(=O)Oc1cc(F)c(N)c(OC)c1)C[C@]1(O)C(=O)C(C)=C[C@@H]41)O2,Q8NER1,8.2,7.7471,=,=,EC50
CCOc1cc(Br)c(Br)c(/C=N/c2ccc3[nH]ccc3c2)c1O,Cc1cn2c(-c3cn[nH]c3)cnc2c(Nc2cncc(N3CCNCC3)c2)n1,Q13882,5.782,6.8688,=,=,IC50
COc1cc(CCc2cc(Nc3ncnc4cc(N5C[C@@H](C)N(C)[C@@H](C)C5)ccc34)n[nH]2)cc(OC)c1,Cc1nc2cc(-n3ncc(C(=O)c4cc5cc(Oc6ccccc6)ccc5[nH]4)c3N)ccc2[nH]1,P21802,9.699,6.9586,=,=,IC50
Cc1cc(N2CCc3sccc3C2)cc(C)c1NC(=O)CC(C)(C)C,Cc1cc(N2CCc3sc(C#N)cc3C2)cc(C)c1NC(=O)CC(C)(C)C,O43526,7.699,6.5376,=,=,EC50
Cc1cc(-c2nc3ccccc3n2C[C@@H]2CCCN(C(=O)C3CCOCC3)C2)cn(C)c1=O,Cc1cc(-c2nc3sc4c(c3c(=O)[nH]2)CCN(C)C4)cc(C)c1OCc1cccc(C(=O)Nc2ccccc2N)c1,O60885,5.7,5.4584,=,=,IC50
COc1ccc(Cn2c(=O)n3ncnc3c3c4c(sc32)CN(C2CS(=O)(=O)C2)CC4)cc1,CCOc1ccc(Cn2c(=O)n3ncnc3c3c4c(sc32)COCC4)cc1,Q01064,6.2596,5.2596,=,=,EC50
Cc1noc(C)c1Cn1cc(N2C(=O)[C@@H](C)N(Cc3cccc(O)c3)C2=O)cn1,COc1ccc(CN2C(=O)N(c3cnn(Cc4c(C)noc4C)c3)C(=O)C2(C)C)nc1,Q9NYW2,7.699,6.7212,=,=,IC50
N=C(N)c1ccc2[nH]c(-c3cc(Br)cc(Br)c3)cc2c1,c1cc2c(cc1-c1cnc3c(c1)CCN3)CCNC2,Q9UHC3,4.2291,4.7122,=,=,IC50
O[C@@H](c1ncc[nH]1)c1ccc(F)c2occ(CC(F)(F)F)c12,C[C@@H]1CCN(c2cc(F)ccc2C(O)c2ncc[nH]2)C1,P55085,5.4913,4.8827,=,=,IC50
CCCCCCCC(=O)NNC(=O)c1c(O)c2cc(Cl)ccc2n(C)c1=O,COc1ccc2c(c1)c(C1=C(c3ccccc3[N+](=O)[O-])C(=O)NC1=O)cn2CCCn1ccnc1,P49841,5.0716,7.4685,=,=,IC50
O=C(O)COCCCCC1=CCC[C@@H]1NS(=O)(=O)c1ccc(Cl)c(Cl)c1,Cc1ccc(Oc2ccc([N+](=O)[O-])cc2S(=O)(=O)NC(=O)NC(C)C)cc1,P21731,5.7212,5.5658,=,=,IC50
O=C(Nc1cccc2ncn(Cc3ccccc3-c3ccccn3)c(=O)c12)c1cc(Cl)c(O)c(Cl)c1,Cn1c(=O)ccn(Cc2cnc(-c3cccc(O)c3F)s2)c1=O,Q7Z5P4,7.0,7.145,=,=,IC50
Cc1cc(-c2cccc(Cl)c2)ncc1C1CC(F)CN1C(=O)c1cncs1,O=C(N[C@@H]1CCC[C@@H](NC(=O)c2ccccn2)C1)c1cccc(Cl)c1,P41594,7.0,6.6882,=,=,Ki
COc1cc2ncnc(N3CC[C@@H](Oc4cc5ccccc5cn4)C3)c2cc1OC,COc1cc2ncnc(N3CC[C@@H](Oc4cnc5ccccc5n4)C3)c2cc1OC,Q13370,6.7077,6.5638,=,=,Ki
Cc1cc(C)nc(SCC(=O)Nc2nnc(Cc3ccc(Cl)cc3)s2)n1,O=C1Nc2c(ccc(Cl)c2Cl)/C1=C/c1ccc([N+](=O)[O-])cc1,Q8IXJ6,4.51,4.983,=,=,IC50
CS(=O)(=O)N1C(=O)N(c2cccc(C(F)F)c2)C2=C(C(=O)CC2)C1c1ccc(C#N)cc1Cl,N#Cc1ccc(C2C3=C(CCC3=O)N(c3cccc(C(F)(F)F)c3)C(=O)N2CC(=O)N2CCC2)cc1,P08246,7.7696,8.3979,=,=,EC50
CCc1csc([C@H](Cc2ccc(NS(=O)(=O)O)cc2)NC(=O)CCc2ccc(OC)cc2)n1,COC(=O)N[C@@H](Cc1ccccc1)C(=O)N[C@@H](Cc1ccc(NS(=O)(=O)O)cc1)c1nc(C2CC2)cs1,P23467,8.2218,11.0,=,=,IC50
CCOc1ccc(-n2nc3c(N4CC[C@@H](F)C4)nnc(C)c3c2C)cc1,COC1CN(c2nnc(C)c3c(C)n(-c4ccc(OCC(F)(F)F)cc4)nc23)C1,Q9NY47,7.0706,5.7001,=,=,IC50
Brc1cnc(Nc2cccc(CN3CCOCC3)c2)nc1NCCc1c[nH]cn1,NCCCNc1nc(Nc2ccc(Oc3ccccc3)cc2)ncc1Cl,Q9UEE5,6.1952,7.585,=,=,IC50
O=C(O)c1cc(SSc2ccc([N+](=O)[O-])c(C(=O)O)c2)ccc1[N+](=O)[O-],Cn1c(=O)[nH]c2ncc(-c3cccc(C(=O)NCCCc4ccc(F)cc4)c3)cc21,P23919,5.8153,3.9101,=,=,IC50
CC(C)c1cc(Oc2c(Cl)cc(CC(=O)O)cc2Cl)ccc1O,O=C(O)Cc1cc(Cl)c(Oc2ccc(O)c(C(=O)NCCc3ccccc3)c2)c(Cl)c1,P10828,8.9586,8.46,=,=,IC50
O=C(N[C@H](C(=O)N1C[C@H](Cl)[C@H]2OCC(=O)[C@H]21)C1CCCCC1)c1cccc(-n2cnnn2)c1,O=C(N[C@H](C(=O)N1CC[C@H]2OCC(=O)[C@H]21)C1CCCCC1)c1ccccc1,O60911,6.6198,5.7212,=,=,Ki
O=c1n(Cc2cnn(-c3ccccc3Cl)c2)nc(-c2ccc(Cl)cc2)n1C[C@H](O)C(F)(F)F,Cc1nc2c([nH]1)-c1ccccc1N(C(=O)c1ccc(NC(=O)c3ccccc3-c3ccccc3)cc1)CC2,P37288,7.5086,8.5229,=,=,IC50
CC(C)(C)c1ccc(S(=O)(=O)N2CCC[C@]2(C)C(=O)N[C@H]2C3CC4CC2C[C@](O)(C4)C3)cc1,CC1(C)CC(NC2=NS(=O)(=O)[C@@H]3CCCC[C@@H]3O2)CC(C)(C)C1,P28845,8.1427,7.9586,=,=,IC50
O=c1[nH]c2ccccc2n1CCCN1CCC(n2c(=O)[nH]c3cc(Cl)ccc32)CC1,Cc1noc(-c2cc(C)c(C)nc2N2CCC(NCC(C)C)CC2)n1,P41145,5.1553,6.7932,=,=,IC50
CCCCCCCCCCCCCCCC(=O)OC[C@H](CSC[C@H](N)C(=O)N[C@@H](CO)C(=O)N[C@@H](CCCCN)C(=O)N[C@@H](CCCCN)C(=O)N[C@@H](CCCCN)C(=O)N[C@@H](CCCCN)C(=O)O)OC(=O)CCCCCCNC(=O)CCCCCCC,CCCCCCCCCCCCCCCC(=O)N[C@@H](COP(=O)(O)OCCNC(=O)[C@@H](NC(=O)Cc1c[nH]c2ccc(-c3ccccc3)cc12)[C@@H](C)CC)C(=O)NCCCOC(=O)CCCCCCCCCCC,O60603,5.472,6.6383,=,=,IC50
O=c1[nH]cc(CCc2cccc(Cl)c2)[nH]c1=O,O=c1[nH]cc(CSc2ccc(Cl)cc2)[nH]c1=O,P14920,5.4559,6.1675,=,=,EC50
CCOC(=O)C1=C(CC)NC(c2ccccc2)=CC1c1ccccc1,CCOC(=O)C1=C(C)NC(c2ccc(C)cc2)=CC1c1ccccc1[N+](=O)[O-],Q01668,4.8928,4.3556,=,=,IC50
CC(C)Oc1ccc(F)c(-c2ccc(OCC3CC3C(=O)O)c(F)c2)c1,Cc1ccc(F)cc1OCc1ccc(CCC(=O)O)cc1,Q5NUL3,6.5086,5.28,=,=,EC50
CN(c1ncccc1CNc1nc(Nc2ccccc2)ncc1C(F)(F)F)S(C)(=O)=O,CN(c1ncccc1CNc1ccnc(Nc2ccc3c(c2)CC(=O)N3)n1)S(C)(=O)=O,Q05397,7.9208,5.3872,=,=,Ki
O=C(O)C1CN(Cc2ccc(OCc3ccccc3)cc2Cl)C1,C[C@](N)(COP(=O)(O)O)C(=O)Nc1ccc(OCCCCc2ccc(-c3ccccc3)cc2)cc1,Q9H228,8.2218,7.0009,=,=,IC50
CC[C@@H]1C(=O)N(C)c2cnc(Nc3ccc(C(=O)NC4CCN(C)CC4)cc3OC)nc2N1C1CCCC1,N#CC[C@H](C1CCCC1)n1cc(-c2ncnc3[nH]ccc23)cn1,Q15349,6.1549,6.8239,=,=,Kd
CC(C)n1ncc2c(=O)[nH]c([C@@H]3CN(Cc4ccccc4)C[C@H]3C)nc21,Cc1nn(C(C)C)c2c(NCc3cnn(C)c3)cc(-c3cnn(C)c3C)nc12,Q14123,5.6739,6.6576,=,=,IC50
C#Cc1ccc2c(c1)C(c1ccccc1)=NCC(=O)N2C,CCOC(=O)c1cc2c(cn1)[nH]c1ccccc12,P31644,8.1549,7.5686,=,=,Kd
C[C@H]1[C@H](NC(=O)OCCCCC2CCCCC2)C(=O)N1Oc1ccc(S(C)(=O)=O)cc1,O=C(NCCCCc1ccccc1)n1cc(-c2cccnc2)oc1=O,Q13510,5.6946,7.1549,=,=,IC50
Cc1cccc(C(=O)N[C@@H](Cc2cccc(Cl)c2)C(=O)NCC#N)c1,COc1c2c(c(O)c3c(=O)c4cccc(O)c4n(C)c13)CC(C(C)(C)O)O2,O60911,6.1,5.284,=,=,IC50
CC(C)C[C@@H](/C=C/S(C)(=O)=O)NC(=O)[C@H](CC(C)C)NC(=O)[C@H](Cc1ccc(N)cc1)NC(=O)[C@H](Cc1ccccc1)N=[N+]=[N-],COc1ccc(C[C@H](NC(=O)[C@H](C)NC(=O)CN2CCOCC2)C(=O)N[C@@H](CC2CCC(F)(F)CC2)C(=O)[C@@]2(C)CO2)cc1,P49721,5.5686,5.2573,=,=,IC50
COc1ccc2cc(Nc3ccc(C(n4ccnc4)C(C)(C)CO)cc3)ccc2c1,CC(C(c1ccc2cc(OCc3ccc([N+](=O)[O-])cc3)ccc2c1)n1ccnc1)N(C)C,O43174,7.3979,7.1135,=,=,IC50
CC(C)n1nc(-c2cc3cc(O)ccc3[nH]2)c2c(N)ncnc21,N#Cc1ccc2c(-c3ccncc3)c(-c3ccc(F)cc3)nn2c1,P48729,4.9586,5.7959,=,=,IC50
Cc1ccccc1C(=CCCN1CCC[C@@H](C(=O)O)C1)c1ccccc1C,O=C(O)[C@@H]1CCCN(CC/C=C(\c2ccccc2)c2ccccc2F)C1,P30531,7.38,6.43,=,=,Ki
CC(C)n1nc(-c2cc3cc(O)ccc3[nH]2)c2c(N)ncnc21,Cc1ccc(-n2nc(C(C)(C)C)cc2NC(=O)Nc2ccc(OCCN3CCOCC3)c3ccccc23)cc1,P29320,6.4089,6.0555,=,=,Kd
COc1cc(C#N)ccc1S(=O)(=O)Nc1cc(F)c2c(c1)cc(C)c(=O)n2C,COc1ccccc1C(=O)Nc1cc2cc(C)c(=O)n(C)c2cc1N1CCCC1,Q9ULD4,5.0,4.9208,=,=,IC50
NCCCCNC(=O)C(Cc1c[nH]c2ccccc12)NC(=O)N1CCC2(C=Cc3ccccc32)CC1,O=C(N[C@@H]1CCCC[C@@H]1NCc1cccc(O)c1)c1ccc(F)cc1,P32745,5.2452,7.0458,=,=,Ki
Nc1nccn2c([C@@H]3CCCN(C4CCOCC4)C3)nc(-c3ccc(C(=O)Nc4cc(C(F)(F)F)ccn4)cc3F)c12,COc1cc(-c2nn(CCN3CCC(N(C)C)CC3)c3ncnc(N)c23)ccc1NC(=O)CC(C)(C)C,P09769,7.6576,7.2596,=,=,IC50
CNC(=O)c1cc(Oc2ccc(NC(=O)Nc3ccc(Cl)c(C(F)(F)F)c3)cc2)ccn1,O=C(Nc1ccc(OCCN2CCOCC2)c2ccccc12)c1cc(F)cc(N2CCOCC2)c1,Q16832,8.1805,6.0386,=,=,Kd
COc1ccc(C(C)(C)C(F)(F)F)cc1CN[C@H]1CCCN[C@H]1c1ccccc1,COc1ccc(OCC(O)CN2CCN(C(CNC(=O)c3ccccc3)c3ccccc3)CC2)cc1,P10635,6.0757,5.3979,=,=,Ki
CN1C(=O)[C@@H](N2CCc3cn(CC4CCS(=O)(=O)CC4)nc3C2=O)COc2ccccc21,CCNC(=O)c1ccc(N2CCN(Cc3ccc4c5c(c(=O)[nH]c4c3)CCCN5)CC2)c(C)c1,Q13470,6.0,7.7905,=,=,IC50
COc1noc2c1CNCCC2,Cc1nc2cc(C)c3c(N)c(C(=O)NC4CN(c5ccc(F)c(F)c5)C4)sc3n2n1,P08172,7.3665,5.9208,=,=,EC50
CC(=O)c1cccc(-c2ccc([C@H]3CN(C)C[C@@H]3NS(=O)(=O)C(C)C)cc2)c1,CCc1sc(C(=O)O)c(-c2ccc(C(C)(C)C)cc2)c1C#N,P42262,5.2007,6.9967,=,=,EC50
CC(C)Oc1ccccc1N1CCN(C2CCC(N3C(=O)c4ccncc4C3=O)CC2)CC1,CC(C)S(=O)(=O)c1ccccc1NCC1=NCCN1,P35348,9.3979,5.57,=,=,Ki
O=P(O)(O)C(NS(=O)(=O)c1ccc(-c2cccs2)cc1)P(=O)(O)O,O=P(O)(O)C(NS(=O)(=O)c1ccc(Br)cc1)P(=O)(O)O,Q16790,6.2211,6.6308,=,=,IC50
Cn1cc(-c2cc(S(C)(=O)=O)ccc2Oc2ccccc2)c2cc[nH]c2c1=O,Cn1cc(-c2cc(NS(C)(=O)=O)ccc2Oc2cccnc2)c2cc[nH]c2c1=O,O60885,7.301,7.1739,=,=,EC50
O=C1C2(CCCC13CC3c1ccccc1)CC2c1ccccc1,O=C1C2(CCCC13CC3c1ccc(F)cc1)CC2c1ccc(F)cc1,P18858,3.8861,4.3429,=,=,IC50
CCCCC(=O)Nc1ccc(Br)c(-n2nc(CC)n(Cc3ccc(-c4ccccc4S(=O)(=O)NC(=O)c4ccccc4F)cc3F)c2=O)c1,CCCCc1nc2c(C)cc(C)nc2n1C1CCc2cc(-c3ccccc3-c3nn[nH]n3)ccc21,P30556,9.1427,6.6234,=,=,IC50
C=CC(=O)N1CCC(C2CCNc3c(C(N)=O)c(-c4cc(OC)c(Cl)c(OC)c4)nn32)CC1,CC#CC(=O)N1CC2(CC(n3nc(-c4cnn(Cc5cccc(C(F)(F)F)c5)c4)c(C(N)=O)c3N)C2)C1,P42680,6.2588,7.4685,=,=,IC50
Cc1ccc2nc(CCc3nc(-c4ccccc4)cn3C)n3nc(C)cc3c2c1,O=C1Nc2c(Cl)cc3nc(CCO)oc3c2C2(CCCCC2)N1,Q9NP56,5.0,7.2596,=,=,IC50
C/C=C/C[C@@H](C)[C@@H](O)[C@H]1C(=O)N[C@@H](CC)C(=O)N(C)CC(=O)N(C)[C@H](CC(C)C)C(=O)N[C@H](C(C)C)C(=O)N[C@@H](CC(C)C)C(=O)N[C@@H](C)C(=O)N[C@H](C)C(=O)N(C)[C@@H](CC(C)C)C(=O)N[C@@H](CC(C)C)C(=O)N(C)[C@@H](C(C)C)C(=O)N1C,Cc1ccc(S(=O)(=O)Nc2c(C(=O)NC3CCCCC3)c(C)nn2-c2ccccc2)cc1,P21462,5.7447,6.1,=,=,IC50
CCNCc1cc(Cl)ccc1Cn1c(=S)[nH]c(=O)c2[nH]ccc21,Nc1cc(Cc2ccn(-c3ccccn3)n2)c2nn[nH]c2n1,P07202,5.0,5.699,=,=,IC50
CC(C)c1ccc(NC(=O)N2CCN(c3ccc(C#N)cn3)CC2)cc1,CC(=O)Nc1ccc(NC(=O)CCc2c(C)nc3c4cccnc4nn3c2C)cc1,Q9H999,6.1938,6.4559,=,=,IC50
COc1cc(Nc2ncc(Cl)c(-c3cc(Cl)cc(CC#N)c3)n2)ccc1N1CCN(C)CC1,COCCOc1cc(Nc2ncc(Cl)c(-c3cccc(CC#N)c3)n2)ccc1N1CCN(C)CC1,Q13153,5.3261,5.0391,=,=,EC50
CC(C)S(=O)(=O)N1CCN(c2ccc(/C=C/c3cc(F)cc(-c4ccncc4)c3)cc2)CC1,CCOC(=O)CNC(=O)N1CCN(c2ccc(CO[C@H]3CO[C@](Cn4ccnc4)(c4ccccc4Cl)OC3)cc2)CC1,P08686,6.7212,5.5528,=,=,IC50
N=C(N)NCCC[C@H](NC(=O)CN)C(=O)N[C@@H](CCCCN)C(=O)N[C@@H](CCCCN)C(=O)N[C@@H](CCCN/C(N)=N/C1CC1)C(=O)N[C@@H](CCCNC(=N)N)C(=O)N[C@@H](CCC(N)=O)C(=O)N[C@@H](CCCNC(=N)N)C(=O)N[C@@H](CCCNC(=N)N)C(=O)N[C@@H](CCCNC(=N)N)C(=O)N1CCC[C@H]1C(=O)N1CCC[C@H]1C(=O)N[C@@H](CCC(N)=O)C(=O)O,N=C(N)NCCC[C@H](NC(=O)CN)C(=O)N[C@@H](CCCCN)C(=O)N[C@@H](CCCCN)C(=O)N[C@@H](CCCN/C(N)=N/CC(F)(F)F)C(=O)N[C@@H](CCCNC(=N)N)C(=O)N[C@@H](CCC(N)=O)C(=O)N[C@@H](CCCNC(=N)N)C(=O)N[C@@H](CCCNC(=N)N)C(=O)N[C@@H](CCCNC(=N)N)C(=O)N1CCC[C@H]1C(=O)N1CCC[C@H]1C(=O)N[C@@H](CCC(N)=O)C(=O)O,Q99873,5.5376,5.5258,=,=,Ki
CCOC(=O)Nc1cc(-c2ccc(C)c(NS(C)(=O)=O)c2)nn2c(C)nnc12,CNC(=O)c1cc(C(=O)N[C@H]2[C@@H]3COC[C@@H]32)cc2c1O[C@H](CF)[C@H]2c1ccccc1,Q9UIF9,5.4265,5.5,=,=,Kd
COc1ccc(/C=C/c2ccc(C(=O)NCC(c3ccc(Cl)cc3)n3ccnc3)cc2)cc1OC,O=C(NCC(c1ccc(C(F)(F)F)cc1)n1ccnc1)c1cccc(/C=C/c2ccccc2)c1,Q07973,6.9208,6.8239,=,=,IC50
O=C(O)Cc1ccc2[nH]c(-c3ccccc3)cc2c1,C/C(=C\C(=O)c1ccccc1)N[C@@H](Cc1ccc(OCc2ccccc2)cc1)C(N)=O,P37231,5.35,0.769,=,=,Ki
Cc1ccc(-n2nc(C(C)(C)C)cc2NC(=O)Nc2ccc(OCCN3CCOCC3)c3ccccc23)cc1,CN1C(=O)[C@@H](N2CCc3cn(CC4CCS(=O)(=O)CC4)nc3C2=O)COc2ccccc21,O15264,6.412,6.0,=,=,IC50
CC(C#N)C(=O)N1CCN(Cc2ccc3cc(Oc4ccc(-c5ccn[nH]5)cn4)ccc3n2)CC1,CN(CC(=O)Nc1ccc(Oc2ccccc2)cc1)C[C@@H]1CCCN1Cc1ccc(C(=O)O)cc1,P09960,9.3279,6.8495,=,=,IC50
O=[N+]([O-])c1cc(Cl)ccc1CNc1ncnc2c1ncn2[C@@H]1O[C@H](CO)[C@@H](O)[C@H]1O,O=COCCN(CCOC=O)c1nc(N2CCCCC2)c2nc(N(CCOC=O)CCOC=O)nc(N3CCCCC3)c2n1,Q99808,4.33,6.8386,=,=,IC50
CC[C@@H](C)[C@H](C(=O)O)N1C[C@H](CN2CCC(c3cc(Cc4ccc(OC(C)(C)C)cc4)nn3CC)CC2)[C@@H](c2cccc(F)c2)C1,CC(C)(C)CC(C)(C)c1ccc(OCCOCC[N+](C)(C)Cc2ccccc2)cc1.[Cl-],Q12809,5.2518,7.0511,=,=,Ki
COC(=O)[C@H](CO)NC(=O)[C@H](CCCC[N+](C)(C)C)NC(=O)[C@H](CC(C)C)NC(=O)[C@H](C)NC(=O)[C@H](Cc1ccccc1)NC(=O)c1ccccc1,CC[C@H](NC(=O)[C@H](Cc1ccccc1)NC(=O)c1ccc(Br)cc1)C(=O)N[C@H](C(=O)N[C@@H](CCCC[N+](C)(C)C)C(=O)N[C@@H](CO)C(=O)N[C@@H](CCC(=O)O)C(N)=O)C1CCCC1,Q9HC52,4.4815,5.4202,=,=,IC50
CS(=O)(=O)Nc1ccc2c(c1)C(c1ccccc1)Oc1cccc(OC(F)F)c1-2,CC(C)n1c(O)nc2ccc(-c3ccc(F)c(C#N)c3)cc21,P06401,6.4353,7.2197,=,=,IC50
COc1cc2c(Oc3ccc(NS(=O)(=O)c4cccc(-c5ccsc5)c4)cc3F)ccnc2cc1OCCCN1CCN(C)CC1,CN(Cc1ccc2c(c1)[nH]/c(=N\C(=O)c1ccc(-c3cn[nH]c3)s1)n2CC(C)(C)O)C1CCCCC1,P06213,5.5418,6.3188,=,=,IC50
Cc1ccnc([C@H]2CC[C@@H]2c2nc3c(c(C#N)nn3[C@@H](C)c3ccc(C(F)(F)F)nc3)c(=O)[nH]2)n1,CC(c1cnc(C(F)(F)F)nc1)n1nc(C#N)c2c(=O)[nH]c(C3CCC3c3ncccn3)nc21,O76083,10.301,6.8969,=,=,Ki
O=C(O)[C@H]1[C@H](c2ccccc2)[C@H](C(=O)OCc2ccccc2)[C@H]1c1ccccc1,N#Cc1ccc(-c2ccccc2)cc1NC(=O)[C@H]1[C@@H](c2ccccc2)[C@H](C(=O)O)[C@@H]1c1ccccc1,O15540,6.2757,5.7721,=,=,Ki
Cn1nc(N2CCN3C(=O)N(c4c(F)cc(C#Cc5ccccc5)cc4F)C(=O)C[C@@]3(C)C2=O)ccc1=O,COCCOc1nccc2cc(Nc3n[nH]c4ncccc34)ccc12,Q14833,6.7055,7.2882,=,=,EC50
Cc1cc(CNC(=O)c2nc3ccc(F)c(OCCc4ccc(C(=O)O)cc4)c3c(=O)[nH]2)ccc1F,O=C(NO)C(Cc1ccccc1)NS(=O)(=O)c1ccc(-c2cn(-c3ccc(-c4ccccc4)cc3)nn2)cc1,P09238,5.6021,6.7423,=,=,IC50
CCCCCC[C@@H](C)CC[C@H](O)c1cc(O)cc(O)c1,CCCC[C@H](C)NC[C@@H](O)c1cc(O)cc(O)c1,P07550,2.0327,4.2486,=,=,Ki
Cn1c(=O)c2c(nc(NCCc3c[nH]c4ccccc34)n2Cc2ccc(Cl)c(Cl)c2)n(C)c1=O,CCCNC(=O)c1ccc(Cn2c(NCCc3c[nH]c4ccccc34)nc3c2c(=O)n(C)c(=O)n3C)cc1,Q14330,7.1308,5.8508,=,=,EC50
CN(CCN)Cc1c[nH]nc1-c1ccc(N2CCN(C(=O)Cc3ccccc3)CC2)cc1,CNCCN(C)Cc1nn2c(c1C1CCC3(CC1)COC(C)(C)C3)CCC2,Q99873,6.4123,7.1589,=,=,IC50
CC(C)c1cccc2cc[n+](C)c(Cc3cccc(Cc4c5c(C(C)C)cccc5cc[n+]4C)c3)c12.[I-].[I-],CC(C)c1cccc2cc[n+](C)c(CCCCc3c4c(C(C)C)cccc4cc[n+]3C)c12.[I-].[I-],Q9H2S1,7.0458,6.7122,=,=,Ki
CC1=C(C(=O)OC2C=CCCC2)C(c2ccc([N+](=O)[O-])cc2)NC(=O)N1,C=CCOC(=O)C1=C(C)NC(=O)NC1c1ccc([N+](=O)[O-])cc1,Q6P1M0,6.7447,5.8239,=,=,IC50
CN(C)C1CCN(S(=O)(=O)c2ccc(C(=O)NCC(=O)O)cc2)CC1,O=C(O)CNC(=O)c1ccc(S(=O)(=O)N2CCC(c3ccc(Br)cc3)CC2)cc1F,P45974,4.0969,4.8861,=,=,Kd
COc1cc(OC)c(-c2cn3ccc(N4CCN(c5ccnc(N)n5)CC4)cc3n2)cc1Cl,COc1cc(OCCCN(C)C)c(-c2cn3ccc(N4CCC(N)CC4)cc3n2)cc1Cl,Q9H5I1,8.0278,7.4559,=,=,IC50
N=C(N)NCCC[C@H](NC(=O)[C@H](CC1CCCCC1)NC(=O)c1n[nH]c(NC(=O)/C=C/c2ccc(F)cc2)n1)C(=O)N[C@@H](Cc1ccccc1)C(N)=O,N=C(N)NCCC[C@H](NC(=O)[C@H](CC1CCCCC1)NC(=O)c1n[nH]c(NC(=O)/C=C/c2c[nH]c3ccccc23)n1)C(=O)N[C@@H](Cc1ccccc1)C(N)=O,P25116,5.1024,4.8539,=,=,EC50
CCc1c(C(=O)OC)nc(C)c2[nH]c3cc(OC)c(OC)cc3c12,CCOC(=O)c1cc2c(cn1)[nH]c1ccccc12,P47869,8.0969,8.301,=,=,Ki
CCCc1c2c(cc3c(=O)cc(C(=O)O)oc13)CCCC2,O=c1[nH]c2c(O)ccc(CCNCCCS(=O)(=O)CCCOCCc3ccccc3)c2s1,O95342,3.2175,4.4901,=,=,IC50
Cc1nn2c3c(nc2s1)CCN(C(=O)COc1ccc(C(F)(F)F)cc1Cl)C3c1ccc(Cl)nc1F,Cc1nn2c3c(nc2s1)CCN(C(=O)COc1ccc(C(=O)NC2CC2)nc1C1CC1)C3c1ccc(Cl)cc1F,P17752,8.301,8.0458,=,=,IC50
COc1ccc2c(c1)CN(C(=S)Nc1ccccc1)CCS2,COc1ccc2c(c1)CN(C(=O)c1cccc(C(=O)N3CCSc4ccc(OC)cc4C3)n1)CCS2,Q92736,6.7055,6.4498,=,=,EC50
COC(=O)c1cc2c(cc1C)/C(=C(/Nc1ccc(C(=O)NC3CCN(C)CC3)cc1)c1ccccc1)C(=O)N2,COC(=O)c1cc2c(cc1C)/C(=C(/Nc1ccc(C(=O)NCC(=O)N3CCN(CCO)CC3)cc1)c1ccccc1)C(=O)N2,P16234,7.8508,8.1068,=,=,Ki
CCS(=O)(=O)c1ccc(Cl)cc1CNC(=O)c1cccc(OC(F)(F)F)c1,CCS(=O)(=O)c1ccc(Cl)cc1Cn1cnc2cc(CN3CCN(C4CCOCC4)CC3)c(C(F)(F)F)cc2c1=O,Q08345,5.3799,7.2291,=,=,IC50
CO[C@@H]1[C@H](N(C)C(=O)c2ccccc2)C[C@H]2O[C@]1(C)n1c3ccccc3c3c4c(c5c6ccccc6n2c5c31)C(=O)NC4,CN1CC[C@H](c2c(O)cc(O)c3c(=O)cc(-c4ccccc4Cl)oc23)[C@H](O)C1,P46734,5.2757,5.9208,=,=,Kd
CSC1=NC(c2cccc([N+](=O)[O-])c2)C(C(=O)OC(C)C)=C(C)N1,CO/C(O)=C1\C(C)=NC(C)=C([N+](=O)[O-])[C@H]1c1ccccc1C(F)(F)F,Q13936,7.9208,7.7447,=,=,Kd
CC[C@H](C)[C@H](NC(=O)[C@H](CC(=O)O)NC(=O)[C@H](CC(C)C)NC(=O)[C@@H](NC(C)=O)C(c1ccccc1)c1ccccc1)C(=O)N[C@H](C(=O)N[C@@H](Cc1c[nH]c2ccccc12)C(=O)O)[C@@H](C)CC,CCCc1cc(Cn2c(CC)nc3c(C)cc(C)nc32)ccc1OC(C(=O)NS(=O)(=O)c1ccc(C(C)C)cc1)c1ccc2c(c1)OCC2,P24530,6.6198,7.2218,=,=,IC50
CN1CCN(c2ccccc2[C@H]2S[C@H](CC(=O)N3CCC(N4Cc5ccccc5NC4=O)CC3)C(=O)N2CCC(C)(C)C)CC1,CN1C[C@H](c2cccc(F)c2F)CC[C@@H](NC(=O)N2CCC(n3c(=O)[nH]c4ncccc43)CC2)C1=O,Q16602,7.0088,7.8772,=,=,IC50
CCOP(=O)(OCC)C(=Cc1cc(C(C)(C)C)c(O)c(C(C)(C)C)c1)P(=O)(OCC)OCC,C#Cc1cc(CC(P(=O)(OC(C)C)OC(C)C)P(=O)(OC(C)C)OC(C)C)cc(C(C)(C)C)c1,P04035,5.9586,5.451,=,=,EC50
CSc1ccc(C2CN(C)Cc3cccc(Oc4ccnc(CN5CCCCC5)c4)c32)cc1,COc1ccc(C2=NN(CCCCCNCC[C@H](Oc3cccc4ccccc34)c3cccs3)C(=O)[C@@H]3CC=CC[C@H]23)cc1OC,P31645,6.6904,6.1391,=,=,Ki
O=C1N[C@@](c2ccc(CCCCC(F)(F)F)cc2)(C(F)(F)F)CC(c2ccn(CC3CC3)n2)=C1n1nn[nH]c1=O,O=C1CCCN1c1cc(S(=O)(=O)Nc2ccc(C(F)(F)F)cc2F)cc2c1N(C(=O)OC1CCN(CC(F)(F)C(F)(F)F)CC1)CC2,Q3SYC2,8.5229,7.3768,=,=,IC50
Cl.O=C(O)c1cccc(Cl)c1O[C@H]1CC[C@H]2CN[C@H](C(=O)O)C[C@H]2C1,Cc1cc(C2=NNC(=O)Cc3cc4c(cc32)OCCO4)ccc1N,P42262,2.8327,5.2218,=,=,Ki
Cc1cc(C)c([C@H](O)[C@@H](CN)c2ccccc2)c(C)c1.Cl,CC(C)(C)[C@H](O)[C@@H](CN)c1ccccc1.Cl,Q01959,6.4685,5.1391,=,=,Kd
Nc1nc2[nH]c(CCOc3ccc(C(=O)N[C@@H](CCC(=O)O)C(=O)O)cc3)cc2c(=O)[nH]1,Nc1nc2[nH]c(CCCCc3csc(C(=O)N[C@@H](CCC(=O)O)C(=O)O)c3)cc2c(=O)[nH]1,Q96NT5,6.1938,6.4089,=,=,Ki
CCCCCCCCCCCCCCCC(=O)N[C@@H](CCC(=O)N[C@@H](CCC(=O)N[C@@H](CCC(=O)NCCCOCCOCCOCCCNC(=O)CCC(=O)NCCCOCCOCCOCCCNC(=O)CCC(=O)NCCCOCCOCCOCCCNC(=O)CCC(=O)NCCCC[C@H](NC(=O)[C@H](C)NC(=O)[C@H](CCCNC(=N)N)NC(=O)[C@@H](NC(=O)[C@H](CCCCN)NC(=O)[C@H](CCC(=O)O)NC(=O)[C@H](CCCNC(=N)N)NC(=O)CNC(=O)[C@H](CCC(=O)O)NC(=O)[C@H](CC(C)C)NC(C)=O)C(C)C)C(=O)N[C@H](C(=O)NC(C)(C)C(=O)NC(C)(C)C(=O)N[C@@H](CCC(=O)O)C(=O)NCC(=O)N[C@@H](CCC(N)=O)C(=O)N[C@@H](CO)C(=O)N[C@H](C(=O)N[C@@H](Cc1ccccc1)C(=O)N[C@@H](CO)C(=O)N[C@@](C)(CCCCN)C(=O)N[C@@H](CCCNC(=N)N)C(=O)N[C@@H](C)C(=O)N[C@@H](CCCCNC(C)=O)C(N)=O)[C@@H](C)O)[C@@H](C)CC)C(=O)O)C(=O)O)C(=O)O,CC[C@H](C)[C@H](NC(=O)[C@H](CCC(N)=O)NC(=O)[C@H](C)NC(=O)[C@H](CCCNC(=N)N)NC(=O)[C@@H](NC(=O)[C@H](CC(C)C)NC(=O)[C@H](CCC(=O)O)NC(=O)[C@H](CCCNC(=N)N)NC(=O)CNC(=O)[C@H](CO)NC(=O)[C@H](CC(C)C)NC(=O)[C@H](CCCCN)NC(=O)[C@@H](NC(=O)[C@@H](NC(=O)[C@H](CCC(=O)O)NC(=O)[C@H](CCC(=O)O)NC(C)=O)C(C)C)[C@@H](C)CC)C(C)C)C(=O)NC[C@H](C)C(=O)NC[C@H](C)C(=O)N[C@@H](CO)C(=O)NCC(=O)N[C@@H](CCSC)C(=O)N[C@@H](CO)C(=O)N[C@H](C(=O)N[C@@H](Cc1c[nH]c2ccccc12)C(=O)N[C@@H](CO)C(=O)N[C@@H](CCCCN)C(=O)N[C@@H](CCCNC(=N)N)C(=O)N[C@@H](CCCCN)C(=O)N[C@@H](CCCCN)C(N)=O)[C@@H](C)O,Q9HBX9,8.967,7.4318,=,=,EC50
CCOc1nc(NC(=O)C(C)(C)NC(=O)c2ccc3c(C4CCCC4)c(-c4ncc(Cl)cn4)n(C)c3c2)cnc1/C=C/C(=O)O,O=S(=O)(c1ccc(Cl)cc1)N(CCCN1CCC(c2noc3cc(F)ccc23)CC1)C1COC1,P28223,5.284,7.4609,=,=,IC50
Nc1nc(NCCN2CCC(c3ccccc3)CC2)nc2nc(-c3ccco3)nn12,Cn1c(=O)c2[nH]c(-c3ccc(OCC(=O)Nc4ccccc4)cc3)cc2n(C)c1=O,P29274,7.9393,6.2,=,=,Kd
CCOC(=O)c1cc2c(cn1)[nH]c1ccccc12,COC(=O)c1cc2c(cn1)[nH]c1ccccc12,P31644,7.5686,7.2366,=,=,Kd
CCc1nc(C(N)=O)c(Nc2ccc(N3CCC(N4CCN(C)CC4)CC3)c(OC)c2)nc1NC1CCOCC1,CC[C@@H]1C(=O)N(C)c2cnc(Nc3ccc(C(=O)NC4CCN(C)CC4)cc3OC)nc2N1C1CCCC1,P51956,5.5467,6.1427,=,=,Kd
COc1cc(N(CC2CC2)c2ccc(F)c3ccccc23)cnc1C(=O)[C@H]1C[C@@H]1C(=O)O,O=C(/C=C/c1ccccc1)N1CCC2(CCCC(=O)N2c2ccc(F)c(F)c2)CC1,Q16873,8.3485,7.585,=,=,IC50
CC1=CC(C)(C)Nc2cc3c(cc21)-c1ccc(Br)cc1C3O,O=C(CC(Nc1ccc([N+](=O)[O-])cc1)c1cccc(F)c1)c1ccc(Br)cc1,P06401,5.731,7.4089,=,=,Ki
COc1ccccc1Oc1cccc(CN2CCC3(CC2)CCN(C(=O)c2cccc[n+]2[O-])CC3)c1,O=C(c1ccc(Cl)cc1)N1CCC2(CCN(Cc3cccc(Oc4ccccc4)c3)CC2)CC1,P51685,7.5699,7.7201,=,=,IC50
CC1=C(C#N)C(O)=NC(=O)/C1=C\c1ccc(-c2ccccc2)o1,Cn1nc(C(N)=O)c2c1-c1nc(Nc3cc(N4CCNCC4)ccc3OC(F)(F)F)ncc1CC2,Q9HC98,5.1643,6.2255,=,=,IC50
N[C@@H](Cc1c[nH]c2ccccc12)C(=O)NCC(=O)O,CC(C)C[C@H](NC(=O)CN)C(=O)O,P46059,3.585,3.7696,=,=,EC50
CCN(c1cc(-c2ccc(CN3CCN(C(=O)CCCCCCCC(=O)N[C@H](C(=O)N4C[C@H](O)C[C@H]4C(=O)NCc4ccc(-c5scnc5C)cc4)C(C)(C)C)CC3)cc2)cc(C(=O)NCc2c(C)cc(C)[nH]c2=O)c1C)C1CCOCC1,Cc1cc(C)c(CNC(=O)c2cc(-c3ccc(CN4CCOCC4)cc3)nc3c2cnn3C(C)C)c(=O)[nH]1,Q15910,6.8539,4.9788,=,=,EC50
Cc1sc2c(c1C)C(c1ccc(Cl)cc1)=NC(Cc1nnc(C(C)C)o1)c1nnc(C)n1-2,O=C1NC(=O)C(c2cccc(Cl)c2)=C1Nc1ccc(O)c(Cl)c1,Q58F21,7.2924,4.7212,=,=,IC50
CC(C)C[C@H](NC(=O)[C@H](CCCNC(=N)N)NC(=O)CNC(=O)[C@H](CC(C)C)NC(=O)[C@@H](NC(=O)[C@H](C)NC(=O)[C@@H](NC(=O)[C@@H](NC(=O)[C@H](CC(C)C)NC(=O)[C@H](CCC(=O)O)NC(=O)[C@H](CO)NC(=O)[C@H](C)N)[C@@H](C)O)[C@@H](C)O)C(C)C)C(=O)N[C@@H](CCC(=O)O)C(=O)N[C@@H](C)C(=O)N[C@@H](CCC(=O)O)C(=O)N[C@@H](CC(C)C)C(=O)N[C@@H](Cc1cnc[nH]1)C(=O)N[C@@H](CCC(=O)O)C(=O)N[C@@H](CC(C)C)C(=O)N[C@H](C(=O)N[C@H](C(=O)N[C@@H](CC(C)C)C(=O)N1CCC[C@H]1C(=O)N[C@@H](CCCNC(=N)N)C(=O)N[C@H](C(=O)N[C@@H](CCC(=O)O)C(=O)N[C@H](C(=O)NCC(=O)N[C@H](C(=O)NCC(=O)N[C@H](C(=O)N1CCC[C@H]1C(N)=O)[C@@H](C)O)[C@@H](C)O)[C@@H](C)O)[C@@H](C)O)[C@@H](C)O)[C@@H](C)O,CC[C@H](C)[C@H](NC(=O)[C@@H]1CCCN1C(=O)CNC(=O)[C@H](Cc1ccccc1)NC(=O)[C@@H]1CCCN1C(=O)[C@H](CC(N)=O)NC(=O)[C@H](CO)NC(=O)[C@H](CO)NC(=O)[C@H](Cc1c[nH]cn1)NC(=O)[C@H](CCCNC(=N)N)NC(=O)[C@H](CC(C)C)NC(=O)[C@H](Cc1ccccc1)NC(=O)[C@H](CC(=O)O)NC(=O)[C@H](C)NC(=O)[C@H](CC(C)C)NC(=O)[C@H](CCCNC(=N)N)NC(=O)[C@H](CCC(N)=O)NC(=O)[C@@H](NC(=O)[C@H](C)NC(=O)[C@@H]1CSSC[C@H](NC(=O)[C@@H](N)CCCCN)C(=O)N[C@@H](CC(N)=O)C(=O)N[C@@H]([C@@H](C)O)C(=O)N[C@@H](C)C(=O)N[C@@H]([C@@H](C)O)C(=O)N1)[C@@H](C)O)C(=O)N[C@@H](CC(C)C)C(=O)N[C@@H](CO)C(=O)N[C@@H](CO)C(=O)N[C@H](C(=O)N[C@@H](CC(N)=O)C(=O)N[C@H](C(=O)NCC(=O)N[C@@H](CO)C(=O)N[C@@H](CC(=O)O)C(=O)N[C@H](C(=O)N[C@@H](Cc1ccc(O)cc1)C(N)=O)[C@@H](C)O)C(C)C)[C@@H](C)O,P30988,9.9872,9.1726,=,=,EC50
CC(C)n1nc(-c2cc3cc(O)ccc3[nH]2)c2c(N)ncnc21,CCC(=O)N1CCC(n2c(=O)cc(C)c3cnc(Nc4ccc(N5CCN(C)CC5)cc4OC)nc32)CC1,P33981,6.2007,8.0315,=,=,Kd
CCS(=O)(=O)NCc1c2c(nn1CCC1CC1)C[C@]1(CCc3cc(OCC(F)(F)F)ccc31)NC2=O,COc1ccc(NC(=O)C2C(=O)N[C@](c3ccc(OCCCC(F)(F)F)cc3)(C(F)(F)F)CC2c2ccc(C)cc2)cc1,Q10469,6.3372,5.7275,=,=,IC50
COCCn1nc(C(=O)N(Cc2ccc(-c3noc(C(F)(F)F)n3)cc2)c2cccc(C(F)(F)F)c2)ccc1=O,COC(=O)c1ccc(CO/N=C/c2ccc(/C=C/C(=O)NO)cc2)cc1,Q9BY41,5.4815,6.2197,=,=,IC50
CCN1Cc2ccc(NC(=O)c3ccc(C(=O)N4CCC(C5CCCN5)CC4)cc3)cc2C1,c1ccc(N2CCC(N3CCCC3)CC2)cc1,Q96JM7,6.3279,4.3565,=,=,Kd
CN1C(=O)C(NC(=S)SCC(=O)NC(=O)Nc2cccc(Cl)n2)N=C(c2ccccc2)c2ccccc21,CN1C(=O)C(NC(=O)CN2CCN(C(=O)c3cc(Cl)ccc3[N+](=O)[O-])CC2)N=C(c2ccccc2)c2ccccc21,P12429,6.7447,5.3307,=,=,Kd
Cc1cccc(C)c1Oc1ccc(C(=O)N(Cc2ccccc2)Cc2ccc(C(=O)O)cc2)cc1,C#CC1CCN(C(=O)c2cn(-c3cccc(N(C)C)c3)c(=O)c3cc(OC)c(OC)cc23)CC1,Q9H1C0,7.7696,6.5075,=,=,IC50
CCCCNC(=O)Oc1ccc2ccccc2c1Br,CN(C)C(=O)Oc1ccc2cc(C#N)ccc2c1Br,Q6PIU2,5.0447,6.8239,=,=,IC50
COc1cc(Nc2nc(C#N)cc3cn[nH]c23)cc(OC)c1OC,COc1ccc(-n2nc3c(NC(=O)CCC(=O)NCCOCCOCCNC(=O)CCOCCOCCOCCOCCOCCOCCOCCOCCOCCOCCOCCOCCNC(=O)c4ccc(-c5c6ccc(=[N+](C)C)cc-6oc6cc(N(C)C)ccc56)c(C(=O)[O-])c4)nc4ccccc4n3c2=O)cc1,P0DMS8,5.91,8.25,=,=,Kd
N#CCC1CN(c2ncnc3[nH]cc(-c4cccc(C#N)c4)c23)CCO1,NC(=O)c1cccc(-c2c[nH]c3ncnc(N4CCOCC4)c23)c1,Q13188,6.7077,6.5756,=,=,IC50
CN1C(=O)CNC(=O)[C@H](NC(=O)[C@@H](N)Cc2ccc(O)cc2)CCNC(=O)C[C@@H](C(=O)N2CCC[C@H]2C(=O)N[C@@H](CCC(N)=O)C(=O)N[C@@H](CCCNC(=N)N)C(=O)N[C@@H](Cc2ccccc2)C(N)=O)NC(=O)[C@@H]1Cc1ccccc1,CCCC[C@@H]1NC(=O)[C@H](CO)NC(=O)[C@@H](NC(=O)[C@H](CCC(N)=O)NC(=O)[C@H](Cc2cnc[nH]2)NC(=O)[C@H](C)NC(=O)[C@H](CCCNC(=N)N)NC(=O)[C@@H](N)CO)CSCC(=O)NCCC[C@H](C(=O)NCCOCCOCCC(=O)NCCOCCOCCC(=O)NCCCC[C@H](NC(=O)CCCCCCCCCCCCCCC(=O)O)C(=O)O)NC(=O)CSC[C@@H](C(=O)N[C@@H](CC(=O)O)C(=O)N[C@H](C(=O)N[C@@H](CC(N)=O)C(=O)N2CCC[C@H]2C(=O)N[C@@H](C)C(=O)N[C@@H](Cc2c[nH]c3ccccc23)C(=O)N[C@@H](Cc2ccc(O)cc2)C(=O)N[C@H](C(=O)NCC(=O)N[C@@H](CCCCNC(=N)N)C(=O)NCC(=O)N[C@H](C(=O)N[C@@H](CCCNC(=N)N)C(=O)N2CCC[C@H]2C(=O)N[C@H](C(=O)NCC(=O)N[C@@H](CCCNC(=N)N)C(=O)N[C@@H](Cc2ccccc2)C(N)=O)C(C)C)[C@@H](C)CC)[C@@H](C)O)[C@@H](C)CC)NC(=O)[C@H]([C@@H](C)O)NC(=O)[C@H](CCCNC(=N)N)NC(=O)[C@H]([C@@H](C)O)NC(=O)[C@H](CCC(=O)O)NC1=O,Q9Y5X5,6.5784,5.0458,=,=,EC50
OC[C@H]1NC[C@H](O)[C@@H](O)[C@H]1O,COc1ccc(Br)cc1/C=C/C(=O)NC[C@H]1NC[C@H](O)[C@@H](O)[C@H]1O,P06280,7.2658,5.4559,=,=,IC50
COc1cc(F)c(O[C@H]2CC[C@@](C)(C(=O)O)CC2)cc1C(=O)N[C@H]1[C@@H]2CC[C@@H](C2)[C@H]1C(=O)NCC1(C)CCC1,CCN(CC)C(=O)c1ccccc1NCC1=NCCN1,P35368,4.5,5.23,=,=,IC50
CC(C)[C@H](NC(=O)c1ccc(Br)cc1)C(=O)N1COC[C@H]1C(=O)N[C@@H](CCCNC(=N)N)C(=O)CF,N=C(N)NCCC[C@H](NC(=O)[C@H](CO)NC(=O)[C@@H](NC(=O)c1ccc(Br)cc1)C1CCCCC1)C(=O)CF,Q9UDY8,7.699,7.3372,=,=,Ki
CCc1ccc2c(c1)C(=O)N(C)Cc1c(C(=O)OCCCOC(=O)c3ncn4c3CN(C)C(=O)c3cc(CC)ccc3-4)ncn1-2,C#Cc1ccc2c(c1)C(c1ccccc1)=NCc1c(C(=O)OCCCOC(=O)c3ncn4c3CN=C(c3ccccc3)c3cc(C#C)ccc3-4)ncn1-2,P34903,5.0683,6.5654,=,=,Ki
O=C(O)[C@@H]1CCCNC1,COc1ccc(C(OCCN2CCCC(C(=O)O)C2)(c2ccc(C)cc2)c2ccc(C)cc2)cc1,P30531,5.227,3.8477,=,=,IC50
Fc1ccc(Cc2nnc3ncc(-c4ccc(F)cc4)nn23)cc1,C[C@@H](c1ccc2ncccc2c1)c1nnc2ccc(-c3ccccc3C#N)nn12,P08581,6.4214,8.2218,=,=,Ki
COc1cc(C)c(/C=C/C(C)=C/C=C/C(C)=C/C(=O)O)c(C)c1C,C[C@]12CC[C@@H]3c4ccc(O[C@@H]5O[C@H](C(=O)O)[C@@H](O)[C@H](O)[C@H]5O)cc4CC[C@H]3[C@@H]1CC[C@@H]2O,O15439,4.3098,4.0089,=,=,IC50
O=C(O)c1ccnc(-c2cn(CCOc3ccccc3)nn2)c1,Cl.N[C@H]1C[C@@H]1c1ccc(NC(=O)CCCCCNC(=O)c2ccc(O)c3ncccc23)cc1,Q9Y4C1,5.0,5.041,=,=,IC50
Oc1ccc(-c2cc3ccc(O)cc3s2)cc1,Cc1ccc(OS(=O)(=O)C2CC3OC2C(c2ccc(NC(=O)CCCCCCC(=O)O)cc2)=C3c2ccc(O)cc2)cc1,Q92731,8.6383,7.0589,=,=,Ki
Nc1nc(Nc2ccc(OCCN3CCCC3)c(F)c2)nn1-c1ccccn1,CS(=O)(=O)N1CCC[C@H](c2csc(-c3cc(N4CCNCC4)ccc3NC(=O)c3ncc[nH]3)n2)C1,P30530,6.4763,6.7773,=,=,EC50
Cc1ccc(-n2cc(O)c(=O)cc2CO)cc1,Cc1nc(C)c(-c2cc([C@H](C)c3ccccc3)[nH]n2)s1,P21964,5.7696,6.1549,=,=,IC50
CCn1cnc2c(-c3ccc(F)c(-c4ccc(S(=O)(=O)C(C)C)cc4C#N)c3)cnnc21,CCn1cnc2c(-c3ccc(F)c(-c4ccc(S(=O)(=O)C5CCC5)cc4OC)c3)cnnc21,P47869,6.9666,8.0218,=,=,Ki
O=C1NC(=O)c2c1c1c3cc(F)c(F)cc3[nH]c1c1c2c2cc(F)c(F)cc2n1C1OC(CO)C(F)C(O)C1O,O=C1NC(=O)c2c1c1c3cc(F)ccc3[nH]c1c1c2c2cc(F)ccc2n1C1OC(CO)C(F)C(O)C1O,P11387,6.1249,6.9586,=,=,EC50
CCc1nc(C(N)=O)c(Nc2ccc(N3CCC(N4CCN(C)CC4)CC3)c(OC)c2)nc1NC1CCOCC1,CC[C@@H]1C(=O)N(C)c2cnc(Nc3ccc(C(=O)NC4CCN(C)CC4)cc3OC)nc2N1C1CCCC1,O14578,5.6297,5.284,=,=,Kd
CCNc1nc2cc(OC)c(Cl)cc2nc1-c1cccs1,CCNc1nc2cc(Cl)c(OC(F)(F)F)cc2nc1NCC,P00558,6.7212,5.9318,=,=,IC50
CCN(C(=O)CO)[C@H]1CN(/C(=N\C#N)Nc2cccc(OC(F)(F)F)c2)N=C1c1ccc(Cl)c(Cl)c1,O=C1COc2c(CCNCCN(C(=O)CCNCCc3ccccc3)C3CCCC3)ccc(O)c2N1,Q9NRG4,7.301,5.6576,=,=,IC50
COc1cccc(CNC(=O)c2nc3ccccc3c(=O)[nH]2)c1,COC(=O)[C@H](C)NC(=O)c1ccc(Cn2cc(C#CC(=O)NCc3ccc(F)c(OC)c3)c(=O)[nH]c2=O)cc1,P09238,5.4685,6.0472,=,=,IC50
O=C(Cc1ccc(O)cc1)Nc1nnc(CCCCc2nnc(NC(=O)Cc3cccnc3)s2)s1,O=C(Cc1ccccn1)Nc1nnc(CCCCc2ccc(NC(=O)C(O)c3ccccc3)nn2)s1,O94925,6.8539,6.7212,=,=,IC50
Cc1ccc(-n2nc(C(C)(C)C)cc2NC(=O)Nc2ccc(OCCN3CCOCC3)c3ccccc23)cc1,O=C(O)COCCN1CCN(C(c2ccccc2)c2ccc(Cl)cc2)CC1,Q02763,7.699,4.0458,=,=,Kd
N#Cc1nc2c(nc1C#N)C1(OCCO1)c1ccccc1-2,CN1CC[C@@H](Oc2ccc(F)c(-c3nc4c(o3)C(=O)c3ccccc3C4=O)c2Cl)C1,P40818,4.8861,9.5528,=,=,IC50
CC(c1ccc2c(c1)OCC2)N1CCn2nc(-c3ccc(S(C)(=O)=O)cc3)nc2C1,COc1ccc(NC(=O)CN2CCN(Cc3cnc(NC(C)=O)s3)CC2)cc1,O60502,5.2596,6.0757,=,=,IC50
COc1ccc([C@H]2C[C@@H]2COc2nc(C)ncc2-c2ccc(C(=O)NCCO)nc2)nc1,Cc1nc(NCc2nnc(C)s2)cc(OC[C@H]2C[C@@H]2c2ccc(C3CC3)cn2)n1,Q9Y233,9.1938,10.0969,=,=,Ki
CC(C)C[C@H](NC(=O)[C@@H](CC(C)C)NC(=O)CNC(=O)[C@H](C)NC(=O)[C@H](C)NC(=O)[C@H](CCCNC(=N)N)NC(=O)CCCCNC(=O)CCCCNC(=O)CCCCNC(=O)[C@H](CCCCN)NC(=O)[C@H](Cc1ccc(O)cc1)NC(=O)[C@@H](N)Cc1c[nH]c2ccccc12)C(N)=O,CC(C)C[C@H](NC(=O)[C@H](CC(C)C)NC(=O)CNC(=O)[C@H](C)NC(=O)[C@H](C)NC(=O)[C@H](CCCNC(=N)N)NC(=O)CNC(=O)CCCCNC(=O)CCCCNC(=O)CCCCNC(=O)[C@H](CCCCN)NC(=O)[C@H](Cc1ccc(O)cc1)NC(=O)[C@H](Cc1c[nH]c2ccccc12)NC(=O)CCc1c[nH]c2ccccc12)C(N)=O,P48145,6.2757,8.3328,=,=,EC50
CC(C)[C@@H]1C[C@@]2(CC[C@H]1O)CCN(c1ccc(OC(F)(F)F)cc1)C2=O,CC(C)CS(=O)(=O)N1C[C@@H]2CCN(c3ccc(OC(F)(F)F)cc3)C(=O)[C@@H]2C1,Q05469,7.7905,6.0195,=,=,IC50
Cc1c(F)cccc1[C@@]1(C(=O)NO)Cc2nc(-c3ccc(F)cn3)sc2C1,O=C(NO)c1ccc(CN2c3ccccc3Sc3ccc(Cl)cc32)cc1,Q9UKV0,7.2924,6.4559,=,=,IC50
COc1ccccc1Oc1c(NS(=O)(=O)c2ccc(C(C)(C)C)cc2)nc(-c2ncccn2)nc1OCCO,CC[C@H](C)[C@H](NC(=O)[C@H](CC(=O)O)NC(=O)[C@H](CC(C)C)NC(=O)[C@H](Cc1c[nH]cn1)NC(=O)[C@@H]1CSSC[C@@H](N)C(=O)N[C@H]([C@@H](C)O)C(=O)N[C@H]2CSSC[C@@H](NC(=O)[C@H](CCC(=O)O)NC(=O)[C@H](CCCCN)NC(=O)[C@@H](CC(=O)O)NC(=O)[C@H](CCCCN)NC(=O)[C@@H](CCc3ccc(O)cc3)NC(=O)[C@H]([C@H](C)O)NC(=O)[C@@H](Cc3ccccc3)NC2=O)C(=O)N[C@@H](C(C)C)C(=O)N[C@H](Cc2ccc(O)cc2)C(=O)N[C@@H](Cc2ccc(O)cc2)C(=O)N1)C(=O)N[C@H](C(=O)N[C@@H](Cc1c[nH]c2ccccc12)C(=O)O)[C@@H](C)CC,P24530,6.4666,10.5268,=,=,Ki
Cc1cc(CC(C(=O)O)c2c[nH]cn2)cnc1N,CCCNC(=O)Nc1ccc(-n2cnc(C(Cc3ccc(N)nc3)C(=O)O)c2)cc1,P15086,7.699,7.3098,=,=,IC50
O=C(O)c1ccnc(-n2nccc2OCc2ccc(Cl)cc2CCc2ccc(F)cc2)c1,CC(C)c1cc(C(=O)N2CCC(NC(=O)c3ccc(Cl)cc3)C2)[nH]n1,P29375,6.2596,9.1249,=,=,IC50
COc1cccc(-c2cc(-n3cc(CNCC(C)C)c4ccccc43)c(C)cn2)c1,CNc1nc(-c2cc(C(=O)N3CCN(Cc4ccc(Cl)cc4)CC3)ccn2)cs1,Q9H4A3,7.0223,6.9747,=,=,IC50
CCOC(=O)c1ncn2c1CN(C)C(=O)c1cc(F)ccc1-2,C#Cc1ccc2c(c1)C(c1ccccc1)=NCC(=O)N2C,P14867,8.699,7.1192,=,=,Kd
CCOc1c(-c2cccc3cc(/C(C)=C/C(=O)O)oc23)cc(C(C)C)cc1C(C)C,C/C(=C\C(=O)O)c1cc2cccc(-c3cc(C(C)C)cc(C(C)C)c3OCCCF)c2o1,P19793,7.6576,7.3279,=,=,Ki
CN1CC[C@H](c2c(O)cc(O)c3c(=O)cc(-c4ccccc4Cl)oc23)[C@H](O)C1,CO[C@@H]1[C@H](NCCOCCOCCOCCNC(=O)CCC2=[N+]3C(=Cc4c(C)cc(C)n4[B-]3(F)F)C=C2)C[C@H]2O[C@]1(C)n1c3ccccc3c3c4c(c5c6ccccc6n2c5c31)C(=O)NC4,Q9Y2U5,5.2147,7.4202,=,=,Kd
Cc1c(COC(C)(C)C(=O)NCc2ccc(C(=O)O)cc2)nn(-c2ccc(Cl)cc2Cl)c1-c1ccc(Cl)cc1,Cc1cccc(C)c1Oc1ccc(C(=O)N(Cc2ccccc2)Cc2ccc(C(=O)O)cc2)cc1,Q9H1C0,5.7118,7.7696,=,=,IC50
CCCCc1oc2ccccc2c1C(=O)c1ccc(OCC(=O)N2CCCCC2)cc1,CCCCNC(=O)CCCOc1ccc(C(=O)c2c(CCCC)oc3ccccc23)cc1,Q9NTG7,5.5719,4.7783,=,=,EC50
CC(/C=N/O)CC#CCN(C)C,C(#Cc1ccccc1)CO/N=C1\CN2CCC1C2,P11229,4.5867,5.266,=,=,IC50
CC(C)CNc1cc(N2CCN(C)CC2)nc(N)n1,Cc1nnc(CCCN/C(N)=N/C(=O)NCc2ccccc2)s1.O=C(O)C(F)(F)F,Q9H3N8,8.9,7.7959,=,=,Kd
COc1cc2nc(N(C)C)nc(NCCCCCN3CCCC3)c2cc1OC,COc1cc2c(NCCCCCN3CCCC3)nc(N3CCCC3)nc2cc1OCCN,Q9NQR1,5.0362,5.7212,=,=,IC50
CCc1nc(C(N)=O)c(Nc2ccc(N3CCC(N4CCN(C)CC4)CC3)c(OC)c2)nc1NC1CCOCC1,CCOc1cc2ncc(C#N)c(Nc3ccc(F)c(Cl)c3)c2cc1NC(=O)/C=C/CN(C)C,O14578,5.6297,6.5086,=,=,Kd
CN(C)C(=O)Oc1ccc2ccccc2c1Br,CCCCCCCNC(=O)c1ccc2c(Br)c(OC(=O)N(C)C)ccc2c1,Q6PIU2,5.8452,5.7696,=,=,IC50
CC(C)CC(=O)N1CCc2nc(-c3ccc(Br)cc3)nc(N(C)Cc3ccccc3)c2C1,COc1cc(C)c2nc3[nH]nc(C)c3c(CN3CC[C@@H](O)C3)c2c1,Q9HCR9,5.0555,5.7212,=,=,Ki
COc1ccc2c(c1OC)C(=O)O[C@@H]2[C@H]1c2c(cc3c(c2OC)OCO3)CCN1C,O=c1[nH]c2ccccc2n1CCCN1CCC(n2c(=O)[nH]c3cc(Cl)ccc32)CC1,Q96FL8,4.4622,5.6383,=,=,IC50
N/C(=N\C(=O)NCc1ccccc1)NCC1CCc2nc(N)sc2C1.O=C(O)C(F)(F)F.O=C(O)C(F)(F)F,COCCCC(=O)NCCN1CCC[C@@H]1Cn1nc(Cc2ccc(Cl)cc2)c2ccccc2c1=O.O=C(O)C(F)(F)F,P25021,7.9136,5.1,=,=,Kd
CCOC(=O)c1ccc(NC(=O)N[C@@H](Cc2ccc(Cl)c(Cl)c2)C(=O)N[C@H]2CC[N+](C)(Cc3ccc4c(c3)OCO4)C2)cc1.[I-],Cc1cnccc1N1CCN(C(=O)C2CN(S(=O)(=O)c3cccc4cnccc34)C2)CC1,P11229,7.4,6.2912,=,=,IC50
CNCCNCc1cccc(-c2nc(Nc3ccccc3)c(C)c(-c3c(C)noc3C)n2)c1,COC(=O)c1cc(O)c2cc(NC(=O)NCCCNC(=N)NC[C@H]3O[C@@H](n4cnc5c(N)ncnc54)[C@H](O)[C@@H]3O)ccc2c1,Q9NR22,6.0362,5.0814,=,=,IC50
CC[C@H](C)[C@H](NC(=O)[C@H](Cc1ccc(O)cc1)NC(=O)[C@@H]1CCCN1C(=O)[C@H](CCCCN)NC(=O)[C@@H](N)CCCCN)C(=O)N[C@@H](CC(C)C)C(=O)O,CC[C@H](C)[C@H](NC(=O)[C@H](Cc1ccc(O)cc1)NC(=O)[C@@H]1CCCN1C(=O)[C@@H](N)CCC/N=C(/N)NC(=O)[C@@H](N)CCCNC)C(=O)N[C@@H](CC(C)C)C(=O)O,O95665,9.1751,8.4559,=,=,IC50
O=C(Nc1ccc(S(=O)(=O)Nc2ccccc2)cc1)c1cc(F)c(Br)cc1F,O=C(Nc1ccc(S(=O)(=O)Nc2ccccc2)cc1)c1cc2ccccc2oc1=O,Q9NS67,6.38,5.11,=,=,EC50
CC(=O)CSc1n[n+]2c(C)csc2s1.[O-][Cl+3]([O-])([O-])[O-],C=CC(=O)Nc1ccc(S(=O)(=O)N2CCN(C(=O)OC(C)(C)C)CC2)cn1,P22735,6.6021,5.4202,=,=,IC50
NCCCNCCCCCCCCNC(=O)C(Cc1ccc(O)cc1)NC(=O)c1ccccn1,NCCCNCCCCCCCCNC(=O)C(Cc1ccc(O)cc1)NC(=O)Cc1ccccc1,P42261,6.8278,6.7803,=,=,Ki
Cc1cc(C(c2ccc(Cl)cc2)c2ccc(Cl)cc2)sc1C(=O)N[C@@H](CCCNC(=N)N)C(=O)O,N=C(N)NCCC[C@@H](NC(=O)c1ccc(-c2cccc(CO)c2)o1)C(=O)O,Q16581,8.0485,6.1,=,=,IC50
CO[C@@H]1[C@H](NCCOCCOCCOCCNC(=O)CCC2=[N+]3C(=Cc4c(C)cc(C)n4[B-]3(F)F)C=C2)C[C@H]2O[C@]1(C)n1c3ccccc3c3c4c(c5c6ccccc6n2c5c31)C(=O)NC4,CCOc1cc2ncc(C#N)c(Nc3ccc(F)c(Cl)c3)c2cc1NC(=O)/C=C/CN(C)C,Q09013,7.0458,7.2291,=,=,Kd
O=C(O)CCCCCCCCOc1ccc(-c2ccn[nH]2)nc1,CC(C)(CCCCCCCCOc1ccc(-c2ccn[nH]2)nc1)C(=O)O,P78329,6.699,8.0506,=,=,IC50
CC[C@H](C)[C@@H]1NC(=O)[C@@H](NC(=O)[C@H](CO)NC(=O)[C@@H](N)Cc2cccc3ccccc23)CSSC[C@@H](C(=O)O)NC(=O)[C@H]([C@@H](C)O)NC(=O)CNC(=O)[C@@H]2CSSC[C@@H]3NC(=O)[C@H](CCC(N)=O)NC(=O)[C@H](Cc4ccccc4)NC(=O)[C@H](C)NC(=O)[C@H]([C@@H](C)O)NC(=O)[C@H](CSSC[C@H](NC(=O)[C@H](Cc4ccccc4)NC(=O)[C@H](CO)NC(=O)[C@H](CC(C)C)NC(=O)[C@H](CCCNC(=N)N)NC(=O)[C@H](Cc4ccc(O)cc4)NC(=O)[C@H](CCCCN)NC(=O)[C@H](CCSC)NC(=O)[C@H](CO)NC(=O)[C@H](Cc4cnc[nH]4)NC(=O)[C@H](CCCCN)NC3=O)C(=O)N[C@@H](CCCNC(=N)N)C(=O)N[C@@H](CCCCN)C(=O)N[C@@H]([C@@H](C)O)C(=O)N2)NC(=O)[C@H](CCCNC(=N)N)NC(=O)[C@H](CO)NC(=O)[C@H](CCCCN)NC(=O)[C@@H]2CCCN2C(=O)[C@H]([C@@H](C)CC)NC(=O)[C@H]([C@@H](C)O)NC(=O)[C@H](CC(=O)O)NC1=O,c1ccc(OCCCCOc2ccccc2)cc1,P22001,9.6517,4.699,=,=,IC50
CCNC(=O)CNC(=O)c1ncc(C#Cc2ccc(NC(=O)C3CC3)cc2)cc1O,COc1ccc(-n2c(=O)[nH]c3cc(C(=O)NCc4ccc(Cl)cc4)sc3c2=O)nc1OC,Q9H6Z9,6.1079,9.0,=,=,IC50
C[C@@]1(c2ccccc2O)O[C@@H]2N3[C@H](CO[C@H]31)O[C@]2(C)c1ccccc1O,CO[C@@]12C=C[C@@]3([C@@H]4CN(C(=O)/C=C/c5ccc(C)cc5)C[C@@H]41)[C@H]1Cc4ccc(O)c5c4[C@@]3(CCN1C)[C@H]2O5,P41145,8.0022,8.4776,=,=,EC50
CN(c1cc(C(F)(F)F)nc(OCCC(=O)O)n1)c1cccc2c1CCC2,CC1(C)CCC(C)(C)c2cc(-c3cc(C(=O)O)no3)ccc21,P19793,7.0223,5.2924,=,=,Kd
O=C(O)CN(C(=O)c1ccc(C(=O)O)c(NC(=O)c2sc3ccccc3c2Cl)c1)c1ccc(Cl)cc1,O=C(Nc1cc(NC(=O)c2sc3ccccc3c2Cl)ccc1C(=O)O)c1ccc(Cl)cc1,P56730,4.5834,5.4559,=,=,IC50
CCCN1CCc2nc(Nc3cc(OC)c(OC)c(OC)c3)ncc2C1,CC(C)[C@@H](CO)Nc1ccc2ncc(-c3ccncc3)n2n1,P06241,4.8333,6.2,=,=,IC50
COc1cncc(N2C(=O)c3c(C#N)ccc(NS(=O)(=O)c4ccc(C(C)(C)C)cc4)c3C2=O)c1,CC(C)(C)c1ccc(S(=O)(=O)Nc2ccc(Cl)c3c2C(=O)N(c2cc(F)ccn2)C3=O)cc1,P51686,7.7696,7.3493,=,=,Ki
O=C(Nc1cn2nc(-c3c(-c4ccc(F)cc4)ncn3C3CCN(C(=O)OC4CCCCC4)CC3)ccc2n1)c1ccnc(F)c1,Cn1nc(-c2ccc(F)cc2)c(-c2ccc3nc(NC(=O)c4ccnc(F)c4)cn3n2)c1C1CCN(C[C@@H](O)C(F)(F)F)CC1,P48730,9.5072,9.699,=,=,IC50
CCC(=O)NC[C@@H](CO)c1cccc2ccc(OC)cc12,COc1ccc2ccc3c(c2c1)C(CNC(N)=S)CC3,P48039,6.41,7.7959,=,=,EC50
Cc1cccc2c1C(C)(C)C(=O)N2C[C@H]1CC[C@H](NC(=O)c2cc(Cl)cnc2C)CC1,Cc1ncc(Cl)cc1C(=O)N[C@H]1CC[C@H](Cn2c(=O)n(C)c3ccccc32)CC1,Q13324,5.3179,5.4486,=,=,IC50
Cc1c(-c2cncc(C(F)(F)F)c2)ccc2c1CCNC2=O,Cc1c(-c2ccccc2)ccc2c1CCNC2=O,Q9NR21,4.0379,4.5792,=,=,IC50
O=C(CC(c1ccccc1)c1ccccc1)N[C@@H](Cc1ccccc1)[C@@H](O)CNCc1ccccc1,COc1ccc(C(OCCN2CCCC(C(=O)O)C2)(c2ccc(C)cc2)c2ccc(C)cc2)cc1,P48066,5.5302,4.699,=,=,IC50
CN1C(=O)[C@@H](N2CCc3cn(CC4CCS(=O)(=O)CC4)nc3C2=O)COc2ccccc21,COc1cc(-n2c3c(c4ncnc(N)c42)CCC3)ccc1NC(=O)Cc1cc(C(F)(F)F)nn1C,P07333,6.0,8.0,=,=,IC50
CNC(=O)c1cc(Oc2ccc(NC(=O)Nc3ccc(Cl)c(C(F)(F)F)c3)cc2)ccn1,O=C(Nc1ccc(Oc2cc(O)ncn2)cc1)Nc1cccc(C(F)(F)F)c1,Q59H18,6.801,5.4949,=,=,IC50
COc1cccc(CCc2nnc(-c3ccc4[nH]cnc4c3)s2)c1Cl,c1ccc(Oc2ccc(Cn3cnnc3-c3ccc4[nH]cnc4c3)cc2)cc1,Q9NXS2,7.0,7.0969,=,=,Ki
CO[C@@H]1[C@H](NCCOCCOCCOCCNC(=O)CCC2=[N+]3C(=Cc4c(C)cc(C)n4[B-]3(F)F)C=C2)C[C@H]2O[C@]1(C)n1c3ccccc3c3c4c(c5c6ccccc6n2c5c31)C(=O)NC4,CC(C)n1nc(-c2cc3cc(O)ccc3[nH]2)c2c(N)ncnc21,Q9P289,6.163,5.4318,=,=,Kd
CC1=C(C(=O)OC2CCCC2)C(c2ccc([N+](=O)[O-])cc2)NC(S)=N1,CC1=C(C(=O)OC2CCCC2)[C@H](c2ccc(C(F)(F)F)cc2)NC(=O)N1,Q6P1M0,5.4685,6.2218,=,=,IC50
N[C@H](C(=O)O)[C@H](CCCB(O)O)CN1CCCCC1,N[C@@]1(C(=O)O)CN(C(=O)c2ccc(F)cc2)C[C@@H]1CCCB(O)O,P78540,4.7595,5.9515,=,=,IC50
NS(=O)(=O)OC[C@H]1C[C@@H](Nc2ccnc3cc(-c4cc5ccc(Cl)cc5s4)nn23)[C@H](O)[C@@H]1O,NS(=O)(=O)OC[C@H]1C[C@@H](Nc2cc(Cl)nc3cc(-c4ccc(Br)cc4)nn23)[C@H](O)[C@@H]1O,P22314,7.2596,6.2596,=,=,IC50
O=C(Nc1ccc(Oc2ccc(Cl)cn2)c(Cl)c1)c1ccccn1,N[C@@H](CCP(=O)(O)C(O)c1cc([N+](=O)[O-])cc([N+](=O)[O-])c1)C(=O)O,O00222,6.9031,5.1805,=,=,EC50
Cc1cc(-c2ccc(N3C(=O)C(=O)C(C(=O)CC(C)C)C3c3ccccc3OC(C)C)cc2)cs1,COC(=O)[C@@H](C)[C@@H](C)n1c(=O)[nH]/c(=N\c2cccc(C(F)(F)F)c2)n(Cc2ccc(Cl)cc2)c1=O,P56373,7.2924,6.9788,=,=,IC50
CCCC(=O)N1CCC(CC[C@@H](NS(=O)(=O)Cc2ccccc2)C(=O)N[C@@H](CCC2CCNCC2)C(=O)NCc2ccc(C(=N)N)cc2)CC1,Cc1ccc2oc(=O)c(C(=O)Oc3ccc4cc(C(=N)N)ccc4c3)cc2c1,P00748,6.0969,5.2848,=,=,Ki
Br.CN1CCCSC1=N,N=C1SCCN1N.O=C(O)/C=C\C(=O)O,O95050,5.4318,4.3298,=,=,IC50
C=CCN1C(=O)C(O)(CC(=O)c2ccc3ccccc3c2)c2ccccc21,O=C(Cn1c(=O)oc2cc(Br)ccc21)c1ccc2ccccc2c1,Q9Y232,4.4989,4.5376,=,=,Kd
CC(=O)Nc1cccc(O[C@H]2c3ccccc3C[C@@H]2N2CCCC2)c1,CN1Cc2c(Cl)cc(Cl)cc2[C@H](c2cccc(S(=O)(=O)NCCOCCOCCNC(=O)NCCC[N+](C)(CCCNC(=O)NCCOCCOCCNS(=O)(=O)c3cccc([C@@H]4CN(C)Cc5c(Cl)cc(Cl)cc54)c3)CCCNC(=O)NCCOCCOCCNS(=O)(=O)c3cccc([C@@H]4CN(C)Cc5c(Cl)cc(Cl)cc54)c3)c2)C1,P48764,6.3585,8.1,=,=,IC50
O=C(O)c1ccc2c(c1)C(CCOc1ccc(-c3ccn[nH]3)nc1)CCC2,O=C(O)C12CCC(COc3ccc(-c4[nH]ncc4Cl)nc3)(CC1)CC2,Q02928,7.1367,7.7959,=,=,IC50
CCN(c1cc(-c2ccc(CN3CCN(C)CC3)cc2)cc(C(=O)NCc2c3c(c(C)[nH]c2=O)CCCC3)c1C)C1CCCCC1,CCN(c1cc(-c2ccc(CN3CCN(C(=O)CCCCCCCC(=O)N[C@H](C(=O)N4C[C@H](O)C[C@H]4C(=O)NCc4ccc(-c5scnc5C)cc4)C(C)(C)C)CC3)cc2)cc(C(=O)NCc2c(C)cc(C)[nH]c2=O)c1C)C1CCOCC1,Q92800,6.8649,8.0655,=,=,IC50
CC(C)n1nc(-c2cc3cc(O)ccc3[nH]2)c2c(N)ncnc21,C[S+]([O-])c1ccc(-c2nc(-c3ccc(F)cc3)c(-c3ccncc3)[nH]2)cc1,O60331,7.7447,5.585,=,=,Kd
C=CCOc1ccccc1CN(C(=O)CCl)c1ccc2c(c1)OCO2,C/C=C(\C#N)C(=O)N1CCN(C(c2ccc(Cl)cc2)c2ccc(Cl)cc2)CC1,P36969,5.7959,4.6387,=,=,EC50
Cn1c(=O)n(C)c2cc(Oc3ccccc3)c(NS(=O)(=O)c3ccc(Cl)cc3)cc21,Cc1cc2c(cc1N1C(=O)c3cccc4cc(Br)cc(c34)C1=O)n(C)c(=O)n2C,O95696,5.4597,6.9066,=,=,IC50
O=C(N[C@@H](c1ccccn1)C1CC1)c1ccc2[nH]nc(-c3ccc(N4[C@H]5CC[C@H]4CC(O)C5)cc3)c2c1,CCOc1cc(-c2nnc3n2CCC3)ccc1Nc1ncc2cc(C)nc(NCC(C)(C)C)c2n1,P33981,9.1549,9.4202,=,=,Ki
O=C1C=CC(=O)C(c2ccc(CN3CCCC3)c(NS(=O)(=O)c3ccc(F)cc3)c2)=C1,Cc1ccc(S(=O)(=O)Nc2cc(C3=CC(=O)C=CC3=O)ccc2CN2CCCC2)cc1,Q8WTS6,4.0555,4.0809,=,=,IC50
CN1Cc2c(Cl)cc(Cl)cc2[C@H](c2cccc(S(=O)(=O)NCCOCCOCCOCCNC(=O)CN(CCOCCOCCN(CC(=O)NCCOCCOCCOCCNS(=O)(=O)c3cccc([C@@H]4CN(C)Cc5c(Cl)cc(Cl)cc54)c3)CC(=O)NCCOCCOCCOCCNS(=O)(=O)c3cccc([C@@H]4CN(C)Cc5c(Cl)cc(Cl)cc54)c3)CC(=O)NCCOCCOCCOCCNS(=O)(=O)c3cccc([C@@H]4CN(C)Cc5c(Cl)cc(Cl)cc54)c3)c2)C1,CN1Cc2c(Cl)cc(Cl)cc2C(c2ccc(S(=O)(=O)NCCOCCOCCNC(=O)C(O)C(O)NCCOCCOCCNS(=O)(=O)c3ccc(C4CN(C)Cc5c(Cl)cc(Cl)cc54)cc3)cc2)C1,P48764,8.0,8.4,=,=,IC50
CCCc1cc(N2CCC(O)C(C)(C)C2)nc2sc(C(N)=O)c(N)c12.Cl,Nc1ncnc2cc(-c3ccccc3)sc12,O14920,7.3768,6.0132,=,=,IC50
CCc1cc(CC(NC(C)=O)C(=O)NCCCCOc2cccc(O)c2C(=O)NC)ccc1N(C(=O)C(=O)O)c1ccccc1C(=O)O,O=C(O)C(=O)Nc1sc2c(c1C(=O)O)CCSC2,P18433,6.0809,4.0,=,=,Ki
O=c1cc(-c2ccccc2)c2ccc3c(c2o1)OCO3,O=c1cc(-c2ccccc2)oc2cc(O)cc(O)c12,P05177,5.4498,6.301,=,=,Ki
Nc1nc(N2CCC(N3Cc4cccnc4OC[C@@H]3Cc3ccc(Cl)cc3)CC2)n[nH]1,Cc1cc([C@H]2CC[C@@H](N(C)CCc3ccc(Cl)cc3)CC2)on1,Q13231,5.6198,5.6576,=,=,IC50
N=C(N)Nc1ccc(NC(=O)c2cccc(Cl)c2O)cc1,N=C(N)c1ccc2cc(Nc3ncccn3)ccc2c1,P00749,4.3768,6.0,=,=,Ki
O=C(Nc1ccc2c(c1)OCO2)c1cccc(CNc2ccc(C(=O)Nc3cccc(OP(=O)(O)O)c3)cc2CC2CCCCC2)c1,CC[Si](CC)(CC)O[C@@H]1C[C@H](C)C[C@@H]2[C@@H]1C[C@H](O[Si](C)(C)C(C)(C)C)[C@@H]1[C@](C)(CO)C[C@H](O)C[C@@]21C,O15297,4.4535,6.6899,=,=,IC50
CN(C)C(=O)/C=C/c1ccc2noc(-c3ccccc3)c2c1,O=c1c(O)c(-c2ccc(O)cc2)oc2cc(O)cc(O)c12,Q9UHH9,4.3947,5.6021,=,=,IC50
CCOc1cc(CCNC(=O)c2sc3nc(C)ccc3c2N)ccc1N1CCNCC1,Cc1ccc2c(N)c(C(=O)NCCc3ccc(N4CCNCC4)c(O)c3)sc2n1,Q9UHP3,5.9586,5.699,=,=,IC50
C#CCN1C(=O)[C@@H](C)N(CC=C)c2nc(Nc3cc(F)c(O)c(F)c3)ncc21,C#CCN1c2nc(Nc3cc(F)c(O)c(F)c3)ncc2N(CCC(C)(C)O)C(=O)[C@H]1C,Q99986,7.4989,6.9801,=,=,Ki
COc1cc(OC)c(Cl)c(-c2ccc3nc(Nc4nc(Cl)ccc4[N+](=O)[O-])ncc3c2)c1Cl,COc1ccc2c(c1)[C@]1(C[C@H]1c1ccc3c(/C=C/c4ccc(CN5C[C@@H](C)O[C@@H](C)C5)cc4)n[nH]c3c1)C(=O)N2,P11362,6.1649,5.9586,=,=,EC50
O=C(NC(CCCCNC(=O)c1ccc(I)cc1)C(=O)O)N[C@@H](CNc1c(O)c(=O)c1=O)C(=O)O,O=C(O)CCC(NC(=O)N[C@@H](CCCCNC(=O)N1CCN(C(=O)CCC(CCC(=O)N2CCN(C(=O)NCCCC[C@H](NC(=O)NC(CCC(=O)O)C(=O)O)C(=O)O)CC2)NC(=O)c2ccc(-n3cc(CCCF)nn3)cc2)CC1)C(=O)O)C(=O)O,Q04609,8.8697,8.8861,=,=,Ki
c1cc(N2CCC3(CCCCN3)C2)c2c(-c3nc[nH]n3)c[nH]c2n1,N[C@]1(CNc2ccnc3[nH]cc(-c4cncnc4)c23)CCCNC1,Q5VT25,10.284,9.7235,=,=,Ki
CC(C)(C)c1cc(NC(=O)Nc2ccc(-c3cn4c(n3)sc3cc(OCCN5CCOCC5)ccc34)cc2)no1,CNC(=O)c1cc(Oc2ccc(NC(=O)Nc3ccc(Cl)c(C(F)(F)F)c3)cc2)ccn1,Q32MK0,5.8195,5.0177,=,=,Kd
N[C@H]1CO[C@H]2CC[C@@H](B(O)O)N2C1=O,CC(C)c1cc(C(=O)O)ccc1OC[C@H]1CC[C@@H](C(=O)N2CCC[C@H]2C#N)N1,Q12884,6.699,6.0516,=,=,Ki
CC1(C)C2CC[C@@]1(CS(=O)(=O)NCCc1ccc(S(N)(=O)=O)cc1)C(=O)C2,CC1(C)O[C@@H]2[C@H](O1)[C@H]1OC(C)(C)OC1O[C@@H]2COS(N)(=O)=O,P00915,5.2586,6.5017,=,=,Ki
COc1ccc(-c2ccc(NC(=O)c3ccc(C(=O)N4CCN(Cc5ccc(F)cc5)CC4)cn3)cc2)cc1,CS(=O)(=O)c1ccc(OC2CCN(C(=O)c3ccc(C(=O)NC4CCN(Cc5ccc(F)cc5)CC4)cn3)CC2)cc1,P54646,6.1249,5.5229,=,=,EC50
O=C(O)[C@@H]1CCS(=O)(=O)N1Cc1cccc(COc2ccc(-c3cc(F)c(F)cc3F)cc2)c1,N#CCNc1cc(-c2ccc(OCc3cccc(C(=O)N4CCC[C@H]4C(=O)O)c3)cc2)cc(F)c1F,P13807,7.0458,7.2676,=,=,EC50
CC(C)C[C@H](S)C(=O)N[C@H]1CCc2ccccc2N(CC(=O)O)C1=O,O=C(O)[C@H](Cc1ccc(-c2ccccc2)cc1)NC(=O)[C@H](Cc1ccc2c(c1)OCO2)NCP(=O)(O)O,P08473,8.1549,7.3188,=,=,IC50
CNC(=O)c1nn(C)c2c1C(C)(C)Cc1cnc(Nc3ccc(N4CCN(C)CC4)cc3)nc1-2,CC(C)n1nc(-c2cc3cc(O)ccc3[nH]2)c2c(N)ncnc21,P48730,6.6271,6.4949,=,=,Kd
C=C(COC[C@@H](C)[C@H]1CC[C@H]2/C(=C/C=C3/C[C@@H](O)C[C@H](O)C3=C)CCC[C@]12C)C1=CCCCC1(C)C,CS(=O)(=O)c1ccc(C(=O)NCCCC(=O)N2CCN(c3ccc(F)cc3)CC2)cc1[N+](=O)[O-],P11473,6.5229,4.1871,=,=,IC50
Cn1cc(Nc2ccc([N+](=O)[O-])cc2)cc1C(=O)N1CCCC1,O=C(/C=C/c1ccccc1O)c1cc(Br)cc(Br)c1O,P10275,4.8327,5.5421,=,=,IC50
COc1ccc(N2CCN(C(=O)c3cc4cc(C(=O)O)ccc4[nH]3)CC2)cc1,Clc1ncnc2c1nnn2Cc1ccccc1,P04839,0.301,5.2924,=,=,IC50
Cc1ccc(Nc2ncc3c(n2)N(C2CC2)C(=O)N(c2cc(NC(=O)c4ccc(C)c(C(F)(F)F)c4)ccc2C)C3)cn1,COc1cccc(F)c1-c1nccc(C(=O)Nc2ccc(-c3cnccc3C#N)cc2N2C[C@@H](N)C[C@H]2CO)n1,Q12851,7.2007,6.6162,=,=,IC50
COc1cc(-c2csc3c(/C=C/CNC4CCNCC4)cnc(N)c23)ccc1NC(=O)c1cc2ccccc2n1C,COc1ccc2[nH]cc(C(c3ccc(Cl)cc3)N(C)c3ccccc3)c2c1,P12931,4.8416,4.0605,=,=,IC50
Cc1cc(C)c2cccc(OCc3c(Cl)ccc(S(=O)(=O)NC(C)(C)C(=O)NCCCN)c3Cl)c2n1,CCCC[P+](CCCC)(CCCC)Cc1ccc(NC(=O)[C@H](Cc2cccc3ccccc23)N/C(=N/C2CCCCC2)NC2CCCCC2)cc1.[Cl-],P30411,7.6,5.9872,=,=,Ki
Cc1nc(NC(=O)C(C)(C)C)sc1-c1csc(NCCCC(=O)O)n1,COc1ccc(-c2c(C)nn3c(NCCc4cccc(S(C)(=O)=O)c4)ccnc23)cc1F,Q9UBF8,5.1561,6.51,=,=,IC50
CS(=O)(=O)c1ccc(-c2nnc(Cc3c[nH]c4ccccc34)nc2-c2ccccc2)cc1,CN(c1ccc2c(c1)CCn1c-2cc(OC[C@@H]2COCCO2)nc1=O)C1CCCCC1,Q9NQS5,6.18,6.3002,=,=,IC50
O=C(NC1CCN(S(=O)(=O)C[C@H]2CC[C@H](NCc3ccccn3)CC2)CC1)c1cc(C2CC2)on1,CCCCN[C@H]1CC[C@H](CS(=O)(=O)N2CCC(NC(=O)c3cc(C4CC4)on3)CC2)CC1,Q9H7B4,7.1487,7.0223,=,=,EC50
CCCCCCCC/C=C\CCCCCCCC(=O)Oc1cccc2c1C(=O)C=CC2=O,O=c1c(-c2ccc(O)cc2)coc2cc(O)cc(O)c12,Q9Y253,5.0757,4.0343,=,=,IC50
NCCCCNC(=O)CCCCCNC(=O)[C@H]1O[C@@H](n2cnc3c(N)ncnc32)[C@H](O)[C@@H]1O,N=C(N)NCCC[C@@H](NC(=O)[C@@H](CCCNC(=N)N)NC(=O)[C@@H](CCCNC(=N)N)NC(=O)[C@@H](CCCNC(=N)N)NC(=O)CCCCCNC(=O)[C@@H](CCCCN)NC(=O)CCCCCNC(=O)[C@H]1O[C@@H](n2cnc3c(N)ncnc32)[C@H](O)[C@@H]1O)C(N)=O,P17612,5.7852,9.301,=,=,Kd
COc1cc2c(cc1OCCc1ccncc1)Cc1c-2n[nH]c1-c1ccc(-c2ccc(O)cc2)cc1,Cn1ccc2cc(-c3cc4c(N[C@H]5CCCNC5)ncc(C(N)=O)c4s3)ccc21,O14757,8.301,8.0969,=,=,IC50
C[C@H](CO)Nc1cc(NS(=O)(=O)N2CCOCC2)nc(SCc2cccc(Cl)c2F)n1,N#Cc1ccc(NC(=O)Nc2ccccc2Br)c2nn[nH]c12,P25025,7.8,7.75,=,=,Kd
COc1ccc2c(c1)C(N1CCN(C(=O)C3CC3)CC1)CC2,COc1ccc2[nH]cc(CCNC(=O)C(F)(F)F)c2c1,P48039,6.8069,9.1,=,=,IC50
CN(C)CCOC(C)(C)c1ccc(NC(=O)c2ncc(C#N)[nH]2)c(C2=CCC(C)(C)CC2)c1,CN(C)c1ccc2c(Oc3ccc(NC(=O)NCc4ccc(C(F)(F)F)nc4)cc3)ncnc2c1,P10721,6.6021,8.9586,=,=,IC50
O=C(N[C@@H](C(=O)O)c1ccccc1)c1cc(-c2ccc(OC(F)(F)F)cc2)cs1,CC(=O)N[C@@H](COCc1ccccc1)C(=O)N[C@H](CCc1ccccc1)C(=O)N[C@H](Cc1ccc(C(F)(F)F)cc1)C(=O)NO,P39900,6.7447,7.2434,=,=,IC50
CCNC(=O)C[C@@H]1N=C(c2ccc(Cl)cc2)c2cc(OC)ccc2-n2c(C)nnc21,COC[C@H](NC(=O)c1ccn(C(C)(C)C)c1)C(=O)Nc1nc(-c2cccc(N3C[C@@H](C)O[C@@H](C)C3)n2)cs1,P51531,7.699,8.1594,=,=,IC50
NC(=O)c1cccc(-c2c[nH]c3ncnc(N4CCOCC4)c23)c1,CN1C(=O)[C@@H](N2CCc3cn(CC4CCS(=O)(=O)CC4)nc3C2=O)COc2ccccc21,Q13188,6.5756,6.0,=,=,IC50
Cc1coc2c1CC[C@@H](C)C2,CN1CCC[C@H]1c1cccnc1,Q16696,6.2366,4.2676,=,=,Kd
O=C1/C(=C/c2ccccn2)CSC/C1=C\c1ccccn1,CN1C(=O)[C@@H](N2CCc3cn(CC4CCS(=O)(=O)CC4)nc3C2=O)COc2ccccc21,Q96PY6,4.8539,6.0,=,=,IC50
C=C(c1ccc(C(=O)O)cc1)c1cc2c(cc1F)C(C)(C)CCC2(C)C,CC1(C)CCC(C)(C)c2cc(-c3cc(-c4ccc(C(=O)O)cc4)ccc3OCCCNC3CC3)ccc21,P13631,6.4012,8.0969,=,=,EC50
C=CC(=O)NCCCC[C@H](NC(=O)OCc1ccccc1)C(=O)N1CCC(c2ccccc2)CC1,C=C1C[C@@H](C(=O)N[C@@H](CC(C)C)C(=O)N[C@H](C(N)=O)C2CCCCC2)N(C(=O)[C@@H](NC(=O)[C@H](CC/C=C/C(=O)OCC)NC(=O)c2ccc([N+](=O)[O-])cc2C(=O)O)C(C)(C)C)C1,P00488,4.6778,7.074,=,=,IC50
CNC(=O)CN(C)CCNC(=O)c1ccc(N/C(=C2\C(=O)Nc3cc(C(=O)OC)c(C)cc32)c2ccccc2)cc1,COC(=O)c1cc2c(cc1C)/C(=C(/Nc1ccc(C(=O)NCC(=O)N3CCN(CCO)CC3)cc1)c1ccccc1)C(=O)N2,P22607,7.4001,7.8041,=,=,Ki
c1ccc2cc(COc3n[nH]c4ccccc34)ccc2c1,O=S(=O)(NC1CCN(c2ncnc3c2nc(-c2ccccc2Cl)n3-c2ccc(C(F)(F)F)nc2)CC1)c1ccccc1F,P21554,4.6635,8.3979,=,=,Ki
Cc1ccc(-c2oc3cc(O)c(C(=O)O)cc3c2-c2cn(CCCC(=O)Nc3ccc(Cl)c4ccccc34)nn2)cc1,Cc1ccc2cc(C#N)c(SCC(=O)Nc3ccc4c(c3)OCO4)nc2c1,P35236,5.433,4.9208,=,=,IC50
CN1CCN(C(=O)c2cccc(-c3cc(Cl)c4c(c3)C3(CCCCC3)NC(=O)N4)c2)CC1,Nc1ccc(Cl)cc1Sc1ccccc1[N+](=O)[O-],Q13946,7.3979,5.1367,=,=,IC50
NC/C(=C/F)COc1ccc(-c2nc(N3CCOCC3)n[nH]2)c(F)c1,Cc1ccc(N2CCN(c3c(C#N)ccc(COC(=O)NC(=N)N)c3F)CC2)cc1C,Q16853,8.9586,6.8268,=,=,IC50
CC(=O)Nc1ccc(CC2NCCc3cc(O)c(O)cc32)cc1I,C[C@H](Cc1ccc2c(c1)OC(C(=O)[O-])(C(=O)[O-])O2)NC[C@H](O)c1cccc(Cl)c1.[Na+].[Na+],P07550,8.11,4.1013,=,=,Ki
CO[C@@H]1[C@H](N(C)C(=O)c2ccccc2)C[C@H]2O[C@]1(C)n1c3ccccc3c3c4c(c5c6ccccc6n2c5c31)C(=O)NC4,CO[C@@H]1[C@H](NCCOCCOCCOCCNC(=O)CCC2=[N+]3C(=Cc4c(C)cc(C)n4[B-]3(F)F)C=C2)C[C@H]2O[C@]1(C)n1c3ccccc3c3c4c(c5c6ccccc6n2c5c31)C(=O)NC4,P21802,5.6198,6.6162,=,=,Kd
O=C(NNS(=O)(=O)CC1CCCCC1)c1cc(-c2cn(Cc3ncco3)cn2)cc(Cl)c1F,CCCCCCCc1ccc(CCc2cccc(O)c2C(=O)O)cc1,Q9H7Z6,4.5229,4.6306,=,=,IC50
C[C@H](NC(=O)OCC1c2ccccc2-c2ccccc21)C(=O)N[C@@H](CCCNC(=N)N)C(=O)c1nc2ccccc2s1,CC(C)c1cc(C(C)C)c(S(=O)(=O)N[C@@H](Cc2cccc(C(=N)N)c2)C(=O)N2CCN(C(=O)C3CCN(C(=N)N)CC3)CC2)c(C(C)C)c1,Q04756,5.0978,4.7696,=,=,Ki
CC(=O)N[C@@H](CCC(=O)O)C(=O)N[C@@H](C)C(=O)N[C@@H](CCCNC(=N)N)C(=O)N[C@@H](CCCNC(=N)N)C(=O)N[C@@H](CCCNC(=N)N)C(=O)N[C@@H](CCCCN)C(=O)N[C@@H](CCCCN)C(=O)N[C@@H](CCCNC(=N)N)C(=O)N[C@H](C(N)=O)[C@@H](C)O,C[C@H](NC(=O)[C@H](CCCNC(=N)N)NC(=O)[C@@H]1CCCN1C(=O)[C@@H](N)[C@@H](C)O)C(=O)N[C@@H](CCCNC(=N)N)C(=O)N[C@@H](CCCNC(=N)N)C(=O)N[C@@H](CCCNC(=N)N)C(=O)N[C@@H](CCCCN)C(=O)N[C@@H](CCCCN)C(=O)N[C@@H](CCCNC(=N)N)C(=O)N[C@@H](Cc1c[nH]c2ccccc12)C(N)=O,P09958,7.9586,7.2291,=,=,Ki
CN1CCN(C(C(=O)NCCc2ccc(F)cc2)c2cccnc2)CC1,CN1CCN(C(c2ccc(F)cc2)c2nnnn2CCc2ccccc2)CC1,P43004,7.8239,10.5229,=,=,EC50
O=C(Nc1ccc([N+](=O)[O-])cc1)NC1(C(=O)NCC2(c3ccccn3)CCCCC2)CCc2[nH]c3ccccc3c2C1,CSc1ccccc1C1Nc2cc(C)ccc2NC2=C1C(=O)CC(C)(C)C2,P28336,6.0969,6.699,=,=,IC50
NS(=O)(=O)CCNC(=O)C(c1nc2ccc(-c3cccc(C(=O)N4CC(F)C4)c3)cc2s1)S(=O)(=O)CCC(F)(F)F,CS(=O)(=O)C(C(=O)NCCS(N)(=O)=O)c1nc2ccc(-c3cc(F)cc(Cl)c3)cc2s1,P11150,7.6459,7.857,=,=,IC50
COc1ccc(CN2C(=O)/C(=C3\SC(=S)N(CCCCCC(=O)O)C3=O)c3ccccc32)cc1,COc1ccc2c(NCCN(C)C)nn(C)c(=O)c2c1,Q92831,4.5406,6.3279,=,=,IC50
CC(C)C(O)c1ccc2cc(OCC(F)(F)F)ccc2c1,N#Cc1cccc(S(=O)(=O)N2CCN(c3ccc(CO[C@H]4CO[C@](Cn5ccnc5)(c5ccc(Cl)cc5Cl)OC4)cc3)CC2)c1,P05093,6.3979,7.1249,=,=,IC50
CS(=O)(=O)c1ccc2nc(NC(=O)Nc3ccc(O)c(Cl)c3)sc2c1,COc1ccc2nc(N[C@@H](c3ccccc3O)P(=O)(OC)OC)sc2c1,Q99714,6.0458,5.1427,=,=,IC50
O=C(NCC(O)CO)c1cccc(Nc2cc(Cc3cccc(C(F)(F)F)c3)ccn2)c1,O=C(NCCCO)c1cccc2c1CCN2c1cc(Cc2cc(F)c(F)c(F)c2)ccn1,Q9Y2T5,6.1722,8.9586,=,=,EC50
C[C@@H]1CCNC(=O)c2cc3ccc(C(=O)Nc4nc5ccccc5n4CCCN(C)C)cc3n21,Nc1cccc(-c2cc(NC3CCCNC3)c3ccncc3c2)c1,Q9BZL6,6.857,6.9914,=,=,IC50
NS(=O)(=O)c1ccc(C2CC2c2ccc(C3CCCC3)cn2)cc1,CC(C)(C)c1cnc(-n2cc(C(=O)N[C@H]3CN4CCC3CC4)ccc2=O)s1,P36544,5.912,6.5229,=,=,EC50
Cc1cnc(-c2cc(OC3COC3)cc(C(=O)N[C@H](C)c3cnc(C(F)F)nc3)c2)s1,Cc1cnc(CNC(=O)c2cc(OC[C@H]3CCOC3)cc(-c3ncc(C)s3)c2)cn1,Q9UBL9,6.2815,5.0,=,=,IC50
CC(C)(C)c1ccc(S(=O)(=O)N(C[C@H](O)[C@@H](N)c2ccc(OC(F)(F)F)cc2)C2CCC2)cc1,CC(C)CN(C[C@H](O)[C@@H](N)Cc1ccccc1)S(=O)(=O)c1ccc(Cl)c(Cl)c1,Q8TCT8,8.2218,6.0655,=,=,IC50
Cc1ccc(C(=O)NC2CC2)cc1-c1ccn2c(-c3ccncc3Cl)nnc2c1,Cc1ccc(-n2nc(C(C)(C)C)cc2NC(=O)Nc2ccc(Oc3ccncc3)cc2)cc1,O15264,7.4202,6.5521,=,=,IC50
C=C1/C(=C\C=C2/CCC[C@]3(C)[C@@H]([C@H](C)C[C@@H]4OC(=O)C(=C)[C@H]4CCCC)CC[C@@H]23)C[C@@H](O)[C@H](OCCCO)[C@@H]1O,C=C1/C(=C\C=C2/CC[C@@H](CCCCCCC(C)(C)O)[C@]3(C)[C@@H]([C@H](C)CO)CC[C@@H]23)C[C@@H](O)C[C@@H]1O,P11473,8.0555,7.6799,=,=,IC50
CCCCCCc1csc2cc(C(=O)O)sc12,COc1ccccc1-c1cc2cc(C(=O)O)c(=O)oc2cc1O,Q9HC97,5.3288,5.8379,=,=,IC50
CCNC(=O)c1cc2c(cn1)[nH]c1ncc(-c3ccc(CN4CCCCC4)cc3)cc12,NC(=O)c1cnc(N(CCO)[C@H]2CCCNC2)c2cc(-c3ccccc3)sc12,O14757,5.6509,5.4318,=,=,EC50
CC(C)c1[nH]nc2c1C(c1cccnc1OCCO)N(c1ccc(-c3ccon3)cc1)C2=O,CC(C)Oc1ccc(/N=c2\[nH]c(=O)n(CCC(=O)O)c(=O)n2CC2(C)CCCCC2)cc1F,P56373,6.2351,6.4698,=,=,IC50
O=C1NCc2ccc(-c3ccc(-c4cncc(NS(=O)(=O)c5ccc(F)cc5F)c4)s3)cc21,COc1cccc2oc(/C=C3\OC(=O)c4c3cc(C)[nH]c4=S)cc12,P14222,5.382,5.1739,=,=,IC50
COc1nc(-c2nn(C)c3nc(OCC(=O)N[C@@H](C)c4ccc(C)cc4)cc(C)c23)cs1,Cc1ccc([C@H](C)NC(=O)COc2cc(C)c3c(-c4ncco4)nn(C)c3n2)cc1,O43614,7.4318,7.7696,=,=,Kd
CCCC[C@H](NC(C)=O)C(=O)N[C@H]1CC(=O)NCCCC[C@H](C(N)=O)NC(=O)[C@@H](Cc2c[nH]c3ccccc23)NC(=O)[C@H](CCCN=C(N)N)NC(=O)[C@@H](Cc2ccc(I)cc2)NC(=O)[C@H](Cc2c[nH]cn2)NC1=O,C[C@@H]1NC(=O)[C@H](CN)NC(=O)[C@H](Cc2ccccc2)NC(=O)[C@H](Cc2ccc(O)cc2)NC(=O)[C@H](CCCNC(=N)N)NC(=O)[C@@H]2CCCN2C(=O)[C@H]2CCCN2C(=O)[C@H](Cc2ccccc2)NC1=O,P32245,9.7001,7.5,=,=,Kd
CCCCCCNC(=O)N1CCN(C(=O)[C@H](Cc2cccc(C(=N)N)c2)NS(=O)(=O)c2ccc3ccccc3c2)CC1,N=C(N)NCCC[C@H](NC(=O)[C@H](CCC(N)=O)NC(=O)OCC1c2ccccc2-c2ccccc21)C(=O)c1nc2ccccc2s1,P05981,5.9208,6.9355,=,=,Ki
COC1(c2cccc(OCc3ccc4ccc(=O)n(C)c4c3)c2)CCOCC1,O=C(c1ccccc1)c1sc(N2CCOCC2)nc1-c1ccccc1,P09917,6.699,5.6383,=,=,IC50
Oc1cc2c(cc1O)[C@H]1c3ccc(F)nc3CN[C@@H]1CC2,N/C(=N\C(=O)NCc1ccccc1)NCCCc1nnc(N)s1.O=C(O)C(F)(F)F.O=C(O)C(F)(F)F,P21728,6.7447,5.86,=,=,Ki
CC(C)C(O)[C@H]1CC[C@@H](N2CC(NC(=O)CNc3nccc4ncc(C(F)(F)F)cc34)C2)CC1,O=C(CNc1ncnc2ccc(C(F)(F)F)cc12)NC1CN([C@H]2CC[C@@H](C3CCCC3)CC2)C1,O00421,6.3665,6.8539,=,=,IC50
O=C(N[C@H](Cc1ccc(Cl)cc1Cl)C(=O)N1CCN(c2ccccc2CNCCc2cccs2)CC1)OCCF,CCCC[C@@H]1NC(=O)[C@@H]2CSc3nnc(c4c3CCC3C(CC4)C3COC(=O)NCCOCCOCCOCCNC(=O)OCC3C4CCc5c6nnc(c5CCC43)SC[C@@H]3NC(=O)[C@H](CCCNC(=N)N)NC(=O)[C@H](CC(=O)O)NC(=O)[C@H](Cc4c[nH]c5ccccc45)NC(=O)[C@H](CCCNC(=N)N)NC(=O)[C@H](Cc4ccccc4)NC(=O)[C@H](Cc4cnc[nH]4)NC(=O)CNC(=O)[C@H](CCCC)NC(=O)[C@H](CS6)NC(=O)[C@H](CCCNC(=N)N)NC(=O)[C@H](Cc4c[nH]c5ccccc45)NC(=O)[C@H](CCCNC(=N)N)NC(=O)[C@H](Cc4ccccc4)NC(=O)[C@H](Cc4cnc[nH]4)NC3=O)SC[C@H](NC(=O)[C@H](CCCNC(=N)N)NC(=O)[C@H](CC(=O)O)NC(=O)[C@H](Cc3c[nH]c4ccccc34)NC(=O)[C@H](CCCNC(=N)N)NC(=O)[C@H](Cc3ccccc3)NC(=O)[C@H](Cc3cnc[nH]3)NC(=O)CNC1=O)C(=O)N[C@@H](Cc1cnc[nH]1)C(=O)N[C@@H](Cc1ccccc1)C(=O)N[C@@H](CCCNC(=N)N)C(=O)N[C@@H](Cc1c[nH]c3ccccc13)C(=O)N[C@@H](CCCNC(=N)N)C(=O)N2,P41968,6.1024,7.43,=,=,Ki
CN(C(=O)[C@@H]1CCCN1S(=O)(=O)c1ccc2c(Cl)cccc2c1)C1CCN(CCc2ccccc2Cl)CC1,CN(C(=O)[C@@H]1CCCN1S(=O)(=O)c1ccc2c(Cl)cccc2c1)C1CCN(CCc2ccccc2)CC1,P51679,6.3372,6.8239,=,=,Ki
Nc1nccc(-c2c[nH]c3ncc(-c4ccc(F)cc4)cc23)n1,CN1CCC(c2cc3c(-c4cncc(NCc5cccc(F)c5)n4)ccnc3[nH]2)CC1,P50750,7.6198,7.8539,=,=,IC50
CCc1nc(C(N)=O)c(Nc2ccc(N3CCC(N4CCN(C)CC4)CC3)c(OC)c2)nc1NC1CCOCC1,CN(c1ncccc1CNc1nc(Nc2ccc3c(c2)CC(=O)N3)ncc1C(F)(F)F)S(C)(=O)=O,Q9P289,5.942,7.9208,=,=,Kd
CNC(=O)c1cc(NC(=O)C2=NN=C(c3cncc(-c4ccnc(Nc5cc(NC(=O)c6ccc(CN7CCN(C)CC7)cc6)ccc5C)n4)c3)C2)[nH]n1,O=C(CCCC(=O)N1C[C@@H](CCl)c2c1cc(O)c1ccccc21)N1C[C@@H](CCl)c2c1cc(O)c1ccccc21,P42684,6.7932,6.1643,=,=,IC50
CN(C)C(=O)c1cccc(Nc2nsnc2N[C@@H](c2ccc3c(c2)CCC3)C(C)(C)C)c1O,CCN(Nc1c(Nc2cccc(C(=O)N(C)C)c2O)c(=O)c1=O)c1ccccc1,P25024,7.3565,5.3872,=,=,Ki
N[C@@H]1c2ccccc2CC12CCN(c1nc3nc(Sc4cccnc4C(F)(F)F)cnc3[nH]1)CC2,NC[C@@H]1[C@H]2CN(c3nc(N)c(-c4cccc(Cl)c4Cl)c(C(N)=O)n3)C[C@@H]12,Q06124,8.301,5.2757,=,=,IC50
C[C@@H]1Cc2nc(NCc3ccc(C(F)(F)F)cc3)[nH]c(=O)c2CN1Cc1ccc(F)cc1,Cn1c2c(c(=O)n(Cc3ccc(Cl)cc3)c1=O)CN(Cc1cccc(C#N)c1)CC2,Q16740,6.3101,6.8779,=,=,EC50
COc1cc(C(=O)NCC2(N(C)C)CCCCC2)cc(OC)c1OCc1ccccc1,CN(CC[C@@H](Oc1ccc(-c2ccccc2)cc1)c1ccc(F)cc1)CC(=O)O,Q9Y345,7.0757,5.7447,=,=,IC50
C=Cc1cc(C(=O)O)cc2c1CCc1c-2ccc(O)c1C,O=C(O)CCNC(=O)c1ccccc1,Q8TCC7,5.5528,5.0035,=,=,IC50
CC[C@@H]1C(=O)N(C)c2cnc(Nc3ccc(C(=O)NC4CCN(C)CC4)cc3OC)nc2N1C1CCCC1,CNC(=O)c1cc(Oc2ccc(NC(=O)Nc3ccc(Cl)c(C(F)(F)F)c3)cc2)ccn1,Q8NE63,5.699,8.5251,=,=,Kd
CC1(C)CCC(c2ccc(Cl)cc2)=C(CN2CCN(c3ccc(C(=O)NS(=O)(=O)c4ccc(N[C@H](CCN5CCOCC5)CSc5ccccc5)c(S(=O)(=O)C(F)(F)F)c4)cc3)CC2)C1,O=C(O)c1cc(C(=O)O)c(NCc2ccccc2C2CC2)cn1,Q12797,5.9522,5.0506,=,=,IC50
COc1ccc2c(c1)C(=O)Nc1cccc(n1)-c1nncn1C/C=C\C2,CO[C@@H]1[C@H](N(C)C(=O)COCCOCCNC(=O)c2ccc(-c3c4ccc(=[N+](C)C)cc-4oc4cc(N(C)C)ccc34)c(C(=O)O)c2)C[C@H]2O[C@]1(C)n1c3ccccc3c3c4c(c5c6ccccc6n2c5c31)C(=O)NC4.[Cl-],Q99683,5.8239,5.0969,=,=,Kd
CC(F)(F)C(=O)NCCC1CCN(C2=C(Cl)C(=O)c3ncccc3C2=O)CC1,CC#CC(=O)NC1CN(C2=C(Cl)C(=O)c3cccnc3C2=O)C1,O96028,5.8697,6.5086,=,=,IC50
CC(C)(C)NC(=O)[C@@H]1C[C@@H]2CCCC[C@@H]2CN1C[C@@H](O)[C@H](Cc1ccccc1)NC(=O)[C@H](CC(N)=O)NC(=O)c1ccc2ccccc2n1,CCOC(=O)C1=C(CCn2ccnc2)N=C(CCn2ccnc2)/C(=C(/O)OCC)C1c1cccc([N+](=O)[O-])c1.Cl,P24557,5.6611,5.2757,=,=,IC50
CC[C@H](C)[C@H](NC(=O)CNC(=O)[C@H](C)NC(=O)[C@H](C)NC(=O)[C@H](Cc1cnc[nH]1)NC(=O)[C@H](CC(N)=O)NC(=O)CNC(=O)[C@H](C)NC(=O)CNC(=O)[C@H](Cc1cnc[nH]1)NC(=O)[C@H](CC(C)C)NC(=O)[C@H](CC(C)C)NC(=O)[C@H](CCC(=O)O)NC(=O)[C@H](N)Cc1ccc(O)cc1)C(=O)N[C@@H](CC(C)C)C(=O)N[C@H](C(=O)N[C@@H](CC(C)C)C(N)=O)[C@@H](C)O,Cn1ccc([C@H]2CC[C@@H](OC[C@@H]3NCCC[C@@H]3NS(C)(=O)=O)CC2)n1,O43614,5.4921,6.2291,=,=,EC50
Cl.Cn1cnc(S(=O)(=O)N2CCN(C3(CNC(=O)c4ccc(Cl)cc4Cl)CCC(F)(F)CC3)CC2)c1,CCS(=O)(=O)N1CCN(C2(CNC(=O)c3c(Cl)cccc3Cl)CCC(F)(F)CC2)CC1.Cl,P48067,8.2765,7.3726,=,=,IC50
COc1ccc(-c2cscc2C)cn1,Cc1ccc(-c2nn(-c3nc(-c4cc5ccccc5oc4=O)cs3)cc2C=O)cc1,P11509,5.1805,7.9598,=,=,Ki
Nc1ccc(-c2cncc(OCc3ccc(Cl)cc3Cl)c2)cn1,O=P(O)(O)Oc1cc(OP(=O)(O)O)c(-c2cc(OP(=O)(O)O)c(OP(=O)(O)O)cc2OP(=O)(O)O)cc1OP(=O)(O)O,O15357,5.4353,6.0458,=,=,IC50
NCCC[C@H](NC(=O)c1ccc(NCc2cnc3nc(N)nc(O)c3n2)cc1)C(=O)O,CN(Cc1cnc2nc(N)nc(N)c2n1)c1ccc(C(=O)NC(CS(=O)(=O)O)C(=O)O)cc1,Q05932,5.2218,3.8665,=,=,Ki
CCC(CC)(c1nnc[nH]1)c1ccc(-c2ccc3cc(F)cc(F)c3c2)[nH]c1=O,CC(C)[C@H](C[C@H]1CCNC1=O)c1ccc(-c2ccc3cccc(F)c3c2)[nH]c1=O,P43115,7.0506,9.0,=,=,Ki
Cc1cc(N2CCC(=O)CC2)cc(C)c1NC(=O)CC(C)(C)C,COc1cccc(CC(=O)Nc2ccccc2N2CCCC2)c1,O43526,6.8861,5.6289,=,=,EC50
C=CCOC(=O)/C(C#N)=C/c1cc(Br)c(O)c(OC)c1,O=C(O)c1cccc(-n2cccc2/C=C2/NC(=O)N(c3cccc(Cl)c3)C2=O)c1,O75365,4.5031,4.8125,=,=,IC50
FC(F)(F)Oc1cccc(-n2nnc3ccc(NC4CC5(CCNCC5)C4)nc32)c1,O[C@H]1CC[C@H](Nc2ccc3nnn(-c4cccc(OC(F)(F)F)c4)c3n2)CC1,P11309,6.2291,6.3925,=,=,EC50
Nc1nc(Cc2cccs2)nc2c1nnn2CC1CCCCO1,Cc1oc(-c2ccccc2)nc1CN1CCCC(C(=O)NCC2CCOCC2)C1,O95263,7.0595,6.2874,=,=,IC50
Cc1c(F)c(N)cc(C(=O)Nc2cc(-c3ccc(C(=O)N(C)C)cc3)ccc2N2CCN(C)CC2)c1Cl,Cc1c(F)c([N+](=O)[O-])cc(C(=O)Nc2cc(C(=O)Oc3ccccc3)ccc2N2CCN(C)CC2)c1Cl,P61964,7.1367,6.0907,=,=,IC50
N=C(N)NCCC[C@H](NC(=O)[C@H](CCC(N)=O)NC(=O)OCC1c2ccccc2-c2ccccc21)C(=O)c1nc2ccccc2s1,CC(=O)N[C@@H](Cc1c[nH]c2ccccc12)C(=O)N[C@@H](CCC(N)=O)C(=O)N[C@@H](CC(C)C)C(=O)N[C@@H](CCCNC(=N)N)C(=O)c1nccs1,Q04756,5.1658,7.1871,=,=,Ki
NS(=O)(=O)c1ccc(CCN2CCC(N(C(=O)c3c(F)c(F)c(F)c(F)c3F)c3ccccc3)CC2)cc1,N#CC1(Nc2ccc3ccccc3c2)CCN(CCc2ccc(S(N)(=O)=O)cc2)CC1,Q8N1Q1,7.057,5.6494,=,=,Ki
CC(C)(C)c1cc(NC(=O)Nc2ccc(-c3cn4c(n3)sc3cc(OCCN5CCOCC5)ccc34)cc2)no1,CO[C@@H]1[C@H](N(C)C(=O)c2ccccc2)C[C@H]2O[C@]1(C)n1c3ccccc3c3c4c(c5c6ccccc6n2c5c31)C(=O)NC4,Q9Y4K4,6.3565,5.9586,=,=,Kd
CCc1c(C(=O)OC)nc(C)c2[nH]c3cc(OC)c(OC)cc3c12,Clc1ccc2c(c1)[nH]c1c2ncc2[nH]c3ccccc3c21,P34903,8.3979,7.6198,=,=,Ki
O=C(NCCN1CCC(n2c(=O)[nH]c3ccc(F)cc32)CC1)c1ccc(Cl)cc1,C[C@@H](CN1CCC(n2c(=O)[nH]c3cc(Cl)ccc32)CC1)NC(=O)c1ccc(F)cc1,O14939,7.3768,5.8539,=,=,IC50
C[C@@H]1OC[C@@H](C[N+](C)(C)C)OC1(C)C.[I-],OCc1cc(C(O)CNCCCCCCOCCCCc2ccccc2)ccc1O,P08912,4.78,6.0126,=,=,Ki
C[C@H](Nc1nccc(N2C(=O)OC[C@@H]2c2ccccn2)n1)c1ccccc1,CC(C)CCOc1nc(N2C[C@@H]3[C@H](C2)[C@H]3C(=O)O)ccc1C(=O)NCc1cccc(Cl)c1,O75874,5.5902,5.1871,=,=,IC50
CC(=O)N1CCN(c2ccc(Nc3ncc(C(N)=O)c(NC4CC4)n3)cc2)CC1,COc1ccc(Nc2cc(NCCN)nnc2C(N)=O)nc1C(C)C,P43405,7.2596,7.9586,=,=,IC50
CNCCN1CCC(NCc2cccc(OC(F)(F)F)c2)CC1,CNCCN1CCC(OCc2ccc(OC(F)(F)F)cc2)CC1,Q86X55,6.466,7.5528,=,=,IC50
N#Cc1ccc(-n2ccc(CC(=O)Nc3ccc(F)nc3)n2)cc1C(F)(F)F,CNC(=O)c1ccc(N2C(=S)N(c3ccc(C#N)c(C(F)(F)F)c3)C(=O)C2(C)C)cc1F,P10275,5.0462,4.3958,=,=,Kd
O=C(NCCCC1CCNCC1)Nc1ccc2nnsc2c1,O=C(NCCC1CCNCC1)Nc1ccc2nnsc2c1,O60678,5.4815,5.5686,=,=,IC50
NC(=O)Cc1cn(CCCOc2ccccc2)c2ccc(-c3cc(C(F)(F)F)cc(C(F)(F)F)c3)cc12,CC1(C)CC(CCNc2ccc(Cl)c(Cl)c2)(c2ccccc2)CCO1,O60725,4.0,6.7423,=,=,IC50
COc1cc(N2CCC(N3CCN(CC4CCN(c5ccc6c(c5)CN(C5CCC(=O)NC5=O)C6=O)CC4)CC3)CC2)ccc1Nc1ncc(Cl)c(Nc2ccccc2P(C)(C)=O)n1,NCCCn1cc(C2=C(c3ccco3)C(=O)NC2=O)c2ccccc21,Q13557,7.4089,5.8268,=,=,IC50
O=C(NCc1ccc(Cl)cc1F)c1cn2c(c(O)c1=O)C(=O)N1[C@H]3CC[C@H](C3)[C@H]1C2,CC(C(=O)Nc1ccccc1)n1nc(C(=O)Nc2ccccc2)c2ccccc21,O15244,7.3768,4.3575,=,=,IC50
CC[C@@H]1C(=O)N(C)c2cnc(Nc3ccc(C(=O)NC4CCN(C)CC4)cc3OC)nc2N1C1CCCC1,CO[C@@H]1[C@H](N(C)C(=O)c2ccccc2)C[C@H]2O[C@]1(C)n1c3ccccc3c3c4c(c5c6ccccc6n2c5c31)C(=O)NC4,O75582,6.5686,6.6198,=,=,Kd
Nc1ccc(C(=O)NCC(=O)Nc2nc(-c3cccc(-c4ccncc4)n3)cs2)cc1,CC(=O)NCCCC[C@H](NC(=O)c1ccccc1)C(=O)Nc1nc(-c2ccccc2)cs1,P51532,6.8109,4.2457,=,=,IC50
C=CC(=O)N1CCC(C(=O)O)(c2ccc(N(C)C)cc2)CC1,CN1C(=O)[C@]23SS[C@@]1(C)C(=O)N2[C@H]1Nc2ccccc2[C@@]1([C@@]12c4ccccc4N[C@@H]1N1C(=O)[C@]4(C)SS[C@]1(C(=O)N4C)[C@H]2O)[C@@H]3O,Q03164,3.0825,6.0969,=,=,IC50
Cc1ccccc1C(c1ccccc1)P(=O)(O)O,O=P(O)(O)C(Cc1ccc(-c2ccccc2)cc1)c1cccc2ccccc12,P15309,4.4202,5.2007,=,=,IC50
COc1cc(/C=C/C(=O)O)ccc1OCc1cn(-c2ccccc2F)nn1,NNc1ccc(S(N)(=O)=O)cc1,P35218,4.9859,5.1135,=,=,IC50
CC(=O)N[C@@H](Cc1ccccc1)C(=O)N[C@@H](C)C(=O)N[C@@H](Cc1cccnc1)C(=O)N[C@@H](CCCC[N+](C)(C)C)C(=O)N[C@@H](CO)C(N)=O,CC(=O)N[C@@H](Cc1ccccc1)C(=O)N[C@@H](C)C(=O)N[C@@H](CC(C)C)C(=O)N[C@@H](CCCC[N+](C)(C)C)C(=O)NCCNC(=O)OC(C)(C)C,O95931,4.9586,3.9788,=,=,IC50
C[C@H](N)C(=O)NCC(=O)N[C@@H]1CSSC[C@H](C(=O)O)NC(=O)[C@H](CO)NC(=O)[C@H]([C@@H](C)O)NC(=O)[C@H](Cc2ccccc2)NC(=O)[C@H]([C@@H](C)O)NC(=O)[C@H](CCCCN)NC(=O)[C@H](Cc2c[nH]c3ccccc23)NC(=O)[C@H](Cc2ccccc2)NC(=O)[C@H](Cc2ccccc2)NC(=O)[C@H](CC(N)=O)NC(=O)[C@H](CCCCN)NC1=O,CC(C)[C@H]1C(=O)Nc2ccc(NC3CCCCCC3)cc2-c2nc3cc(C(=O)N4CCCN(C)CC4)ccc3n21,Q96LB1,6.4202,6.5,=,=,EC50
CC(C)CN1CCc2c(sc3nc(-c4ccncc4)nc(NCCN)c23)C1,N[C@H](CNc1nc(-c2ccncc2F)nc2c(C#CC3(O)CCC3)csc12)Cc1ccccc1,P41743,5.0,7.0,=,=,IC50
N#Cc1cc2c(ccn2-c2ccnc(N)n2)cn1,Nc1nccc(-c2cc3c([nH]2)C[C@H](COCc2ccccc2)NC3=O)n1,O00311,5.9066,7.284,=,=,IC50
CC1(N)CCN(c2cccnc2NC(=O)c2nc(-c3nccc(Oc4ccccc4)c3C#N)cnc2N)CC1,C[C@@]1(N)CCN(c2cccnc2NC(=O)c2nc(-c3ncccc3OC(F)(F)F)cnc2N)C[C@@H]1F,P17252,7.6383,7.8539,=,=,IC50
CC(C)NC[C@@H](C(=O)N1CCN(c2ncnc3c2[C@H](C)C[C@H]3O)CC1)c1ccc(Cl)cc1,CO[C@@H]1[C@H](NCCOCCOCCOCCNC(=O)CCC2=[N+]3C(=Cc4c(C)cc(C)n4[B-]3(F)F)C=C2)C[C@H]2O[C@]1(C)n1c3ccccc3c3c4c(c5c6ccccc6n2c5c31)C(=O)NC4,Q9Y243,8.6021,6.1255,=,=,Kd
CCC(C)Sc1nc(Nc2cccc(Cl)c2)c2cnn(CC(Cl)c3ccccc3)c2n1,CCOc1ccc(-c2[nH]ncc2CN2CCN(S(=O)(=O)N3CCCC3)CC2)cc1,P06241,4.9031,5.6478,=,=,Ki
CN1C(=O)c2sccc2N(C)c2nc(Nc3ccc(S(N)(=O)=O)cc3)ncc21,CS(=O)(=O)c1cccc(-c2csc3ncnc(NCCCN)c23)c1,Q8TBX8,7.4685,4.4,=,=,Kd
N#Cc1ccc2c(c1)CN(CC[C@H]1CC[C@H](NC(=O)c3c[nH]c4cnccc34)CC1)CC2,O=C(NC[C@@H]1C[C@H]1CN1CCN(c2cccc(Cl)c2Cl)CC1)c1ccnc2ccccc12,P14416,8.0,7.7696,=,=,Kb
Cl.N[C@]1(C(=O)O)[C@@H]2[C@@H](C(=O)O)[C@@H]2[C@@H](O)[C@H]1CSc1ccccc1,N[C@@]1(C(=O)O)C[C@H](Sc2ccccc2)[C@H]2[C@H](C(=O)O)[C@H]21,Q14832,7.585,6.5654,=,=,Ki
CC(C)Oc1ccc(C=O)cc1-n1c(CN2CCN(C(=O)COc3ccc(Cl)cc3)CC2)nc2ccccc2c1=O,N[C@@H](CCS(=O)(=O)O)C(=O)O,Q9UPY5,7.2218,4.4559,=,=,IC50
O=C(NCc1ncc(F)cc1Cl)c1csc(CCNCc2nc3ccccc3[nH]2)n1,CC(C)(Cc1nc(C(=O)NCc2ncccc2F)cs1)NCc1nc2ccccc2[nH]1,Q9NP59,6.5884,5.7804,=,=,IC50
COc1cc(OCc2csc(C(C)(O)C3CCCCC3)n2)c2cc(-c3cn4nc(OC)sc4n3)oc2c1,COc1cc(OCc2cccc(NC(=O)c3cccc4ccccc34)c2)c2cc(-c3cn4nc(OC)sc4n3)oc2c1,Q96RI0,9.5086,8.7696,=,=,EC50
Cc1nc(/C=C/[C@@H]2[C@@H]3[C@@H](C)OC(=O)[C@]3(C(N)=O)CC(F)(F)[C@H]2C)ccc1-c1ccccc1C#N,CC(C)N1CCN(c2ccc(Nc3ncc4c(n3)N(C3CCCC3)C(=O)C4)cc2)CC1,Q7KZI7,8.1599,5.4,=,=,IC50
COc1cc(NC(=O)C(=O)NC(C)(C)CO)ccc1-c1cnco1,Cn1cc(C#N)c2ccc(Nc3ncc(-c4ccc(CN)cc4)o3)cc21,P12268,7.7212,6.585,=,=,IC50
Cc1cc(S(=O)(=O)Nc2ccc(F)cn2)c(F)cc1N(C)[C@H]1CCN(Cc2ccccc2)C1,O=S(=O)(Nc1cccc(F)n1)c1cc(Cl)c(N[C@H](CN2CCCC2)c2ccccc2)cc1F,Q9UQD0,5.3407,5.5842,=,=,IC50
Cc1nc2c(Nc3ccc(-c4nn(C)cc4C)cc3S(C)(=O)=O)cc(NC(=O)[C@@H]3C[C@@H]3F)nc2[nH]1,COc1c(Cl)cccc1Nc1cc(Nc2ccc(N3CCOCC3)cn2)nc2[nH]n(C)c(=O)c12,P29597,6.5229,8.2596,=,=,Kd
Cc1nc(N2Cc3cn(-c4cccc(S(C)(=O)=O)c4)nc3[C@H]2C(C)C)cc(C(F)(F)F)n1,CC(O)c1cnc(N2CCN(c3ccc(F)c(S(C)(=O)=O)c3)C[C@H]2C(C)C)nc1C(F)(F)F,Q13133,7.4949,6.9229,=,=,Ki
NOC[C@@H]1CCNC1,CC1(C)C=Cc2c(ccc(C(=O)/C=C/c3ccc(O)cc3)c2O)O1,P11926,6.6778,5.3279,=,=,IC50
Cc1nc(N(CCN(C)C)C(=O)Cc2ccc(-c3ccccc3)cc2)sc1S(N)(=O)=O,Nc1nnc(S(N)(=O)=O)s1,Q9Y2D0,7.3279,5.6676,=,=,Ki
Clc1ccc(-c2nc3sccn3c2COCCc2ccc(Cl)c(Cl)c2)cc1,O=C(NC1Cc2ccccc2C1)c1c(-c2ccc(Cl)cc2)nc2occn12,Q14994,6.7212,6.4202,=,=,EC50
CC(C)c1nc(N(C)S(C)(=O)=O)nc(-c2ccc(F)cc2)c1/C=C/[C@@H](O)C[C@@H](O)CC(=O)[O-].CC(C)c1nc(N(C)S(C)(=O)=O)nc(-c2ccc(F)cc2)c1/C=C/[C@@H](O)C[C@@H](O)CC(=O)[O-].[Ca+2],Cc1c(C)c2c(c(C)c1O)CCC(C)(COc1ccc(CC3SC(=O)NC3=O)cc1)O2,O15438,4.2343,4.5086,=,=,IC50
C[C@H]([C@@H](O)c1ccc(O)cc1)N1CCC(Cc2ccccc2)CC1,O=C(O)c1ccc(CCN2CCN(C/C=C/c3ccc(Cl)cc3)CC2)cc1,Q15125,8.301,4.4685,=,=,Ki
CCCCOc1ccc(-c2oncc2C)cc1,Cc1cnc2[nH]cc(Cc3cnc(NCc4cccc(C)n4)nc3)c2c1,P33261,6.3188,5.301,=,=,IC50
COc1ccc(Oc2cc3c(cc2NS(=O)(=O)c2ccc(C)cc2)n(C)c(=O)n3C)cc1,CCCOc1cccc(Oc2cc3c(cc2NS(=O)(=O)c2cccc(C(=O)NCCOCCOCCOCC(=O)N[C@H](C(=O)N4C[C@H](O)C[C@H]4C(=O)NCc4ccc(-c5scnc5C)cc4)C(C)(C)C)c2)n(C)c(=O)n3C)c1,O15164,5.5686,7.2596,=,=,IC50
COc1ccc(OCC2c3ccc(OC)cc3CCN2C(=O)c2cccc(Br)c2)cc1,Cc1sc(NC(=O)c2ccc(C(C)(C)C)cc2)c(C(N)=O)c1C,Q14957,6.0,4.2924,=,=,IC50
CN1CC[C@H](c2c(O)cc(O)c3c(=O)cc(-c4ccccc4Cl)oc23)[C@H](O)C1,CC(C)n1nc(-c2cc3cc(O)ccc3[nH]2)c2c(N)ncnc21,Q12866,5.1675,5.3279,=,=,Kd
Nc1cc(OC(F)(F)F)ccc1C(=O)N1CCC(c2c[nH]c3ncc([C@H]4CC[C@H](O)CC4)nc23)CC1,CN1C(=O)c2cccc(F)c2Oc2cc(N[C@H]3CC[C@H](O)CC3)ncc21,Q13164,7.7696,6.4056,=,=,IC50
CC(=O)N[C@H]1[C@H]([C@H](O)[C@H](O)Cn2cc(CO)nn2)OC(C(=O)O)=C[C@@H]1O,CC(=O)N[C@H]1[C@H]([C@H](O)[C@H](O)CO)OC(C(=O)O)=C[C@@H]1NC(=N)N,Q8WWR8,7.5229,4.585,=,=,Ki
NC(CCSCCCCC(=O)O)C(=O)O,CN(CCSCCC(N)C(=O)O)CC(=O)O,Q93088,7.0315,5.6021,=,=,IC50
O=C(CCNC(=O)c1ccc(OC(F)(F)F)cc1)N[C@@H]1CCCc2ccccc21,COc1ncc(Nc2ccc(C3CC3)cc2C(=O)O)cc1-c1ccccc1,Q02127,6.2518,7.3098,=,=,IC50
CO[C@@H]1[C@H](NCCOCCOCCOCCNC(=O)CCC2=[N+]3C(=Cc4c(C)cc(C)n4[B-]3(F)F)C=C2)C[C@H]2O[C@]1(C)n1c3ccccc3c3c4c(c5c6ccccc6n2c5c31)C(=O)NC4,CC[C@@H]1C(=O)N(C)c2cnc(Nc3ccc(C(=O)NC4CCN(C)CC4)cc3OC)nc2N1C1CCCC1,P43405,7.585,5.3279,=,=,Kd
N#CN1CCC(F)(C(=O)Nc2ncc(-c3cccc(C(N)=O)c3)s2)C1,N#CN1CCC(F)(C(=O)Nc2ccc(Cl)c(C(F)(F)F)c2)C1,Q6GQQ9,6.2596,5.2596,=,=,IC50
O=C(/C=C/c1ccccc1)N(c1ccccn1)C1CCCCC1,CCCCCCP(=O)(C(C)CC)C(C)CC,Q7Z2W7,5.5075,6.0969,=,=,EC50
CCCCNC(=O)c1cc(S(N)(=O)=O)c(Br)cc1SCCc1ccccc1,NS(=O)(=O)c1cc(C(=O)NCCCC(=O)O)c(S(=O)(=O)Cc2ccccc2)cc1Cl,Q9ULX7,9.4364,8.1298,=,=,Kd
NS(=O)(=O)c1ccc(-n2cc(CO[C@@H]3O[C@H](CO)[C@@H](O)[C@H]3O)nn2)cc1,NS(=O)(=O)c1nnc(NC(=O)CCC(=O)NCCOCCOCCOCCOCCOCCOCCOCCOCCOCCOCCOCCOCCOCCOCCOCCOCCOCCOCCOCCOCCOCCOCCOCCOCCOCCOCCOCCOCCOCCOCCOCCOCCOCCOCCOCCOCCOCCOCCOCCOCCOCCOCCOCCOCCOCCNC(=O)CCC(=O)Nc2nnc(S(N)(=O)=O)s2)s1,P00915,5.3565,6.6478,=,=,Ki
NS(=O)(=O)c1ccc(/N=N/c2ccc(O)c(Cl)c2)cc1,COc1cc(-c2nc(C(F)(F)F)cn2-c2ccc(S(N)(=O)=O)cc2)ccc1Cl,P23219,4.4773,5.0655,=,=,IC50
N=C(N)NCCC[C@H](N)C(=O)NCC1(Nc2ccccc2)CCN(CCc2ccccc2)CC1,N=C(N)NCCC[C@H](N)C(=O)NCC1(Nc2ccccc2)CCN(Cc2ccc3ccccc3c2)CC1,Q9Y5X5,5.7711,6.5171,=,=,Ki
Cc1cccc(Cc2nc3cc(O[C@H]4CC[C@@H](C(=O)O)CC4)ccc3o2)c1,Cn1c(Cc2cccnc2)nc2cc(O[C@H]3CC[C@@H](C(=O)O)CC3)ccc21,P33121,7.4089,3.8508,=,=,IC50
NS(=O)(=O)OC[C@H]1C[C@@H](Nc2c(Cl)cnc3c(Cl)c(-c4cccc(SC(F)(F)F)c4)nn23)[C@H](O)[C@@H]1O,CCCCCCCC(=O)SCC/C=C/[C@@H]1CC(=O)NCc2nc(cs2)C2=N[C@@](C)(CS2)C(=O)N[C@@H](C(C)C)C(=O)O1,P22314,6.2596,4.5376,=,=,IC50
CC(=O)N[C@@H](Cc1ccc(OP(=O)(O)O)cc1)C(=O)N[C@@H](Cc1c[nH]c2ccccc12)c1nc(Cc2ccccc2)no1,CC(C)n1nc(-c2cccc(NC(=O)CCl)c2)c2c(N)ncnc21,P12931,4.6021,6.0878,=,=,IC50
N#Cc1ccc([C@H](c2ccc(OS(N)(=O)=O)c(Br)c2)n2cncn2)cc1,COc1c2c(c(O)c3c1C(=O)c1c(cc(O)c(C)c1O)C3=O)-c1c(cc(/C=N/N=C(\S)N3CCCCC3)c(C(=O)O)c1O)CC2,P08842,5.3341,5.0969,=,=,IC50
Nc1cccc(-c2csc(NC(=O)CCCCCC(=O)NO)n2)c1,COC(=O)c1ccc(CO/N=C/c2ccc(/C=C/C(=O)NO)cc2)cc1,Q969S8,8.4318,5.2652,=,=,IC50
O=C(O)c1cccnc1F,O=C(O)c1ccccc1Nc1cccc(C(F)(F)F)c1,Q6XQN6,9.5528,11.0,=,=,Ki
CCCCCC(=O)N[C@@H]1CCN(c2cc(C)nn3c(-c4ccc(OC)c(OC)c4)c(C)nc23)C1,COc1ccc(-c2c(C)nc3c(N4CC[C@H](NC(=O)Oc5ccccc5)C4)cc(C)nn23)cc1OC,Q9NY59,7.0,6.5229,=,=,IC50
CNc1ncnc2ccc(C#CCNC(=O)c3cc(OC)nn(Cc4ccc(F)c(F)c4)c3=O)cc12,CC(C)Oc1cc(CNc2ncccc2C(=O)NCc2ccc(F)c(F)c2)cc(-c2ccc3ncncc3c2)c1,O15530,8.0458,6.2596,=,=,IC50
O=C(c1cnccn1)N1CCN(CCCNc2nnc(-c3cccc([N+](=O)[O-])c3)c3c2cc2ccccn23)CC1,COc1ccc(C2CCN(C(=O)C(N)=O)C2)cc1OC1CCCC1,Q07343,8.2518,6.8,=,=,Ki
O=c1c2c(O)cc(O)cc2c(Br)cn1-c1ccc(O)c(F)c1,COc1ccc(-c2cn(-c3ccc(O)cc3)c(=O)c3ccc(O)cc23)cc1,P11474,7.3979,5.6784,=,=,Ki
CN1[C@@H]2CC[C@H]1C[C@@H](CC(CO)(c1ccccc1)c1ccccc1)C2,C[N+](C)(C)CCCc1ccc2ccoc2c1.O=C[O-],P20309,8.6,6.8539,=,=,Ki
Cc1cccnc1CN1CCC2(CC1)C(=O)N(c1ccc(-c3ccccc3)cc1)C(=O)N2c1ncccn1,COc1cc(N2C(=O)N(c3ccc(-c4ccc(C(=O)O)s4)cc3)C(=O)C23CCN(Cc2ncccc2C)CC3)ncn1,Q9H6Z9,6.681,8.699,=,=,IC50
N=C(N)c1cc2c(/C=C/c3ccc4c(c3)OCO4)cccc2s1,Nc1ccc2cc(O)cc(Nc3ncccn3)c2n1,P00749,6.2757,5.4,=,=,Ki
CN(C)CCN1C(=O)c2cccc3c(S(=O)(=O)NCc4ccccc4)ccc(c23)C1=O,CCc1ccc(/C=N/NC(=O)C2=C(Cl)c3ccc(Cl)cc3C2)s1,P53350,4.7755,3.8383,=,=,Kd
Cc1ccc(F)c2cc(C(=O)N[C@@H]3CCC[C@H](N4CCN(C)C(=O)C4)C3)[nH]c12,CC(=O)N1CC[C@H]2CN([C@H]3CCC[C@@H](NC(=O)c4cc5c(F)ccc(C)c5[nH]4)C3)C[C@H]21,Q9BYW2,6.6983,7.9062,=,=,IC50
O=C(NCCN1CCC(O)(O)CC1)c1cccn2c(=O)c3cc4ccccc4cc3nc12,CCNC(=O)C[C@@H]1N=C(c2ccc(Cl)cc2)c2cc(OC)ccc2-n2c(C)nnc21,O95602,6.2218,5.3652,=,=,IC50
COc1cc(N2CCC(N)CC2)ccc1Nc1ncc(Cl)c(-c2c[nH]c3ccccc23)n1,O=C1Nc2ccccc2-c2ccnc3[nH]cc(c23)C1c1ccc(O)cc1,Q9UM73,9.1249,7.7696,=,=,Ki
CCOC(=O)[C@H](CC(C)C)NC(=O)NCc1ccc(N)cc1,CCOC(=O)CNC(=O)NCc1cccc(-c2ccncc2N)c1,Q08752,5.0555,4.0339,=,=,Kd
CCCS(=O)(=O)Nc1ccc(F)c(C(=O)c2n[nH]c3ncc(-c4ccccc4F)cc23)c1F,O=C(O)c1ccc(-c2n[nH]c3ccccc23)cc1,P45985,6.0,6.7212,=,=,IC50
CN1CCN(C(=O)[C@@H]2C[C@H](S(=O)(=O)c3ccccc3)C[C@H]2C(=O)NC2(C#N)CC2)CC1,N#CC1(NC(=O)[C@@H]2Cc3ccc(c(I)c3)OCCCCOc3ccc(Cl)cc3C(=O)N2)CC1,P07711,5.3279,7.9208,=,=,IC50
CC[C@H](C)C(=O)O[C@H]1C[C@H](O)C=C2C=C[C@H](C)[C@H](CC[C@@H](O)C[C@@H](O)CC(=O)O)[C@H]21,N#Cc1ccc(Oc2ccc(S(=O)(=O)Nc3ccc(F)cn3)cc2C#N)cc1Cl,Q4U2R8,3.3893,4.8539,=,=,IC50
CC1CN(c2ccc3c(c2)CC(C)N(CC(C)(C)F)C3c2c(F)cc(/C=C/C(=O)O)cc2F)CCO1,C[C@H]1Cc2c(ccc3[nH]ncc23)[C@H](c2c(F)cc(/C=C/C(=O)O)cc2F)N1CC(C)(C)F,Q99527,8.3546,7.5258,=,=,IC50
C#C/C=C\C/C=C(/C)[C@H]1CC[C@]2(C)[C@@H](C(C)CCCC(C)C)CC[C@H]2[C@@H]1CC(=O)O,Cc1ccc(Cn2cc(CNC3=C(Cl)C(=O)c4cccnc4C3=O)nn2)cc1,P30304,4.4401,6.2757,=,=,IC50
O=C(NCc1cccc(CN2CCC2)c1)c1ccc2nncn2c1,CC[C@H](C)[C@H](NC(=O)[C@H](CO)NC(=O)[C@H](CC(C)C)NC(=O)[C@@H]1CCCN1C(=O)[C@H](CC(C)C)NC(C)=O)C(=O)N1CCC[C@H]1C(=O)N[C@@H](CC(C)C)C(=O)N(C)C,Q03111,6.0907,4.3575,=,=,IC50
N#CC[C@H](C1CCCC1)n1cc(-c2ncnc3[nH]ccc23)cn1,CNC(=O)c1cc(Oc2ccc(NC(=O)Nc3ccc(Cl)c(C(F)(F)F)c3)cc2)ccn1,P50613,5.4815,6.8539,=,=,Kd
COc1ccc(-n2nccn2)c(C(=O)N2CCCN2Cc2ccc3nc(C)sc3c2)c1,Cc1ccc(-c2ncccn2)c(C(=O)N2CCCOC2Cn2cc(-c3ccc(F)cc3)cn2)c1,O43613,7.2757,8.585,=,=,IC50
CC(=O)NCCCC[C@H](NC(=O)CNC(=O)[C@H](CC(C)C)NC(=O)CNC(=O)[C@H](CCCCN)NC(=O)CNC(=O)CNC(=O)[C@H](CCCCN)NC(=O)CN)C(=O)NCC(=O)NCC(=O)N[C@@H](C)C(=O)N[C@@H](CCCCN)C(=O)N[C@@H](CCCNC(=N)N)C(=O)O,c1ccc(-c2nnc(-c3ccncc3)o2)cc1,Q6PL18,5.6021,3.3979,=,=,Kd
Cc1nc(NC(=O)c2ccccn2)sc1S(=O)(=O)Cc1ccc(C(C)C)cc1,C[C@@]12CC(=O)N(c3c(F)cc(C#Cc4ccccc4F)cc3F)C(=O)N1CCN(c1cccnc1)C2=O,Q14833,5.9788,7.2518,=,=,EC50
C[S+]([O-])c1ccc(-c2nc(-c3ccc(F)cc3)c(-c3ccncc3)[nH]2)cc1,CNC(=O)c1cc(Oc2ccc(NC(=O)Nc3ccc(Cl)c(C(F)(F)F)c3)cc2)ccn1,P37173,5.7447,5.1612,=,=,Kd
CN(C)[C@H]1C[C@H](CCCB(O)O)[C@](N)(C(=O)O)C1,NC(CCCCB(O)O)C(=O)O,P78540,6.0,5.7167,=,=,IC50
C/C(=C/C=C/C(C)=C/C(=O)O)c1cc(C(C)(C)C)cc(C(C)(C)C)c1OCC(F)F,C[C@H](NC(=O)[C@H](Cc1ccccc1)NP(=O)(O)O)C(=O)NCC(N)=O,P48443,7.2423,7.5376,=,=,Ki
N#Cc1c[nH]c2nc(N)nc(N3CCC(S(N)(=O)=O)CC3)c12,N#Cc1c[nH]c2nc(N)nc(NC3CCCCC3)c12,O15111,5.2757,5.7447,=,=,Ki
Cc1c(C(=O)C(=O)NC2(C)C[S+]([O-])C2)c2n(c1C(=O)Nc1ccc(F)c(F)c1)CCC2,Cc1c(C(=O)C(=O)NC2(C(=O)N3CC4(C3)CS(=O)(=O)C4)CC(F)(F)C2)c2n(c1C(=O)Nc1ccc(F)c(Cl)c1)CCC2,Q14973,7.3344,6.5986,=,=,EC50
CCCCN(C)C(=O)C1CCCN(C(=O)Nc2ccc3nc(-c4ccco4)c(-c4ccco4)nc3c2)C1,O=C(O)c1cc2c(C#Cc3cccc(C(F)(F)F)c3)c(-c3ccccc3)oc2cc1O,Q9NRW4,5.2557,5.8539,=,=,IC50
N#C/N=C(/NCCCCc1c[nH]cn1)NCCCc1ccccn1,CC(C)CN/C(=N/C#N)NC[C@H]1CC[C@H](c2c[nH]cn2)C1,Q9H3N8,6.24,7.8239,=,=,EC50
COc1noc2c1CNCCC2,CC[C@@H]1C(=O)OC[C@@H]1Cc1c[n+](CCCCCC[N+](C)(C)CC(C)(C)CN2C(=O)c3cccc4cccc(c34)C2=O)cn1C.[Br-].[Br-],P20309,6.2076,4.79,=,=,EC50
CCN(Cc1n[nH]c(O)n1)[C@H](COCc1cc(C(F)(F)F)cc(C(F)(F)F)c1)c1ccccc1,CN(Cc1ccc(Cl)c(Cl)c1)CC(NCc1ccccc1)C(=O)N1CCC2(CC1)CN(S(C)(=O)=O)c1ccccc12,P25103,9.0969,7.2676,=,=,IC50
NS(=O)(=O)c1c(F)c(F)c(NCCc2ccc(O)cc2)c(F)c1F,NS(=O)(=O)c1cc(C(=O)NCCO)c([S+]([O-])c2ccccc2)cc1Br,Q8N1Q1,9.3979,7.9034,=,=,Kd
CN1C(=O)C(NC(=S)SCC(=O)NC(=O)NC2CCOCC2)N=C(c2ccccc2)c2ccccc21,CN1C(=O)C(NC(=S)SCC(=O)NC(=O)Nc2cccc(Cl)c2)N=C(c2ccccc2)c2ccccc21,P12429,8.0,6.3468,=,=,Kd
CC1(C)OB(c2ccc(-c3ccc4ccccc4c3)cc2)OC1(C)C,CCCCCCCCCCCc1ccc(B2OC(C)(C)C(C)(C)O2)cc1,P06858,4.7407,4.8239,=,=,IC50
Cc1cc(-c2c(C)n[nH]c2C)cc(Cl)c1Nc1ccsc1C(=O)O,O=c1c(O)c(-c2ccccc2)oc2cc(O)cc(O)c12,Q9C0B1,5.857,4.719,=,=,IC50
O=C(/C=C/c1ccc2ccccc2c1)NC1=C(C(=O)O)CCCC1,O=C(CCc1ccc(-c2ccc(O)cn2)cc1)Nc1ccccc1C(=O)O,Q8TDS4,5.3468,7.0655,=,=,EC50
Fc1ccc2[nH]c(CNc3nc(N4CCOCC4)nc4c3ncn4-c3ccc4c(c3)OCCO4)nc2c1F,C[S+]([O-])c1ccc(-c2nc(-c3ccc(F)cc3)c(-c3ccncc3)[nH]2)cc1,P49674,6.6021,7.2007,=,=,IC50
COc1ccc2c(c1)CCCN(C)CCCc1ccccc1C2,O=C1CCc2ccc(OCCCCN3CCN(c4ccc(O)c5c4OCCO5)CC3)cc2N1,P21918,7.2757,4.7959,=,=,Ki
FC(F)(F)c1cccc(Cc2ncc3c(n2)CCNCC3)c1,CCCc1cccc2c1CCC1CNCCN21,P41595,6.7959,6.7,=,=,EC50
O=c1cc(Cn2c(C3CC(F)(F)C3)nc3nccnc32)c2cccc(F)c2[nH]1,Cc1noc(C)c1C(=O)N(Cc1cc(=O)[nH]c2c(F)cccc12)c1cccc(Cl)c1,P29475,5.5229,6.301,=,=,EC50
COc1cc(Cl)cc(C(=O)Nc2ccc(Cl)cn2)c1NC(=O)c1scc(CN(C)C2=NC(=O)CO2)c1Cl,N=C(N)c1ccc(CNC(=O)[C@@H]2CCCN2CCCc2ccccc2)cc1,P00734,7.0458,4.9208,=,=,Ki
OC[C@H](NCc1nc(-c2ccc(C(F)(F)F)nc2)ccc1F)C1CC1,CC(C)[C@H](CO)NCc1nc(-c2ccc(OCC(F)(F)F)cc2)ccc1F,Q8NET8,5.52,6.3372,=,=,IC50
Cc1ccc2c(c1)NC(c1c(F)cccc1F)C1=C(CC(C)(C)CC1=O)N2,COc1ccc2c(c1)NC(c1c(F)cccc1Cl)C1=C(CC(C)(C)CC1=O)N2,P28336,5.6021,5.6576,=,=,IC50
CC1(C)CCC[C@@]2(C)[C@@H]3CC[C@@H]([C@@H]31)[C@@H]2CCCO,Cc1cc(C)c2c(c1)[C@@H](O)CCC2,P16662,6.0458,3.7799,=,=,IC50
Nc1ncnc2c1ncn2Cc1cc(-c2ccc(F)c(F)c2)ncc1N1CCCC(N)(c2ccn(C3CC3)n2)C1,CC(C)[C@H](O)[C@@]1(N)CCCN(c2cnc(-c3ccc(F)c(F)c3)cc2Cn2cnc3c(N)ncnc32)C1,O96028,8.2596,6.2798,=,=,IC50
CN/C=C(\C=N)c1cc2c(cc1C#N)N(c1cccc3c1N[C@H](C)CC(=O)N3)CCN2C,C[C@@H]1CC(=O)Nc2ccc(OCC3CC3)cc2O1,Q92793,8.5229,6.301,=,=,IC50
COc1ccc(/N=c2\oc3cc(O)ccc3cc2C(=O)NCc2ccccc2)cc1,O=C(/C=C/c1ccc(O)c(O)c1)OCCc1ccccc1,O60218,8.4202,7.3372,=,=,Ki
COc1cc(C)ccc1S(=O)(=O)Nc1cccnc1,COc1ccc(OC)c(S(=O)(=O)Nc2cncc(-c3ccsc3)c2)c1,P05186,5.7487,6.2596,=,=,IC50
CC(C)c1cc(C(=O)O)ccc1OC[C@H]1CC[C@@H](C(=O)N2CCC[C@H]2C#N)N1,CC(=O)Nc1ccc(C(=O)N2C[C@@H](F)C[C@H]2C#N)cc1,P48147,6.6108,4.9431,=,=,Ki
Cc1cc(/N=N/c2ccc(/N=N/c3ccc(O)c(C(=O)O)c3)cc2)c(N)cc1N,COc1cc(/N=N/c2ccc(S(=O)(=O)O)cc2)ccc1/N=N/c1ccc(O)c(C(=O)O)c1,Q6ZVD8,5.426,4.4949,=,=,IC50
CC(C)C[C@H](N)C(=O)NS(=O)(=O)c1cccc(-c2cccc(N)n2)c1,CC(C)C[C@H](N)C(=O)NS(=O)(=O)c1cccc(-c2ccncc2)c1,Q9P2J5,6.0706,5.9208,=,=,IC50
CC[C@H](C)[C@H](NC(=O)[C@H](Cc1ccc(O)cc1)NC(=O)[C@@H]1CCCN1C(=O)[C@H](CCCNC(=N)N)NC(=O)[C@H](CCCNC(=N)N)NC(=O)[C@@H]1CCCN1C(=O)[C@H](CCCCN)NC(=O)[C@H](CC(N)=O)NC(=O)[C@H](CCC(=O)O)NC(=O)[C@H](C)NC(=O)[C@H](CC(C)C)NC(=O)[C@@H]1CCC(=O)N1)C(=O)N[C@@H](CC(C)C)C(=O)O,Cc1cc(O)cc(C)c1C[C@H](N)C(=O)N[C@H](CCCNC(=N)N)C(=O)N[C@H]1Cc2ccccc2CN(CCC(=O)N[C@@H](CCCCN)C(=O)N[C@@H](CCCCN)C(=O)N2CCC[C@H]2C(=O)N2Cc3ccc(O)cc3C[C@H]2C(=O)N[C@H](C(=O)N[C@@H](CC(C)C)C(=O)O)C(C)(C)C)C1=O,O95665,8.0605,7.1249,=,=,Ki
NS(=O)(=O)OC[C@H]1C[C@@H](Nc2c(Cl)cnc3cc(-c4cccc(SC(F)(F)F)c4)nn23)[C@H](O)[C@@H]1O,NS(=O)(=O)OC[C@H]1C[C@@H](Nc2ccnc3cc(-c4ccccn4)nn23)[C@H](O)[C@@H]1O,P51965,6.2596,7.2596,=,=,IC50
Cn1ncc2c(Nc3ccc(C(F)(F)F)cc3)nc(NCC3(N)CCOC3)nc21,Cn1ncc2c(NC(C)(C)C)nc(NCC(N)c3ccccc3Br)nc21,Q7Z5W3,6.1083,6.0831,=,=,IC50
Nc1nc2c(-c3ccccn3)nccc2[nH]1,CO[C@@H]1[C@H](NCCOCCOCCOCCNC(=O)CCC2=[N+]3C(=Cc4c(C)cc(C)n4[B-]3(F)F)C=C2)C[C@H]2O[C@]1(C)n1c3ccccc3c3c4c(c5c6ccccc6n2c5c31)C(=O)NC4,Q8N5S9,4.3979,7.9586,=,=,Kd
CN1C(=O)[C@@H](N2CCc3cn(CC4CCS(=O)(=O)CC4)nc3C2=O)COc2ccccc21,Cc1ccc(-n2nc(C(C)(C)C)cc2NC(=O)Nc2ccc(OCCN3CCOCC3)c3ccccc23)cc1,P21709,6.0,6.2007,=,=,IC50
COc1cccc(C#C[C@H](CC(N)=O)NC(=O)[C@@H]2CCCN2C(=O)C2(c3ccc(OC(F)(F)F)cc3)CC2)n1,N#C[C@H](CC(N)=O)NC(=O)[C@@H]1CCCN1S(=O)(=O)c1ccc(-c2ccc(Cl)cc2)cc1Cl,Q99538,7.729,6.7721,=,=,IC50
CCc1cn2nc(Nc3ccnc(N4CC[C@@H](OC)[C@@H](F)C4)n3)cc2n1C1CCC2(CC1)OCCO2,CO[C@@H]1CCN(c2nccc(Nc3cc4n(C5CCC6(CC5)OCCO6)c(C#N)cn4n3)n2)C[C@@H]1F,P00533,7.4953,6.7136,=,=,Ki
CCc1nnc(NC(=O)N2[C@H]3CC[C@@H]2c2ccnc(F)c2C3)s1,Cc1ccccc1C#Cc1ccc(CCC(=O)O)cc1,Q8IYL9,6.301,6.4379,=,=,IC50
C[C@H](N)C(=O)NCC(=O)N[C@H]1CSSC[C@@H](C(=O)O)NC(=O)[C@H](CO)NC(=O)[C@H]([C@@H](C)O)NC(=O)[C@H](Cc2ccccc2)NC(=O)[C@H]([C@@H](C)O)NC(=O)[C@H](CCCCN)NC(=O)[C@H](Cc2cn(Cc3ccccc3)cn2)NC(=O)[C@H](Cc2ccccc2)NC(=O)[C@H](Cc2ccccc2)NC(=O)[C@H](CC(N)=O)NC(=O)[C@H](CCCCN)NC1=O,CC(=O)N[C@H]1SS[C@H](C(=O)O)NC(=O)[C@H](Cc2ccccc2)NC(=O)[C@H]([C@@H](C)O)NC(=O)[C@H](CCCCN)NC(=O)[C@@H](Cc2c[nH]c3ccccc23)NC(=O)[C@H](Cc2ccccc2)NC(=O)[C@H](Cc2ccccc2)NC1=O,P32745,6.8827,7.3468,=,=,IC50
COC(=O)c1cc(N2C(=O)c3c(Cl)ccc(NS(=O)(=O)c4ccc(C(C)(C)C)cc4)c3C2=O)nn1C,CC(C)(C)c1ccc(S(=O)(=O)Nc2ccc(Cl)c3c2C(=O)N(c2sccc2C#N)C3=O)cc1,P51686,7.7959,7.2441,=,=,Ki
CC(=O)Nc1ccc(C(=O)NCCCC[C@@H](OC=O)OC(=O)N[C@@H](CCC(=O)O)C(=O)O)cc1,Cc1cc(Br)ccc1C(=O)NCCCC(=O)N[C@H](CNC(=O)N[C@@H](CCC(=O)O)C(=O)O)OC=O,Q04609,6.8861,10.4437,=,=,Ki
NC(CS)CCP(=O)(O)O,NC(CS)CCCCC(=O)O,Q07075,6.4089,5.7959,=,=,Ki
CN(C)CCN1C(=O)c2cccc3c(S(=O)(=O)NCc4ccccc4F)ccc(c23)C1=O,NS(=O)(=O)c1ccc(NC(=S)NC(=O)c2ccccc2)c(I)c1,P53350,5.5544,5.2518,=,=,Kd
CCNC(=O)C[C@@H]1N=C(c2ccc(Cl)cc2)c2cc(OC)ccc2-n2c(C)nnc21,COc1ccc2nc(N[C@@H](c3ccccc3O)P(=O)(OC)OC)sc2c1,Q99714,5.6819,5.1427,=,=,IC50
Cn1cccc(C(=O)Nc2cc(S(=O)(=O)N3CCOCC3)cnc2N2CCC(Oc3ccc(F)cc3F)CC2)c1=O,COc1cn(-c2ccccc2)nc1C(=O)Nc1cc(C#N)ccc1N1CCC(Oc2ccc(F)cc2F)CC1,P46095,7.0,6.3,=,=,EC50
C[C@@H]1CN(CC(F)(F)F)CCN1c1cc2[nH]c(SC(C)(C)C)nc2cc1Cl,O=C1NCN(c2ccccc2)C12CCN(C1(c3ccccc3)CCCCC1)CC2,P41146,6.2007,7.8239,=,=,IC50
Fc1cc(Cl)ccc1-c1cccc2ncnn12,CC1(C(=O)Nc2cc(-c3ccc(C#N)c(F)c3)n3ncnc3c2)COC1,Q96KS0,6.5129,6.2007,=,=,IC50
O=C(O)c1ccc(C(=O)c2ccc(C(=O)c3ccc(C(=O)O)cc3)cc2)cc1,CC(C)N(C(=O)[C@H]1CCC2C3CCC4=C[C@@](O)(C(=O)O)CC[C@]4(C)C3CC[C@@]21C)C(C)C,P31213,6.0,6.4949,=,=,Ki
C#CCN(C)Cc1ccc(Br)cc1Br,C#CCN(C)Cc1ccc(OC)cc1,P32322,3.6421,4.4202,=,=,IC50
O=C(NCc1c(F)cc(F)cc1F)c1cn2c(c(O)c1=O)C(=O)N1[C@H]3CC[C@H](C3)[C@@H]1C2,O=c1[nH]c2ccccc2n1CCCN1CCC(n2c(=O)[nH]c3cc(Cl)ccc32)CC1,O15244,5.5493,5.1024,=,=,IC50
O=[N+]([O-])c1ccc(CN(Cc2ccc(Cl)cc2)CC2CCCCC2)s1,CC(C)Cn1cc(CCNS(=O)(=O)N(C)C)c2ccc(-c3ccncc3)cc21,P20393,5.1308,7.699,=,=,EC50
CCN(CC)CCOc1ccc2c3c(oc2c1)C(=O)c1ncccc1C3=O,CCC1(O)C(=O)OCc2c1cc1n(c2=O)Cc2c-1nc1ccc(F)cc1c2C(=O)O,P11387,4.1918,5.4949,=,=,IC50
CC(C)n1cc(-c2cc(=O)n3ncnc3[nH]2)cn1,O=C(N[C@@H]1CCN(C(=O)c2cc(-c3ccccc3Cl)[nH]n2)C1)C1CC1,Q9UGL1,5.8142,7.1739,=,=,IC50
CO[C@@H]1[C@H](NCCOCCOCCOCCNC(=O)CCC2=[N+]3C(=Cc4c(C)cc(C)n4[B-]3(F)F)C=C2)C[C@H]2O[C@]1(C)n1c3ccccc3c3c4c(c5c6ccccc6n2c5c31)C(=O)NC4,CC(C)(C)c1cc(NC(=O)Nc2ccc(-c3cn4c(n3)sc3cc(OCCN5CCOCC5)ccc34)cc2)no1,Q8N4C8,6.6421,5.7959,=,=,Kd
O=C1Nc2ccc(S(=O)(=O)NCc3ccc(F)c(Cl)c3)cc2/C1=N/Nc1cccc(C(=O)O)c1,O=C(O)CN1C(=O)/C(=C/c2cn(-c3ccccc3)nc2-c2ccc3ccccc3c2)SC1=S,P29350,3.9108,4.6117,=,=,IC50
O=C(NCc1ccc(OC(F)(F)F)cc1)C1c2ccccc2C(=O)N1CCc1ccccn1,O=S(=O)(Nc1ncns1)c1ccc(OCc2ccc(OC(F)(F)F)c(Cl)c2)cc1,Q99250,5.0915,5.5591,=,=,IC50
COc1ccc(-c2nc3c(NCCCNC(=O)C4CCCC4)c(-c4nc(C(=O)O)cs4)cnc3[nH]2)cc1,N#Cc1cc(-c2ccnc(Nc3ncc4c(n3)CCNC4)c2)ccc1OC1CCOCC1,Q14164,6.8013,6.8539,=,=,IC50
O=C(O)c1ccnc(-n2nccc2OCc2ccc(C3CC3)cc2F)c1,O=c1cc(-c2cccc(Cl)c2)[nH]c2ncnn12,Q9UGL1,6.2596,5.5255,=,=,IC50
CCN(CC)CCCC[C@H](NC(=O)[C@H](CC(C)C)NC(=O)[C@H](C)NC(=O)[C@H](Cc1ccccc1)NC(=O)c1ccc(OC)cc1)C(=O)N[C@@H](CO)C(=O)OC,COC(=O)[C@H](CO)NC(=O)[C@H](CCCC[N+](C)(C)C)NC(=O)[C@H](CC(C)C)NC(=O)[C@H](C)NC(=O)[C@H](Cc1ccccc1)NC(=O)c1ccc(C(C)(C)C)cc1,Q9HC52,5.4815,5.8239,=,=,IC50
Cc1ccc(C(=O)CC2CC(=O)N(c3ccc(S(N)(=O)=O)cc3)C2=O)cc1,CS(=O)(=O)c1ccc(C2=C(c3ccccc3)C(=O)OC2)cc1,P00403,6.0088,6.6109,=,=,IC50
CN1CCC(C#N)(NC(=O)[C@@H](CC(=O)N2CCOCC2)CC2CCCCC2)CC1,N#C[C@@]1(NC(=O)[C@@H](CC(=O)N2CCOCC2)CC2CCCCC2)CCN(C2CCCCC2)C1,P25774,6.752,7.7496,=,=,Kd
NCc1ccc(F)c(C2CCN(C(=O)c3cc(C(=O)O)cc(-c4nc(-c5cccs5)no4)c3)CC2)c1,COC(=O)C(Cc1cccc(CN)c1)NC(=O)CCCNC(=O)C[C@@H]1NC(=O)[C@@H](CC(=O)NCCCC(=O)NC(Cc2cccc(CN)c2)C(=O)OC)NC1=O,Q15661,7.0555,6.4559,=,=,Ki
COc1c(C(=O)/C=C/c2ccc(C)cc2)c(O)c(OC)c2occc12,COc1c(C(=O)/C=C/c2cccs2)c(O)c(OC)c2occc12,P22001,6.1549,6.0,=,=,Kd
C#CC[C@H](N)C(=O)NS(C)(=O)=O,CSC(=S)N/N=C/c1ccc(Br)cn1,P32929,3.9031,5.0,=,=,IC50
CCOc1cc2ncc(C#N)c(Nc3ccc(F)c(Cl)c3)c2cc1NC(=O)/C=C/CN(C)C,CO[C@@H]1[C@H](NCCOCCOCCOCCNC(=O)CCC2=[N+]3C(=Cc4c(C)cc(C)n4[B-]3(F)F)C=C2)C[C@H]2O[C@]1(C)n1c3ccccc3c3c4c(c5c6ccccc6n2c5c31)C(=O)NC4,Q9Y2H1,5.5086,6.1198,=,=,Kd
CNC(=O)c1nn(C)c2c1C(C)(C)Cc1cnc(Nc3ccc(N4CCN(C)CC4)cc3)nc1-2,N#CC[C@H](C1CCCC1)n1cc(-c2ncnc3[nH]ccc23)cn1,Q7L7X3,6.466,5.4476,=,=,Kd
COCCCN(c1cc(Cl)cc2[nH]c(=O)c(=O)[nH]c12)S(C)(=O)=O,Sc1nc2cc(C#CCN3CCC(Cc4ccccc4)CC3)ccc2[nH]1,Q05586,6.1379,6.199,=,=,IC50
NCCCCCCNc1nsc2nccn12,CC#CC(=O)Nc1ccc(S(=O)(=O)N2CCN(C(=O)OC(C)(C)C)CC2)cc1,P00488,4.9586,5.1739,=,=,IC50
CC(C)Nc1nc(N[C@H](C)C(F)(F)F)nc(C2=CCCC(O)C2)n1,O=C(Nc1cccc(C(F)(F)F)c1)Nc1cc(S(=O)(=O)N2CCOCC2)ccc1-n1ccnc1,P48735,5.7508,5.2596,=,=,IC50
COc1cccc(NC(=O)N2CCOc3ccc(-c4ccnc(C)c4)cc3C2)c1,COc1cccc(NC(=O)N2CCOc3ccc(-c4ccncc4OC)cc3C2)c1,Q7Z601,6.4271,6.7282,=,=,IC50
C=CC(=O)N1CCN(CCCCCn2nc(-c3cc(OC)ccc3Cl)c3c(N)ncnc32)CC1,COc1cc(OC)cc(N(CCCCN)c2ccc3ncc(-c4cnn(C)c4)nc3c2)c1,P22455,5.565,7.9698,=,=,IC50
CCn1c2ccccc2c2cc(C(=O)NCCc3ccncc3)ccc21,O=C1O[C@]2(CC[C@H](C(=O)Nc3ncc(-c4ccccc4OCF)cn3)CC2)c2cnccc21,Q15761,6.1549,8.585,=,=,IC50
COC(=O)CCCCCP(O)(O)=S,O=P(O)(O)Cc1ccccc1,P10696,3.4815,3.2366,=,=,Ki
N#Cc1c(-c2cccc(-c3cccc(C(=O)O)c3)c2)[nH]c(=S)[nH]c1=O,O=C(O)c1cccc(C(=O)O)n1,Q8TDX5,7.0,4.8182,=,=,IC50
CN(Cc1ccncc1)C(=O)NC1COCC1(F)F,CN(C(=O)N[C@@H]1COCC1(F)F)[C@@H](CC(F)F)c1ccncc1,Q6SZW1,6.1281,5.0507,=,=,IC50
Clc1cnc(Nc2ccc(CCN3CCCC3)cc2)nc1-c1ccc2cc[nH]c2c1,CC(C)NCc1cccc2[nH]c(-c3n[nH]c4ncc(-c5cncc6ccccc56)cc34)nc12,P06493,5.8125,7.8861,=,=,IC50
Cc1nc2c3cccnc3nn2c(C)c1CCC(=O)NCc1cccc(F)c1,CC(C)c1ccc(CC(=O)N2CCN(c3ccc(Cl)nn3)CC2)cn1,Q9H999,4.9978,8.0458,=,=,IC50
CC(C)n1nc(-c2cc3cc(O)ccc3[nH]2)c2c(N)ncnc21,CN(C)CCNC(=O)c1n[nH]c2ncc(-c3ccc(CC(=O)Nc4cc(C(C)(C)C)on4)cc3)cc12,P10721,6.4437,7.9031,=,=,Kd
CN(C)c1ccc(CC(=O)Nc2ccn(Cc3ccc(Cl)cc3)n2)cc1,FC(F)(F)c1ccc(Oc2ccc(NCc3ccc(OCCCN4CCCC4)cc3)cc2)cc1,O95180,8.3872,3.7399,=,=,IC50
CC/C=C1\SC(=S)N(c2cccc(C(=O)O)c2)C1=O,O=C(O)c1cc2c(C#Cc3cccc(C(F)(F)F)c3)c(-c3ccccc3)oc2cc1O,Q9NRW4,4.2291,5.8539,=,=,IC50
CC(CC(=O)O)CC(=O)c1c(CCCCc2ccccc2)n(C)c2ccc(Cl)cc12,CCCCC/C=C\C/C=C\C/C=C\CCCCCCC(=O)O,Q8TDS5,7.4202,5.699,=,=,IC50
Cc1cccc(C)c1SC[C@@H]1CCc2cc([C@H]3CC[C@](N)(COP(=O)(O)O)C3)ccc2C1,C[C@](N)(COP(=O)(O)O)C(=O)Nc1ccc(OCc2ccc(-c3ccccc3)cc2)cc1,P21453,7.2596,8.6021,=,=,IC50
Cc1cc2c(NCCCN3CCN(C(=O)c4cnccn4)CC3)nnc(-c3cccc([N+](=O)[O-])c3)c2n1C,COc1ccc([C@H]2CCN3C(=O)NC[C@H]23)cc1OC1CCCC1,Q07343,7.1135,7.5686,=,=,Ki
CCCCCC1CC1CC1CC1CCCCCCCC(=O)OCC1(CO)C/C(=C\CC(C)C)C(=O)O1,COC(=O)/C=C1/C[C@H]2C[C@]3(O)O[C@H](C[C@@H](O)CC(=O)O[C@@H]([C@@H](C)O)C[C@@H]4C/C(=C\C(=O)OC)C=C(O4)C(C)(C)/C=C/[C@@H](C1)O2)C[C@H](OC(=O)C(C)(C)C)C3(C)C,P17252,7.6066,6.9281,=,=,Ki
Clc1nc2ccccc2n2c(-c3ccccc3)nnc12,Nc1nc2cc3c(cc2[nH]1)N(Cc1ccc(S(=O)(=O)N2CCNCC2)cc1)CCC3,P04818,5.0,7.1938,=,=,Ki
CC1CCN(C(=O)C(CCn2cccc2C#N)NS(=O)(=O)c2cc(Cl)c(N)c(Cl)c2)CC1,CC1CCN(C(=O)C(CCc2ccccc2Cl)NS(=O)(=O)c2cc(Cl)c(N)c(Cl)c2)CC1,P46092,7.9,6.9,=,=,IC50
O=C(O)c1sccc1S(=O)(=O)n1ccc2cc(Br)ccc21,CCCCCCCCCCCCCCCC(=O)O,P12104,5.4089,5.7696,=,=,IC50
COc1cccc([C@@H](C)NC(=O)c2ccc(-c3ccnc(F)c3)nc2)c1,COc1cccc([C@@H](C)NC(=O)N2CCN(c3ccncn3)C[C@H]2C)c1,Q13976,6.4949,4.4377,=,=,IC50
FC(F)(F)c1ccc(-c2c[nH]c(-c3ccccc3)n2)cc1,N=C1N[C@H]2[C@H](COC(N)=O)NC(=N)N3CCC(O)(O)[C@]23N1,Q99250,5.8539,9.0,=,=,IC50
COc1nc(OC)c(CN2C[C@H](COP(=O)(O)O)[C@@H](O)C2)cc1F.N.N,N.N.O=P(O)(O)OC[C@H]1CN(Cc2ccc(F)nc2F)C[C@@H]1O,O43598,4.9101,4.5884,=,=,Ki
C[C@@H]1C(=O)NN=C2COc3cc(-c4ccccc4F)c([C@@H]4CCN(C)C[C@@H]4C)cc3N21,CNCC(=O)N[C@@H](CCCNC(=N)N)C(=O)N[C@H](C(=O)N[C@@H](Cc1ccc(O)cc1)C(=O)N[C@@H](Cc1ccccc1)C(=O)N[C@@H](Cc1cnc[nH]1)C(=O)N1CCC[C@H]1C(N)=O)C(C)C,P30556,5.2924,5.7959,=,=,EC50
CC(C)(C)c1cc(NC(=O)Nc2ccc(-c3cn4c(n3)sc3cc(OCCN5CCOCC5)ccc34)cc2)no1,CCc1nc(C(N)=O)c(Nc2ccc(N3CCC(N4CCN(C)CC4)CC3)c(OC)c2)nc1NC1CCOCC1,Q9Y6E0,4.6021,6.6383,=,=,Kd
CC1(C)c2c(C3CCNCC3)cccc2-n2c1nc(=O)c1c(Cl)cccc12,C[C@@H]1CN(c2cccc(-c3csc(NC(=O)CNC(=O)c4ccn(S(C)(=O)=O)c4)n3)n2)C[C@H](C)O1,P51532,6.7696,7.6056,=,=,IC50
O=C(O[C@@H]1Cc2c(O)cc(O)cc2O[C@@H]1c1cc(O)c(O)c(O)c1)c1cc(O)c(O)c(O)c1,O=C(Nc1cc(C(=O)NC2CCCCC2)c2nc[nH]c2c1)c1ccccc1C(F)(F)F,O14684,5.7447,8.1192,=,=,IC50
COc1ncccc1NC(=O)C(C)(C)Cc1ccc(C(=O)Oc2ccc(C(=N)N)cc2F)s1,CCCC(Cc1ccc(C(=O)Oc2ccc(C(=N)N)cc2)o1)C(=O)O,P98073,8.426,9.0088,=,=,Ki
CC(C)n1nc(-c2cc3cc(O)ccc3[nH]2)c2c(N)ncnc21,N#CC[C@H](C1CCCC1)n1cc(-c2ncnc3[nH]ccc23)cn1,Q9C098,6.0862,6.585,=,=,Kd
C[C@@H]1C(=O)O[C@H]2[C@H](O)[C@]34[C@@H]5C(=O)O[C@@]3(O[C@@H]3OC(=O)[C@H](O)[C@@]34[C@H](C(C)(C)C)[C@@H]5N=[N+]=[N-])[C@@]12O,CC1=C2[C@H](C[C@]34[C@H]5C[C@@H](C(C)(C)C)[C@]36[C@@H](OC(=O)[C@@H]6O)O[C@]24OC5=O)OC1=O,P23416,4.5188,5.0111,=,=,IC50
O.O=C([O-])c1ccccc1-c1c2cc(I)c(=O)c(I)c-2oc2c(I)c([O-])c(I)cc12.[Na+].[Na+],Cc1cc(Cn2c(=O)c3cc(S(=O)(=O)NC4(CF)CC4)ccc3n(C)c2=O)sn1,Q86W56,3.9205,6.224,=,=,IC50
CC(C)Nc1nc(N[C@H]2CC[C@H](NC(=O)C3CCCN(C)C3)CC2)c2cc(-c3ccccc3)ccc2n1,CC(C)Nc1nc(N[C@H]2CC[C@H](NC(=O)C3CCCN(C)C3)CC2)c2cc(-c3cccc(F)c3)ccc2n1,P16066,6.7696,7.1367,=,=,EC50
CNC(=O)c1cc(Oc2ccc(NC(=O)Nc3ccc(Cl)c(C(F)(F)F)c3)cc2)ccn1,C[S+]([O-])c1ccc(-c2nc(-c3ccc(F)cc3)c(-c3ccncc3)[nH]2)cc1,Q15759,6.6383,7.1549,=,=,Kd
CO[C@@H]1[C@H](NCCOCCOCCOCCNC(=O)CCC2=[N+]3C(=Cc4c(C)cc(C)n4[B-]3(F)F)C=C2)C[C@H]2O[C@]1(C)n1c3ccccc3c3c4c(c5c6ccccc6n2c5c31)C(=O)NC4,CC(C)n1nc(-c2cc3cc(O)ccc3[nH]2)c2c(N)ncnc21,Q96RR4,8.699,5.4202,=,=,Kd
CC(C)C[C@H](NC(=O)CC(O)[C@H](CC(C)C)NC(=O)[C@H](Cc1ccccc1)NC(=O)[C@H](Cc1ccccc1)NC(=O)OC(C)(C)C)C(=O)NCc1ccccc1,COC(=O)[C@H](Cc1ccccc1)NC(=O)[C@@H](NC(=O)[C@H](CC(C)C)NC(=O)[C@@H](O)C(C)C)C(C)C,P00797,7.3665,3.5229,=,=,Ki
CC(C)c1cc(Oc2ccc(S(=O)(=O)Nc3ccc(F)cn3)cc2C#N)ccc1Cl,N#Cc1ccc(-c2cncc3ccc(CCC(=O)O)cc23)cc1,Q96S37,5.2102,6.7932,=,=,IC50
Cc1coc2c1CC[C@@H](C)C2,N[C@@H]1C[C@H]1c1ccccc1.N[C@H]1C[C@@H]1c1ccccc1,Q16696,6.2366,5.6383,=,=,Kd
NC1(c2ccc(-c3nc4c(Br)cccn4c3-c3ccccc3)cc2)CCC1,NC(=O)Nc1ccc2c(c1)/C(=C/c1cc(-c3cccc(C(N)=O)c3)c[nH]1)C(=O)N2,P31751,6.7905,8.301,=,=,IC50
Cl.NC[C@H]1C[C@@H]1c1cc(F)ccc1OCCF,c1ccc(COc2noc3c2CCNCC3)cc1,P28223,6.4449,6.25,=,=,EC50
Cc1cc(Nc2ncnc(-c3ccc(O[C@H]4CCN(C(=O)[C@@H](O)CO)C[C@H]4F)c(C#N)c3)n2)cnc1N1CCN(C2COC2)CC1,Cc1cc(-c2ccc3nc(Nc4cc(CN5CCN(C(=O)CC(F)(F)F)CC5)ccn4)[nH]c3c2)nc(N(C)C)n1,Q9UHD2,7.199,6.3958,=,=,IC50
CCCC(NC(=O)c1ccccc1)C(C)(C)C(=O)OC(=O)C(C)(C)C(CCC)NC(=O)c1ccccc1,CC(=O)c1c(O)c(C)c(O)c(Cc2c(O)c3c(c(C(=O)/C=C/c4ccccc4)c2O)OC(C)(C)C=C3)c1O,P17538,7.3098,4.6021,=,=,IC50
C[C@H]1CN(C(=O)c2ccc(-c3ccc(C#N)cc3)cn2)Cc2cnc([C@@](C)(O)C(F)(F)F)n21,CN(Cc1cccc2ncccc12)C(=O)c1ccc(N(Cc2ccccc2)C(=O)c2ccc(O)cc2O)cc1,Q15118,8.0458,7.0,=,=,IC50
CC(C)(C)OC(=O)N[C@@H](CCCCCS)C(=O)NC1CCCCCC1,Cc1c(F)cccc1[C@]1(C(=O)NO)CC[C@H](c2ccc3cnn(C)c3c2)CC1,P56524,6.0757,6.0223,=,=,IC50
CO[C@@H]1[C@H](N(C)C(=O)c2ccccc2)C[C@H]2O[C@]1(C)n1c3ccccc3c3c4c(c5c6ccccc6n2c5c31)C(=O)NC4,CC[C@@H]1C(=O)N(C)c2cnc(Nc3ccc(C(=O)NC4CCN(C)CC4)cc3OC)nc2N1C1CCCC1,P49760,6.0655,6.3372,=,=,Kd
CNC(=O)c1cc(Oc2ccc(NC(=O)Nc3ccc(Cl)c(C(F)(F)F)c3)cc2)ccn1,Cc1ccc2nc(NCCN)c3ncc(C)n3c2c1,Q9UK32,5.1249,5.1739,=,=,Kd
C[C@H]1CCCN1c1cc(-c2ccco2)nnc1N,Nc1nnc(-c2ccccc2O)cc1N1CCC[C@@H]1C1CC1,Q86U86,5.3913,7.6338,=,=,Kd
Cl.Oc1ccc(/C(=C(\CCCF)c2ccccc2)c2ccc(C3CNC3)cc2)cc1,N#Cc1cc(-c2ccc(O)cc2)nc2ccc(O)cc12,O95718,5.8861,6.342,=,=,IC50
O=C(O)/C=C(/CCc1ccc2ccccc2c1)c1ccccc1,C[C@@H](CN[C@H](c1ccc(F)c(F)c1)P(=O)(O)O)c1ccccc1,O15530,4.8601,4.0809,=,=,Kd
O=C(O)c1ccc2c(c1)ncn2Cc1ccccc1C(F)(F)F,COc1cccc(Cn2cnc3cc(C(=O)O)ccc32)c1,P13716,3.8386,3.8069,=,=,IC50
COc1ccc(/C=C2\NC(=O)N(CCCCN3CCN(c4ccccc4OC)CC3)C2=O)cc1OC1CCCC1,O=S(=O)(c1cncc2ccccc12)N1CCC[C@H]1CCN1CCN(c2cccc3sccc23)CC1,P08908,8.7696,7.4984,=,=,Kb
O=C(Nc1ccc(-c2ccnc(Nc3ccc(N4CCOCC4)cc3)n2)cc1)[C@H]1CCCN1,CC(C)(O)c1cc2nc(-c3cnc(N)nc3)nc(N3CCOCC3)c2s1,P80192,6.4318,6.2284,=,=,IC50
O=C(O)C(=O)Nc1sc2c(c1C(=O)O)CCS(=O)(=O)C2,CCCCCNC(=O)C(Cc1ccc(N(C(=O)C(=O)O)c2ccccc2C(=O)O)cc1)NC(C)=O,P18433,3.4921,4.9626,=,=,Ki
CC[C@H](C)[C@@H]([C@@H](CC(=O)N1CCC[C@H]1[C@H](OC)[C@@H](C)C(=O)N[C@H](C)[C@@H](O)c1ccccc1)OC)N(C)C(=O)[C@@H](NC(=O)[C@H](C(C)C)N(C)C(=O)OCc1ccc(NC(=O)[C@H](CCCNC(N)=O)NC(=O)[C@@H](NC(=O)[C@H](CCC(=O)O)NC(=O)CCCCCN2C(=O)CC(SC[C@H](NC(C)=O)C(=O)NCCOCCOCCOCCOCCC(=O)N[C@H](Cc3ccccc3)C(=O)N[C@@H](CCC(N)=O)C(=O)N[C@@H](CC3=CSC4C=CC=CC34)C(=O)N[C@@H](C)C(=O)N[C@H](C(=O)NCC(=O)N[C@@H](Cc3c[nH]cn3)C(=O)N[C@@H](CC(C)C)[C@@H](O)CC(=O)N[C@@H](CC(C)C)C(N)=O)C(C)C)C2=O)C(C)C)cc1)C(C)C,CSCC[C@H](NC(=O)[C@H](CC(C)C)NC(=O)[C@H](CO)NC(=O)CNC(=O)[C@@H](NC(=O)[C@H](C)NC(=O)[C@H](Cc1c[nH]c2ccccc12)NC(=O)[C@H](CC(C)C)NC(=O)c1ccc(NC(=O)CNC(=O)CN2CCN(CC(=O)O)CCN(CC(=O)O)CCN(CC(=O)O)CC2)cc1)C(C)C)C(N)=O,P30550,7.1938,6.6198,=,=,IC50
COc1ccc([C@H](C)NC(=O)Cn2nnc3cc(OC)ccc3c2=O)cc1,COc1ccc([C@H](C)NC(=O)Cn2nnc3c(Cl)cc(Cl)cc3c2=O)cc1,Q6DWJ6,5.8339,6.7212,=,=,Ki
O=C1NCN(c2ccccc2)C12CCN(CC1COc3ccccc3O1)CC2,CN1CCC(Cn2nc(Cc3ccc(Cl)cc3)c3ccccc3c2=O)C1,P35348,6.3507,7.0,=,=,Ki
Cc1ccc(NC(=O)c2cccc(S(=O)(=O)n3ccc4cccc(Cl)c43)c2)c(C(=O)O)c1,CCCC(Oc1cccc(Cc2c(C)n(C(=O)c3ccc(OC)cc3)c3ccc(OC(F)(F)F)cc23)c1)C(=O)O,Q07869,5.5,5.5607,=,=,IC50
Nc1nc(Nc2cccc(Br)c2)c2nc[nH]c2n1,COCCOc1cc2ncnc(Oc3cccc(NC(=O)Nc4cc(C5CCCC5)no4)c3)c2cc1OC,P15056,5.6576,6.1249,=,=,Kd
Cc1ccc(-n2nc(C(C)(C)C)cc2NC(=O)Nc2ccc(OCCN3CCOCC3)c3ccccc23)cc1,CC(C)(C)c1cc(NC(=O)Nc2ccc(-c3cn4c(n3)sc3cc(OCCN5CCOCC5)ccc34)cc2)no1,Q02763,7.699,4.9586,=,=,Kd
Cc1nc(-c2ccc(-c3ccc(OCc4ccccc4)cc3)cc2)co1,CC(C)c1cc(C(C)C)c(S(=O)(=O)Oc2ccc(NC(=O)c3ccc4ccccc4c3)cc2)c(C(C)C)c1,O14638,5.8827,5.5388,=,=,IC50
COc1ccc(C(=O)Nc2nc(-c3ccccc3)cs2)c(NS(=O)(=O)c2ccc(-c3cnccc3C)cc2)c1,COc1ccc(OC)c2c1C(=O)c1nc(C#N)c(C#N)nc1-2,P40818,4.9914,6.0915,=,=,IC50
NCc1[nH]c(-c2ccncc2)cc1C(N)=O,CC(=O)Nc1cnc2[nH]cc(/C=C3\N=C(NCc4ccccc4)NC3=O)c2c1,O00311,5.3188,6.9355,=,=,IC50
C[C@]1(F)COC(N)=N[C@]1(C)c1cc(NC(=O)c2ncccc2OCC(F)(F)F)ccc1F,CS(=O)(=O)N(c1cccnc1)c1cccc(C(=O)N[C@@H](Cc2ccccc2)[C@H](O)CNCc2cccc(C(F)(F)F)c2)c1,Q9Y5Z0,6.6459,5.9795,=,=,IC50
CNC(=O)c1nn(C)c2c1C(C)(C)Cc1cnc(Nc3ccc(N4CCN(C)CC4)cc3)nc1-2,Nc1nc2c(-c3ccccn3)nccc2[nH]1,Q96RR4,5.9073,4.3979,=,=,Kd
COc1cc2c(Oc3ccc(NC(=O)Nc4cc(C)ccc4F)c(Cl)c3)ccnc2cc1OCCCOC1COC1,COCCOc1ccccc1C(=O)Nc1cc(Oc2ccc3nc(NC(=O)C4CC4)cn3n2)ccc1C,P35968,4.6021,6.3565,=,=,Kd
NCc1ccc(-c2ccccc2)o1,CO[C@]1(C)C[C@H](c2ccccc2)C2C(=O)Oc3ccccc3C2O1,P11712,6.0458,4.7959,=,=,Ki
Cc1cccc(C)c1C(=O)NC(c1ccncc1)C12CCC(CC1)CN2C,CCCS(=O)(=O)N1CCN(C2(CNC(=O)c3c(F)cccc3F)CCCOCC2)CC1,P48067,9.0,6.6234,=,=,IC50
O=C(N[C@@H](CO)[C@H](O)c1ccccc1)c1cccc(Nc2cc(Cc3cccc(C(F)(F)F)c3)ccn2)c1,O=C1NCCc2c1cnn2-c1cccc(Cc2cc(F)cc(C(F)(F)F)c2)c1,Q9Y2T5,6.0645,7.9,=,=,EC50
COc1cc(-c2cccc3nc(Cc4nc5nc(Cl)ccc5[nH]4)cn23)c(Cl)cc1Cl,COc1cc(Cl)c(-c2cccc3nc(Cc4nc5nc(F)ccc5[nH]4)cn23)cc1OC,Q96GW9,6.295,6.5003,=,=,EC50
CC(C)=CCC/C(C)=C/CC(P(=O)(O)O)P(=O)(O)O,O=P(O)(O)C(O)(CSc1ccncc1)P(=O)(O)O,O95749,5.0,3.2596,=,=,IC50
CC(=O)NCCOC(=O)[C@H](Oc1cccc(C(F)(F)F)c1)c1ccc(Cl)cc1,CC(C)(Sc1ccncc1-c1ccccc1)C(=O)O,Q96S37,4.9208,5.242,=,=,EC50
NS(=O)(=O)c1ccc(N2C(=O)CC(CC(=O)c3ccccn3)C2=O)cc1,Cn1ncc(NC(=O)[C@@H]2CCCC[C@H]2C(=O)c2ccc(-c3cc[nH]n3)cc2)c1C(N)=O,P09917,6.0915,7.4685,=,=,IC50
CCCCCCNC(=O)c1sc2nc(OC)c(Cl)c(C)c2c1N,COc1nc2sc(C(=O)NC3CC3)c(N)c2c(C)c1Cl,P08173,6.699,6.5485,=,=,Kb
CC[C@@H]1C(=O)N(C)c2cnc(Nc3ccc(C(=O)NC4CCN(C)CC4)cc3OC)nc2N1C1CCCC1,Cc1ccc(-n2nc(C(C)(C)C)cc2NC(=O)Nc2ccc(OCCN3CCOCC3)c3ccccc23)cc1,P36888,5.5229,5.6383,=,=,Kd
CN1CC[C@H](c2c(O)cc(O)c3c(=O)cc(-c4ccccc4Cl)oc23)[C@H](O)C1,CC[C@@H]1C(=O)N(C)c2cnc(Nc3ccc(C(=O)NC4CCN(C)CC4)cc3OC)nc2N1C1CCCC1,Q13164,6.2076,5.4949,=,=,Kd
CC(=O)N1CCN(c2ccc(NC(=O)c3cc4c(C)nn(C5CCCCC5)c4s3)cc2)CC1,O=[N+]([O-])c1cc(Cl)ccc1Sc1ccncc1,Q13946,7.9208,6.1427,=,=,IC50
Cl.OCCCCCNc1nc(Nc2ccc(F)cc2)nc(Nc2ccc(F)cc2)n1,Cl.OCCCCCNc1nc(Nc2ccccc2)nc(Nc2ccc(F)cc2)n1,Q9ULD8,6.585,6.8539,=,=,IC50
Cc1ccc(N2C(=O)/C(=C/c3ccc(O)c(Br)c3)OC2=S)cc1,COC(=O)c1ccc(N2C(=O)O/C(=C\c3ccc(O)c(Br)c3)C2=O)cc1,P37058,8.699,7.6198,=,=,IC50
O=C(c1ccc(F)cc1)C1CCN(C2Cc3c(cccc3OCCF)CC2O)CC1,COc1ccc(CN2CC[C@H](N3CCC(C(=O)c4ccc(OC)cc4)CC3)[C@@H](O)C2)cc1,Q16572,8.5576,4.8297,=,=,Ki
C[C@@]1(C(=O)O)CCCN1C(=O)c1cc(C2CC2)c(OCC23CC4CC(CC(C4)C2)C3)cc1F,C[C@H](Nc1cc(C(N)=O)nc(N2CCc3c(cccc3-c3cccc(C(F)(F)F)c3)C2)n1)C(N)=O,Q15858,7.0,6.6198,=,=,Ki
O=C(Nc1ccc(Cl)cc1)Nc1cc(Cl)ccc1C(=O)O,O=C(Nc1ccc(F)cc1)Nc1cc(Cl)ccc1C(=O)O,P39086,5.5086,4.8539,=,=,IC50
O=C(NCCCCCO)NC12CC3CC(CC(C3)C1)C2,Cc1cc(C)c(S(=O)(=O)N2CCC(C(=O)NCC3CCCCC3)CC2)c(C)c1,P34913,7.0757,7.8996,=,=,IC50
NC(=O)c1cc(C#C[C@@H](CC[C@H](N)C(=O)O)C[C@H]2O[C@@H](n3cnc4c(N)ncnc43)[C@H](O)[C@@H]2O)ccc1F,Nc1ncnc2c1ncn2[C@@H]1O[C@H](CN(CCCc2cccc3ccccc23)CCC[C@H](N)C(=O)O)[C@@H](O)[C@H]1O,P40261,8.73,5.9586,=,=,Ki
FC(F)(F)Oc1cccc(CNc2cc(Cl)nc3ccnn23)c1,C[C@@H](Nc1cc(Cl)nc2ccnn12)c1ccccc1,Q9UGI6,4.9586,6.0,=,=,IC50
CCCC[C@H](NC(=O)[C@H](N)Cc1cc2ccccc2[nH]1)C(=O)N[C@@H](CC(=O)O)C(=O)N[C@@H](Cc1ccccc1)C(=O)NNC(=O)[C@H](Cc1ccccc1)NC(=O)CNC(=O)[C@@H](C)NC(=O)[C@@H](N)Cc1ccc(O)cc1,O=C(N[C@@H](Cc1ccc(Cl)cc1)C(=O)O)c1ccc(Cl)cc1NS(=O)(=O)c1cccc2nsnc12,P32238,5.0,5.7,=,=,Ki
CC(C(=O)O)c1ccc(CSc2nc(SCc3ccc(Cl)cc3)[nH]c(=O)n2)cc1,COc1ccc2nc(NCCC(=O)Oc3ccc(/C=C/C(=O)CC(=O)/C=C/c4ccc(OC(=O)CCNc5nc6ccc(OC)cc6s5)c(OC)c4)cc3OC)sc2c1,P11388,3.7921,4.7212,=,=,IC50
CO[C@@H]1[C@H](NCCOCCOCCOCCNC(=O)CCC2=[N+]3C(=Cc4c(C)cc(C)n4[B-]3(F)F)C=C2)C[C@H]2O[C@]1(C)n1c3ccccc3c3c4c(c5c6ccccc6n2c5c31)C(=O)NC4,CN1CC[C@H](c2c(O)cc(O)c3c(=O)cc(-c4ccccc4Cl)oc23)[C@H](O)C1,Q04759,7.5528,6.4559,=,=,Kd
CC(C)CCNC(=O)[C@H](O)[C@@H](N)Cc1ccccc1,CC(C)C[C@H](N)P(=O)(O)O,P28838,6.301,6.6383,=,=,Ki
N#CN1CCC(Nc2ncc(-c3ccccc3)s2)C1,N#Cc1ccnc(-c2ccc3oc([C@@]4(F)CCCN(C#N)C4)nc3c2)c1,Q70CQ3,4.8495,6.2596,=,=,IC50
COc1cc(/C=C/C(=O)O)ccc1O,N#Cc1ccc(O)cc1,P07451,4.9547,5.1739,=,=,Ki
N#Cc1ccnc(Nc2cc(C3CCN(C4COC4)CC3)n(C3CCC(F)(F)C3)n2)c1,CN1C(=O)[C@@H](N2CCc3cn(CC4CCS(=O)(=O)CC4)nc3C2=O)COc2ccccc21,Q12852,6.1421,6.0,=,=,IC50
Cc1nnc2sc(C(=O)NCc3ccc(-c4cccnc4F)cc3)c(N)c2c1C,Cc1cnnc2sc(C(=O)NC3Cc4ccccc4C3)c(N)c12,P08173,7.0405,7.2218,=,=,EC50
CN1CCN(c2cc(-c3ccccc3)cc(CC3CCCCC3)n2)CC1,C#CCN(C)Cc1ccc(OCCCCCN2CCN(c3cccc4c3ccn4S(=O)(=O)c3ccccc3)CC2)cc1,P50406,10.301,8.2218,=,=,Kb
CC(C)(C)C(=O)Nc1ccc2c(c1)C(=O)C(=O)c1ccccc1-2,O=C(O)c1cc2c(C#Cc3cccc(C(F)(F)F)c3)c(-c3ccccc3)oc2cc1O,Q12923,5.1549,5.8861,=,=,IC50
CC1CN(c2ncnc3c(S(=O)(=O)c4ccccc4)c(N)[nH]c23)CCS1,CC1(C)CCCN1c1ncnc2c(S(=O)(=O)c3ccccc3)c(N)[nH]c12,O15552,8.0969,6.8827,=,=,EC50
Cn1cnc(S(=O)(=O)Nc2cc3c(cc2Oc2cccc(OCc4ccccc4)c2)n(C)c(=O)n3C)c1,CCCOc1cc(OCCCCCCN)cc(Oc2cc3c(cc2NS(=O)(=O)c2cn(C)cn2)n(C)c(=O)n3C)c1,O15164,5.2076,6.7696,=,=,EC50
O=C([C@H]1CC[C@H](c2nn[nH]n2)CC1)N1CC[C@@]2(S(=O)(=O)c3ccc(F)cc3)c3ccc(OCc4c(F)cccc4C(F)(F)F)cc3CC[C@@H]12,CC(C)C[C@H]1C[C@@H](c2onc([C@@H](CC(=O)O)CC(=O)Nc3ccc(Cl)cc3F)c2C2CC2)C1,P51449,8.0706,7.0132,=,=,EC50
CC(C)(C)c1ccc(CSC(C(N)=O)c2ccccc2)cc1,CCCCCCNC(=O)Nc1ccccc1,P07099,6.1938,5.8447,=,=,IC50
COc1ccc(P(=O)(OCC2CCCCC2)N2Cc3ccccc3CC2C(=O)NO)cc1,COc1ccc2c(c1)C(=O)N(C[C@@]1(C#Cc3ccccc3)NC(=O)NC1=O)C2,P78536,7.8097,9.8539,=,=,Ki
O=C(CCc1ccccc1)N1CCC(O)(CN2C=Nc3cc(NCCc4ccccc4)ccc3C2O)CC1,C#CCOc1ccc(C2C(C#N)=C(N)Oc3n[nH]c(-c4cccs4)c32)cc1Br,Q93009,4.815,5.3468,=,=,IC50
CSCC[C@H](NC(=O)[C@H](CC(C)C)NC(=O)CNC(=O)[C@H](Cc1ccccc1)N(C)C(=O)[C@H](Cc1ccccc1)NC(=O)[C@H](Cc1c[nH]c2ccccc12)NC(=O)[C@H](CC(=O)O)NC(=O)[C@H](Cc1cnc[nH]1)NC(=O)[C@H](CCSC)NC(=O)[C@@H](N)CC(=O)O)C(N)=O,CSCC[C@H](NC(=O)[C@H](CC(C)C)NC(=O)CNC(=O)[C@H](Cc1ccccc1)N(C)C(=O)[C@H](Cc1ccccc1)NC(=O)[C@@H](CCC(=O)O)NC(=O)CCC(=O)O)C(N)=O,P29371,9.5528,10.0757,=,=,EC50
O=C(Cn1c(=O)oc2ccccc21)N1CCC(N2CCOCC2)CC1,O=C(Cn1c(=O)oc2ccccc21)c1c[nH]c2ccccc12,Q9Y232,4.5867,5.7212,=,=,Kd
CC(C)/C(=C1/SC(=O)NC1=O)c1ccc(-c2ccc3cccc(F)c3c2)[nH]c1=O,CCC(CC)(c1nnc[nH]1)c1ccc(-c2ccc3cc(F)cc(F)c3c2)[nH]c1=O,P43115,7.6576,7.0506,=,=,Ki
CCN(CC)Cc1ccc2cc(COC(=O)Nc3ccc(C(=O)NO)cc3)ccc2c1,O=C1/C(=C/c2ccc(O)c(O)c2)Oc2cc(O)cc(O)c21,Q9BY41,7.4089,5.7799,=,=,Ki
C=CCO/N=C1/C(=O)N2c3ccccc3[C@@]34CCN5CC6=CCO[C@@H]1[C@@H]([C@H]23)[C@H]6C[C@H]54,C[C@@H]1C(=O)O[C@H]2[C@H](O)[C@@]34O[C@@H]5OC(=O)[C@H](O)[C@@]56[C@H](C(C)(C)C)[C@H](O)C(OC3=O)[C@]64[C@@]12O,P23415,7.0223,5.6,=,=,IC50
N#Cc1cccc(NC(=O)c2cc(Cl)ccc2O)c1,Cc1ncc(COP(=O)(O)O)c(C=O)c1O,P51575,6.2823,5.0,=,=,IC50
Nc1ccc(S(=O)(=O)N(Cc2ccccc2)c2ccnn2-c2ccccc2)cc1,Nc1ccc(S(=O)(=O)Nc2ccnn2-c2ccccc2)cc1,P33260,5.1549,4.2218,=,=,IC50
O=c1c2cc(F)ccc2sn1-c1ccc(F)cc1,NC(=O)C1(NC(=O)CCCNc2ccc(Cl)cc2Cl)Cc2ccccc2C1,P34949,5.4437,4.301,=,=,IC50
O=c1c2ccccc2sn1-c1ccccc1,O=C(NCc1ccccc1)c1cccc(-n2sc3ccccc3c2=O)c1,Q8TCT1,6.0269,5.6383,=,=,IC50
COc1cc2ncccc2cc1NC(=O)c1csc2cnc(N(C)CCN)nc12,Cn1cc(-c2cccc(-c3ncc(-c4cnn(C)c4)c(NCC4CCCC(O)C4)n3)c2)cn1,P51617,6.0076,6.2596,=,=,IC50
C[C@@H](c1ncncc1F)[C@](O)(Cn1cncn1)c1ccc(F)cc1F,O=C(/C=C/c1ccc(O[C@@H]2O[C@H](CO)[C@@H](O)[C@H](O)[C@H]2O)c(O)c1)NCCCNCCCCNC(=O)CCc1ccc(O)c(O)c1,Q9Y6A2,7.9586,6.9735,=,=,Ki
CS(=O)(=O)c1cccc(N2CCN(C(=O)C3CCC(C(F)F)CC3)[C@@H](c3ccccc3)C2)c1,CC(C)(C)OC(=O)n1c(-c2ccc(CNC(=O)c3ccccc3)cc2)cc2ccccc21,P55055,4.6012,5.7447,=,=,EC50
Cc1nc2ccccc2c(Nc2ccc(N3CCN(C)CC3)cc2)c1C(C)C,CCc1c(C)nc2c(C)cccc2c1Nc1ccc(N2CCCN(C)CC2)cc1,P18825,7.0605,8.0223,=,=,Kb
CCCC[C@H](NC(=O)[C@@H](Cc1ccc(Br)cc1)NC(=O)[C@H](Cc1cnc[nH]1)NC(C)=O)C(=O)N[C@@H](Cc1c[nH]c2ccccc12)C(N)=O,C#Cc1ccc2c(c1)C(=O)N[C@@H](Cc1c[nH]cn1)C(=O)N[C@H](Cc1ccccc1)C(=O)N[C@@H](CCCNC(=N)N)C(=O)N[C@@H](Cc1c[nH]c3ccccc13)C(=O)N[C@H](C(N)=O)CS2,P41968,7.2441,6.5,=,=,EC50
Cc1ccc(O)c(C(=O)Nc2cc(C(F)(F)F)cc(C(F)(F)F)c2)c1,O=C(Nc1cc(Cl)cc(Cl)c1)c1cc(Cl)ccc1O,Q9NRS4,4.5528,4.7212,=,=,IC50
CO[C@@H]1[C@H](N(C)C(=O)c2ccccc2)C[C@H]2O[C@]1(C)n1c3ccccc3c3c4c(c5c6ccccc6n2c5c31)C(=O)NC4,CC(C)(C)c1cc(NC(=O)Nc2ccc(-c3cn4c(n3)sc3cc(OCCN5CCOCC5)ccc34)cc2)no1,Q9BWU1,5.1427,4.8239,=,=,Kd
Fc1cc2nc(-c3cnnc(NCC(F)(F)F)c3)n(C3CC3)c2cc1F,c1cc(-c2ccc(Cn3ccnc3)cn2)ccn1,P19099,7.301,6.3125,=,=,IC50
CN1Cc2cc(S(=O)(=O)N3CCOCC3)ccc2N(C)C1=O,Cc1cc(N2C(=O)c3nc(C4CCOCC4)n(C(C)C)c3[C@H]2c2ccc(Cl)cc2)nn2c(C)nnc12,P25440,4.5229,7.699,=,=,IC50
COc1ccc(CC[C@H]2OC(=O)[C@@H]3CCCCN3C(=O)[C@@H](C3CCCCC3)c3cc(OC)c(OC)c(c3)OC[C@@H](O)[C@H](O)COc3cccc2c3)cc1OC,COc1ccc(CC[C@H]2OC(=O)[C@@H]3CCCCN3C(=O)[C@@H](C3CCCCC3)c3cc(OC)c(c(OC)c3)OCCOCCCCOc3cccc2c3)cc1OC,P68106,8.0458,6.3675,=,=,Kd
CN1C(=O)[C@@H](Cc2ccc(O)cc2)NC(=O)CNC(=O)[C@H](Cc2ccc3ccccc3c2)NC(=O)[C@H](CCCNC(=N)N)NC(=O)[C@H]1CCCN,NC(=O)NCCCCN(C[C@H]1Cc2ccccc2CN1)[C@H]1CCCc2cccnc21,P61073,8.2218,7.6003,=,=,IC50
N#Cc1cccc(Cn2cc(NC(=O)c3n[nH]c4c3CC(c3cn[nH]c3)CC4)cn2)c1,CC[C@@H](c1ccccc1)n1cc(NC(=O)c2n[nH]c3ccccc23)cn1,Q08881,8.0539,7.9586,=,=,Ki
CCc1cccc(CC)c1N1CCn2cc(-c3nc(Nc4ccc(N5CCC(C(=O)N6CC7(CN(C)C7)C6)CC5)cc4OC)nc4[nH]ccc34)cc2C1=O,CC(C)Oc1cc(-n2cnc3ccc(N[C@@H](C)c4ccc(F)cn4)nc32)n[nH]1,Q96PF2,6.025,7.5143,=,=,IC50
Cc1ccc(S(=O)(=O)N2CCNC(=O)[C@H]2CC(=O)N[C@@H]2CCCc3cc(CNCC4CC4)ccc32)cc1,Cc1nc(-c2c(F)cc(Cl)cc2-c2cnc(CNC(=O)N(C)O)c(F)c2)no1,P46663,9.4815,7.7696,=,=,IC50
C[C@]12CC[C@H](O)C[C@@H]1CC[C@@H]1[C@@H]2CC[C@]2(C)[C@@H](C(=O)CBr)CC[C@@H]12,C[C@]12CC[C@H](O)C[C@@H]1CC[C@@H]1[C@@H]2CC[C@]2(C)[C@@H](C(=O)CCl)CC[C@@H]12,P11413,5.6021,5.0315,=,=,IC50
C[C@@H]1C(=O)N/C(=C\c2ccccc2)c2nc3c(O)cccc3c(=O)n21,O=C(OC1CSSC1)c1ccc(C#CCCCCOC(=O)c2ccccc2F)cc1,P29350,4.8539,5.062,=,=,IC50
COc1cc(Br)cc2[nH]cc(-c3cnc(-c4ccc[nH]4)o3)c12,CC(C)Oc1cc(-n2cnc3ccc(N[C@@H](C)c4ccc(F)cn4)nc32)n[nH]1,P80192,6.0458,7.3536,=,=,IC50
CCc1cc(C(=O)N2CCCC(c3ccc(Cl)cc3)C2)ccn1,CNc1cc(C(=O)N2CCC[C@@H](c3ccc(Cl)cc3C)C2)cnn1,Q8TCW9,6.2924,5.9281,=,=,IC50
COC[C@@H]1CCCN1S(=O)(=O)c1ccc2c(c1)C(=O)C(=O)N2CCC(O)CO,N#CC(C#N)=C1C(=O)N(Cc2ccc(Cl)c(Cl)c2)c2ccc(S(=O)(=O)N3CCC3)cc21,P42574,6.5607,6.4377,=,=,IC50
CCCCCCCCOC[C@H](COP(=O)(O)O)OCCCCCCCC,CCCCCCCC/C=C\CCCCCCCCOC[C@@H](COP(O)(O)=S)OC,Q9UBY5,6.7852,7.0969,=,=,EC50
CCCc1c(CO)nnn1-c1c(Cl)cc(C(F)(F)F)cc1Cl,CCCc1c(CC)nnn1-c1c(Cl)cc(C(F)(F)F)cc1Cl,P28472,5.4622,7.3261,=,=,Ki
CSCC[C@H](NC(=O)[C@@H]1Cc2cn(nn2)C[C@H](NC(=O)[C@@H](N)CCCCN)C(=O)N[C@@H](C)C(=O)N[C@H](Cc2ccccc2)C(=O)N[C@@H](CCCNC(=N)N)C(=O)N[C@@H](Cc2c[nH]c3ccccc23)C(=O)N1)C(=O)O,CCCC[C@H](NC(=O)[C@@H](NC(=O)[C@@H](N)Cc1ccc(O)cc1)C(C)C)C(=O)NCC(=O)N[C@@H](Cc1c[nH]cn1)C(=O)N[C@@H](Cc1ccccc1)C(=O)N[C@@H](CCCN=C(N)N)C(=O)N[C@@H](Cc1c[nH]c2ccccc12)C(=O)N[C@@H](CC(=O)O)C(=O)N[C@@H](CCCN=C(N)N)C(=O)N[C@@H](Cc1ccccc1)C(=O)NCC(=O)ON,P33032,6.4257,7.0044,=,=,EC50
Cc1cccc(NC(=O)Nc2ccc(CCc3nc4ccccc4[nH]3)cc2)c1,Cn1cc(NC(=O)c2cnn3ccc(N)nc23)c(-c2cc(Cl)ccc2Cl)n1,Q16620,4.699,5.2692,=,=,IC50
N#Cc1cncc(-c2c[nH]n(-c3cc(N4CCCCC4)ncn3)c2=O)c1,O=c1c(-c2cccnc2)c[nH]n1-c1cc(N2CCOCC2)ncn1,Q9NXG6,5.9508,6.7447,=,=,IC50
O=[N+]([O-])c1cccc(CNc2ccc3c(c2)[C@@]24CCCC[C@H]2[C@@H](C3)N(CC2CCC2)CC4)c1,CNC1(c2ccccc2)CCC(c2ccc(C(F)(F)F)cc2)(N(C)C)CC1,P35372,9.3665,5.9245,=,=,Ki
O=C1c2c(O)ccc(O)c2C(=O)c2c(NCCNCCO)ccc(NCCNCCO)c21,Oc1c(Cl)cc(Cl)cc1Sc1cc(Cl)cc(Cl)c1O,O75751,4.2182,5.2596,=,=,IC50
COc1ccc(S(=O)(=O)N[C@H]2CCN(C(=O)CC[C@H](N)C(=O)O)C2)cc1C(=O)Nc1ccccc1Cl.Cl,CCN(CC)CCOc1ccc(/C(=C(/Cl)c2ccccc2)c2ccccc2)cc1,P41595,8.9626,5.8655,=,=,IC50
CN(Cc1ccccc1)C[C@@H]1CCN(CCCc2c[nH]c3ccc(-n4cnnc4)cc23)C1,NC(=O)OC[C@H](NC1CCN(CCCc2c[nH]c3ccc(-n4cnnc4)cc23)CC1)c1ccccc1,P28222,7.2291,6.9208,=,=,IC50
COc1cc(OC)cc(N(Cc2ccccc2Cl)c2ccc3ncc(-c4cnn(C)c4)nc3c2)c1,CO[C@@H]1[C@H](N(C)C(=O)c2ccccc2)C[C@H]2O[C@]1(C)n1c3ccccc3c3c4c(c5c6ccccc6n2c5c31)C(=O)NC4,P35968,6.23,6.6021,=,=,IC50
Cc1cn([C@H]2C[C@H](N=[N+]=[N-])[C@@H](COC(=O)NCCc3c[nH]c4ccccc34)O2)c(=O)[nH]c1=O,Nc1nc2c(ncn2[C@@H]2O[C@H](COC(=O)NCCc3c[nH]c4ccccc34)[C@@H](O)[C@H]2O)c(=O)[nH]1,P49773,3.1457,4.4685,=,=,Ki
O=C(c1ccc(C(=O)N2CCCC(N3CCCC3)CC2)cc1)N1CCCC(N2CCCC2)CC1,CN(C)CCC(c1ccc(Cl)cc1)c1ccccn1,Q9Y468,5.0915,4.3872,=,=,IC50
COc1ccccc1N1CCN(c2ncnc3c2cnn3-c2ccc(C)cc2)CC1,CCC(C)(C)NC(=O)COc1cccc(-c2nc3c(c(Nc4ccc(-c5cn[nH]c5)cc4)n2)COC3)c1,P11169,5.5229,7.9208,=,=,IC50
CCNC(=O)C[C@@H]1N=C(c2ccc(Cl)cc2)c2cc(OC)ccc2-n2c(C)nnc21,C=CC(=O)Nc1ccc(S(=O)(=O)N2CCN(C(=O)OCC)CC2)cc1,Q08188,5.0,3.9586,=,=,IC50
C=C1Cc2ccc(C)cc2C1=O,Cc1nc(-c2ccccn2)nc(NCCc2ccccc2)c1Cl,P53582,4.9136,6.1102,=,=,IC50
CCCCC(NC(=O)[C@H](CCCNC(=N)N)NC(=O)[C@H](Cc1cnc[nH]1)NC(=O)[C@H](CCCNC(=N)N)NC(=O)[C@H](CCCCN)NC(C)=O)C(=O)N[C@H](C(=O)N[C@@H](CC(C)C)C(=O)N[C@@H](CCCNC(=N)N)C(=O)O)C(C)C,COc1cc2nc(N(C)C)nc(NCCCCCN3CCCC3)c2cc1OC,Q9NQR1,6.4815,5.0362,=,=,IC50
C[C@H](O)[C@H]1O[C@@H]2SC(N3CCCC3)=N[C@@H]2[C@@H](O)[C@@H]1O,CC(=O)N[C@@H]1[C@@H](O)[C@H](O)[C@@H](CO)O[C@H]1SCCCNCCN1C(=O)c2cccc3c(N4CCCCC4)ccc(c23)C1=O,O60502,9.2757,5.4949,=,=,Ki
CC[C@H](C)[C@H](NC(=O)[C@H](Cc1ccc(O)cc1)NC(=O)[C@H](Cc1c[nH]cn1)NC(=O)[C@H](CCCN=C(N)N)NC(=O)[C@H](CC(C)C)NC(=O)[C@H](C)NC(=O)[C@H](CO)NC(=O)[C@H](Cc1ccc(O)cc1)NC(=O)[C@H](Cc1ccc(O)cc1)NC(=O)[C@H](CCCN=C(N)N)NC(=O)[C@H](C)NC(=O)[C@H](CC(C)C)NC(=O)[C@H](CC(=O)O)NC(=O)[C@H](CCC(=O)O)NC(=O)[C@H](C)NC(=O)[C@@H]1CCCN1C(=O)[C@H](C)NC(=O)[C@H](CC(=O)O)NC(=O)[C@H](CCC(=O)O)NC(=O)CNC(=O)[C@@H]1CCCN1C(=O)[C@H](CC(N)=O)NC(=O)[C@H](CC(=O)O)NC(=O)[C@@H]1CCCN1C(=O)[C@H](CCCCN)NC(=O)[C@H](CO)NC(=O)[C@@H]1CCCN1C(=O)[C@@H](N)Cc1ccc(O)cc1)C(=O)N[C@@H](CC(N)=O)C(=O)N[C@@H](CC(C)C)C(=O)N[C@H](C(=O)N[C@H](C(=O)N[C@@H](CCCN=C(N)N)C(=O)N[C@@H](CCC(N)=O)C(=O)N[C@@H](CCCN=C(N)N)C(=O)N[C@@H](Cc1ccc(O)cc1)C(=O)O)[C@@H](C)O)[C@@H](C)CC,CC(C)(C(=O)Nc1ccc(N2CCN(C(=O)c3ccccc3)CC2)c(Cl)c1)c1ccccc1,P49146,9.5229,8.0,=,=,Ki
COc1ccc(F)c(-c2ccc(C3CCc4ccc([C@H](C5CC5)[C@H](C)C(=O)[O-])cc4O3)cc2)c1.[Na+],CNC(=O)c1cc(C)c(-c2ccc(F)c3c2CC[C@H]3Nc2cnc([C@H]3C[C@@H]3C(=O)O)cn2)c(C)c1,O14842,7.7406,7.6383,=,=,EC50
CCOc1cc2ncc(C#N)c(Nc3ccc(F)c(Cl)c3)c2cc1NC(=O)/C=C/CN(C)C,CO[C@@H]1[C@H](N(C)C(=O)c2ccccc2)C[C@H]2O[C@]1(C)n1c3ccccc3c3c4c(c5c6ccccc6n2c5c31)C(=O)NC4,P41240,5.5534,5.0605,=,=,Kd
CN(c1ncccc1CNc1nc(Nc2ccc3c(c2)CC(=O)N3)ncc1C(F)(F)F)S(C)(=O)=O,O=S(=O)(c1cccc2cnccc12)N1CCCNCC1,Q16512,5.0991,6.0752,=,=,Kd
CCCCCCCCCCCCCCCCOC(COC)COP([O-])(O)=S.[Na+],CCCCCCCC(=O)OC[C@@H](COP(O)(O)=S)OC(=O)CCCCCCC,Q9HBW0,6.9378,5.1445,=,=,EC50
C[C@@H](N)[C@H](N)C(=O)NS(=O)(=O)/C=C/c1cccc(-c2cc(N)ncn2)c1,C[C@@H](O)[C@H](N)C(=O)NS(=O)(=O)c1ccc2ccc(-c3cc(N)ncn3)cc2c1,P26639,4.9005,8.5229,=,=,Ki
Nc1cc(/C=C2\SC(O)=NC2=O)ccc1OCCC1CCCCC1,Cc1cccc(-n2cnc3cc(C(=O)N4CCC(C(F)(F)F)CC4)ccc32)c1,P15428,6.5444,5.817,=,=,IC50
CCOP(=O)(c1ccccc1F)N1Cc2ccccc2CC1C(=O)NO,CCOC(=O)C1CCCC(C(CC(=O)NO)S(=O)(=O)c2ccc(OC)cc2)C1,P08254,7.3206,7.2218,=,=,Ki
COc1ccc(F)c(C(=O)N2CC3CCC2CN3Cc2c(-c3ccc(Cl)cc3)nc3ncccn23)n1,COc1ccccc1C(=O)N1CCN(Cc2c(-c3ccc(Br)cc3)nc3ccccn23)CC1,Q9NPC2,7.0,7.1487,=,=,IC50
COc1ccc(Cl)c(S(=O)(=O)Nc2ccc(-c3cc4[nH]nc(C)c4c(OCCC(=O)N(C)C)n3)cc2)c1,COCCc1n[nH]c2nc(-c3ccc(NS(=O)(=O)c4cc(F)c(F)cc4F)cc3)nc(N)c12,O00141,7.8861,5.4437,=,=,IC50
O=C(c1cccs1)C(O)c1cccs1,Cc1ccc(C(=O)C(=O)c2ccc(Cl)cc2)cc1,O00748,5.251,7.6421,=,=,Ki
CC(C)=CCc1c(Cl)ccc2c(C3=C(O)C(O)=CC(=O)C3=O)c[nH]c12,COc1ccc(-c2nc(-c3ccc4c(c3)CCN4S(C)(=O)=O)cs2)cc1,P30307,4.9586,4.5582,=,=,IC50
Clc1ccccc1CNC[C@H]1CC[C@H](CCNc2ccccc2Cl)CC1,CCCN1CCC[C@H](c2cccc(O)c2)C1,Q15125,8.3979,5.6576,=,=,Ki
C[C@H](c1ccc(C(F)(F)F)cc1C(F)(F)F)n1cc(NC(=O)c2nnc(-c3ccccn3)s2)cn1,CCNCc1cc(Nc2ccnc3cc(Cl)ccc23)ccc1O,P10632,4.4776,4.699,=,=,IC50
COc1cccc(-c2ccc(CNC(=O)[C@@H]3C[C@H]3c3ccccc3)c3c2CCN(C(=O)NC(C)(C)CC(C)(C)C)C3)c1,O=C(N[C@@H]1CCS(=O)(=O)C1)c1ccc2c(-c3c(F)cccc3F)nn(-c3ccc(F)cc3)c2c1,Q96PD7,6.301,7.6021,=,=,IC50
c1cc(N2CCC[C@]3(CCCCN3)C2)c2c(-c3nc[nH]n3)c[nH]c2n1,CN[C@H]1CCCN(c2ccnc3[nH]cc(-c4ccc(F)cn4)c23)C1,Q9Y5S2,8.6055,8.1302,=,=,Ki
Cc1c(OCc2cn(CCCCC(=O)Nc3ncc(-c4cc(C(F)F)nn4-c4c(Cl)cccc4Cl)s3)nn2)cccc1N1CCC(=O)NC1=O,CO[C@@H]1[C@H](NCCOCCOCCOCCNC(=O)CCC2=[N+]3C(=Cc4c(C)cc(C)n4[B-]3(F)F)C=C2)C[C@H]2O[C@]1(C)n1c3ccccc3c3c4c(c5c6ccccc6n2c5c31)C(=O)NC4,P53667,6.6038,8.2218,=,=,Kd
Cc1cc(/C=C/C=C/c2ccc(N(C)C)cc2)cc(C)[n+]1CCCCCCCNc1c(NCCCOc2cccc(CN3CCCCC3)c2)c(=O)c1=O.O=C(O)C(F)(F)F.O=C([O-])C(F)(F)F,COCCCC(=O)NCCN1CCC[C@@H]1Cn1nc(Cc2ccc(Cl)cc2)c2ccccc2c1=O.O=C(O)C(F)(F)F,P25021,7.19,5.1,=,=,Kd
CNC1=C(C(=N)C2CC2)C(=O)N(c2cc(C)c3nnc(C)n3c2)[C@@H]1c1ccc(Cl)cc1,COc1ncc(NC2=C(C(C)=N)C(=O)N(c3cc(C)c(=O)n(C)c3)C2c2ccc(Cl)cc2)cn1,P25440,7.9586,7.2007,=,=,IC50
CCCS(=O)(=O)N[C@@H](C(=O)N[C@@H](CCC(N)=O)C(=O)NCc1ccc(C(=N)N)cc1)[C@@H](C)O,CO[C@H](COS(=O)(=O)[O-])C(=O)N[C@H](CC(C)C)C(=O)N1[C@H](C(=O)NCCC2=CC[N+](=C(N)N)C2)C[C@@H]2C[C@H](O)[C@@H](O)C[C@@H]21,P08709,6.7033,6.9626,=,=,Ki
N=C(N)NCCCC[C@@H](NS(=O)(=O)Cc1ccccc1)C(=O)N1CCC[C@H]1C(=O)NCc1ccc(C(=N)N)cc1,N=C(N)c1ccc(CNC(=O)[C@@H]2CCCN2C(=O)[C@@H](CCC(=O)N2CCN(c3ncccn3)CC2)NS(=O)(=O)Cc2ccccc2)cc1,O60235,7.8861,7.7696,=,=,Ki
CCCS(=O)(=O)Nc1ccc(F)c(C(=O)c2n[nH]c3ncc(-c4ccccc4F)cc23)c1F,NS(=O)(=O)c1ccc(-c2cnc3[nH]nc(C(=O)c4c(F)ccc(NS(=O)(=O)Cc5ccccc5)c4F)c3c2)cc1,P45985,6.0,6.301,=,=,IC50
O=C(CN1C(=O)CC2(CCCCC2)CC1=O)N1CCC(N2N=C(c3ccc(OC(F)F)c(OC(F)F)c3)[C@H]3CC=CC[C@H]3C2=O)CC1,COc1ccc(C2=NN(C3CCN(C(=O)CN4C(=O)CC(C)C4=O)CC3)C(=O)[C@@H]3CC=CC[C@H]23)cc1OC,Q08499,8.7899,9.7701,=,=,Ki
CN1C(=O)[C@@H](N2CCc3cn(CC4CCS(=O)(=O)CC4)nc3C2=O)COc2ccccc21,CCc1cc(Nc2nccc(-c3c(-c4ccc(OC)c(C(=O)Nc5c(F)cccc5F)c4)nc4ccccn34)n2)c(OC)cc1N1CCC(N2CCN(S(C)(=O)=O)CC2)CC1,P14616,6.0,6.3116,=,=,IC50
Nc1nc2c(ncn2C[C@@H](CO)n2cc(P(=O)(O)O)nn2)c(=O)[nH]1,O=C(CCP(=O)([O-])[O-])N1CC(OC[C@@H](O)P(=O)([O-])[O-])[C@H](n2cnc3c(=O)[nH]cnc32)C1.[Na+].[Na+].[Na+].[Na+],P00492,6.3979,8.8861,=,=,Ki
NC(=O)c1ccc2[nH]c(-c3ccc(Oc4ccc(Cl)cc4)cc3)nc2c1,CC(C)(C)Nc1c(Nc2ccnc(Nc3ccc(-c4ccncc4)cc3)n2)c(=O)c1=O,O96017,7.4318,7.0555,=,=,Ki
Cc1nc(-c2ccc(-c3cccc4ccccc34)cc2)co1,CCS(=O)(=O)Oc1ccc(NC(=O)C2CCCCC2)cc1,O14638,6.8239,6.433,=,=,IC50
O=C(O)CCNc1nc(N2CCc3ccccc3CC2)cc(-n2nccn2)n1,Cc1sccc1-c1ccc2c(c1)OCC[C@H]2CNc1cnccc1C(=O)O,O15054,6.5686,5.2596,=,=,IC50
CSc1ccc(/C=C/C[C@H](C[C@H](N)C(=O)O)C(=O)O)cc1,O=C(O)Cn1c(=O)c(=O)[nH]c2cc([N+](=O)[O-])c(-n3ccc(CN4CCN(CCc5ccccc5)CC4)c3)cc21,Q13002,5.2201,5.8539,=,=,Ki
CC[N+](C)(CC)CCC(=O)Nc1ccc2c(c1)C(=O)c1cc(NC(=O)CC[N+](C)(CC)CC)ccc1-2.[I-].[I-],CC[n+]1c(-c2ccccc2)c2cc(N/N=N/c3ccc(C(=N)N)cc3)ccc2c2ccc(N)cc21,O14746,4.5952,1.74,=,=,IC50
CS(=O)(=O)c1cc(-c2ccccn2)cc(-c2nnc(-c3ccc(C(=O)N[C@@H](Cn4ccnc4)c4ccc(-c5ccc(F)cc5)cc4Cl)cc3)o2)c1,O=C(NC1(C(=O)N2CCC(O)CC2)CCCC1)c1cc2cc(Cl)ccc2[nH]1,Q16850,5.3565,4.0,=,=,IC50
Cc1ccc(C#N)c(S(=O)(=O)Nc2ccc(-c3nc(OCCC(N)=O)c4cn[nH]c4n3)cc2)c1,O=S(=O)(Nc1ccc(-c2nc(O)c3cn[nH]c3n2)cc1)c1ccccc1F,O00141,8.6021,4.8239,=,=,IC50
CNC(=O)c1ccc(N2CCN(Cc3cc4c5c(cnn5C(C)C(=O)N4)c3)CC2)cn1,NC(=O)c1cccc2[nH]c(C(=O)N3CCC(N)C3)nc12,Q9UGN5,3.8097,7.3188,=,=,IC50
CC[C@H](C)[C@@H]1NC(=O)[C@@H]2CSSC[C@H](NC(=O)[C@H]([C@@H](C)CC)NC(=O)[C@@H]3CCCN3C(=O)[C@@H]3CCCN3C(=O)[C@H](CCCCN)NC(=O)[C@H](CO)NC(=O)[C@H](CCCNC(=N)N)NC1=O)C(=O)N[C@@H](CC(N)=O)C(=O)N1CCC[C@H]1C(=O)N[C@@H](CC(N)=O)C(=O)NCC(=O)N[C@@H](Cc1c[nH]c3ccccc13)C(=O)N2,CSc1ccccc1-c1nc2cc3c(cc2c(=O)o1)OCCCO3,Q9P0G3,8.1549,5.8239,=,=,Ki
CCOC(=O)[C@@H]1CN(CCn2c(=O)[nH]c3ccccc3c2=O)CC[C@@H]1c1ccc(-c2ccccc2)cc1,COc1cc2c(cc1OCCCF)CCN1C[C@@H](CC3CCC3)N(C)CC21,Q05940,5.4237,6.585,=,=,Ki
Cc1c(C(=O)CN2C3CCC2CC(O)C3)c2ccc(CCS(=O)(=O)C3CC3)cc2n1-c1ccc(Cl)cc1,Cc1c(C(=O)CN2CCCCC2)c2ccc(CCC(N)=O)cc2n1-c1ccc(C#N)cc1,P54578,7.1249,6.2596,=,=,IC50
Nc1c(/N=N/c2ccc(SSc3ccc(/N=N/c4cc(S(=O)(=O)O)c5ccccc5c4N)cc3)cc2)cc(S(=O)(=O)O)c2ccccc12,Nc1c(/N=N/c2ccc(I)cc2)cc(S(=O)(=O)[O-])c2ccccc12.[Na+],Q9UPY5,5.3665,4.8539,=,=,IC50
CCN(CC)c1ccc2c(-c3ccc(S(=O)(=O)NCCCCCCCCCCCCNC(=O)NCCCC[C@H](NC(=O)Cc4csc(=N)n4C)C(=O)N[C@@H](Cc4cn(Cc5ccccc5)c[n+]4C)C(=O)NC4CCN(C)CC4)cc3S(=O)(=O)[O-])c3ccc(=[N+](CC)CC)cc-3oc2c1,CSCC[C@H](NC(=O)[C@H](CS)NC(=O)[C@H](CCCNC(=N)N)NC(=O)[C@H](CCCNC(=N)N)NC(=O)[C@H]1CCC(=O)N1)C(=O)N1CCC[C@H]1C(=O)N[C@@H](CC(C)C)C(=O)N[C@@H](Cc1c[nH]cn1)C(=O)N[C@@H](CO)C(=O)N[C@@H](CCCNC(=N)N)C(=O)N[C@H](C(=O)N1CCC[C@H]1C(=O)N[C@@H](Cc1ccccc1)C(=O)N1CCC[C@H]1C(N)=O)C(C)C,P35414,6.1612,8.2549,=,=,Ki
CCc1c(-c2csc(N3CCNCC3C(=O)NCCCCO)n2)[nH]c(C)c1C(C)=O,CCc1c(-c2csc(-c3cnc[nH]3)n2)[nH]c(C)c1C(C)=O,Q9UIF9,4.5045,4.2628,=,=,IC50
O=C(NO)[C@H](NS(=O)(=O)c1ccc(-c2ccc(N3CCOCC3)cc2)cc1)C1CCN(C(=O)c2ccccc2)CC1,O=C(NO)[C@H](NS(=O)(=O)c1ccc(-c2ccc(C(F)(F)F)cc2)cc1)C1CCN(C(=O)c2ccccc2)CC1,Q9UNA0,4.9586,6.9586,=,=,Ki
Nc1nnc(S(N)(=O)=O)s1,O=C(O)/C=C/c1ccc(O)c(O)c1,Q9Y2D0,5.6676,5.0419,=,=,Ki
CS(=O)(=O)c1cccc(N2CCN(Cc3ccc(C(F)(F)F)c(F)c3)[C@@H](c3ccccc3)C2)c1,CC(C)[C@H]1CN(c2ccc(CCO)c(S(C)(=O)=O)c2)CCN1C[C@H]1CCN(CC(F)(F)F)C1,P55055,7.2366,6.382,=,=,Ki
O=C(NC1CCCC1)N1CCC(c2cccc([C@H](Cc3ccccc3)c3ccc(-c4cc(Cl)ccc4-n4cnnn4)c[n+]3[O-])c2)CC1,CCC(C(=O)Nc1ccc2nccn2c1)n1cc(OC)c(-c2cc(Cl)ccc2C#N)cc1=O,P03951,7.6968,7.1871,=,=,IC50
COc1ccccc1CC[C@@H]1CCc2cc([C@@H]3CC[C@](N)(COP(=O)(O)O)C3)ccc2C1,COCCCCCC1CCc2cc([C@H]3CC[C@](N)(COP(=O)(O)O)C3)ccc2C1,O95470,6.7375,8.7696,=,=,IC50
Cc1cc(Nc2cc(N3CCN(N)CC3)nc(Sc3ccc(NC(=O)C4CC4)cc3)n2)n[nH]1,COc1ccc2c(c1)[C@]1(C[C@H]1c1ccc3c(/C=C/c4ccc(CN5C[C@@H](C)O[C@@H](C)C5)cc4)n[nH]c3c1)C(=O)N2,O00444,8.1158,9.585,=,=,Ki
CN(C)C(=O)[C@@H](c1ccc(-c2ccc3ncnn3c2)cc1)[C@H](N)C(=O)N1CCC(F)(F)C1.O=C(O)C(F)(F)F,CC(C)C[C@H](N)C(=O)N1CCC[C@H]1B(O)O,Q9UHL4,4.2147,7.5,=,=,IC50
CNCCN1CCC(c2cc(C)c3[nH]c(-c4ccccc4)nc3c2)CC1,CNCCN1CCC(c2cc(C)c3[nH]c(-c4c(OC)cccc4OC)nc3c2)CC1,Q86X55,8.3372,10.1549,=,=,IC50
O=C(NCC1OC(n2ccc(=O)[nH]c2=O)CC1O)c1ccccc1,O=c1ccn([C@H]2C[C@H](O)[C@@H](CNC(c3ccccc3)(c3ccccc3)c3ccccc3)O2)c(=O)[nH]1,P33316,3.3288,4.3372,=,=,Ki
CCCCCCCCCCOP(=O)(O)O,O=C(O)c1ccc2c(c1)C(=O)N(c1cccc(Oc3ccc([N+](=O)[O-])cc3)c1)C2=O,Q9UBY5,6.9172,6.6383,=,=,Ki
CC(=O)NC[C@H](O)[C@H](O)[C@@H]1OC(C(=O)O)=C[C@H](O)[C@H]1NC(C)=O,CC(=O)N[C@H]1[C@H]([C@H](O)[C@H](O)CO)OC(C(=O)O)=C[C@@H]1N=[N+]=[N-],Q99519,4.2366,3.4437,=,=,IC50
N#Cc1ccc(Cn2ncc(NC(=O)Cc3ccc(OCC4CC(F)(F)C4)cc3)n2)cc1,Fc1ccc(NC(=S)N2N=C(c3ccc(Br)cc3)CC2c2ccc(F)cc2)cc1,O95180,7.6198,6.5513,=,=,IC50
CS(=O)(=O)N1CCc2c(c(-c3ccc(Br)cc3)nn2CC(O)CN2CCC(N3C(=O)OCc4ccccc43)CC2)C1,CS(=O)(=O)N1CCc2c(c(-c3ccc(Cl)c(C#Cc4ccccc4Cl)c3)nn2CCCN2CCOCC2)C1,P25774,6.8761,6.1427,=,=,IC50
Cc1nc(SCc2cccc(C(=O)O)c2)[nH]c(=O)c1C#N,N#Cc1c(-c2cccs2)nc(SCc2cccc(-c3noc(=O)[nH]3)c2)[nH]c1=O,Q8TDX5,5.7696,7.6021,=,=,IC50
CC1(C)CCC[C@]2(C)[C@@H]([C@@H](O)c3ccccc3)[C@H]3CC[C@@H]2[C@H]31,Cc1ccc2c(c1)C(O)CCO2,O75795,4.6615,3.4565,=,=,Ki
C[C@@H]1CN(c2nc(=O)n(C)c3ccc(C#N)nc23)[C@@H](C)CN1C(c1ccc(Cl)cc1)c1ccc(Cl)cc1,CC[C@H]1CN(C(C)c2ccc(C(F)(F)F)cc2)[C@H](C)CN1c1nc(=O)n(C)c2ccc(C#N)nc12,P23743,6.0655,7.3495,=,=,IC50
Oc1cc(Br)c2oc(-c3ccc(O)c(C(F)(F)F)c3F)nc2c1,O/N=C/c1ccc(-c2ccc(O)cc2)c2ccoc12,Q92731,6.7799,8.0,=,=,IC50
Cn1c(=O)c(Nc2ccc(C(=O)NCc3cccs3)cc2)nc2cccnc21,O=C(N[C@H]1Cc2ccccc2NC1=O)c1cc2cc(Cl)ccc2[nH]1,P11217,6.7212,7.4089,=,=,IC50
CNc1nccc2c(Br)cc3cc(C(=O)[O-])ccc3c12.[Na+],c1ccc(-c2coc3ccc(-c4cn[nH]c4)nc23)cc1,Q9H2X6,6.0,7.3768,=,=,IC50
O=S(=O)([O-])OC[C@H]1O[C@H](O[C@@H]2[C@H](OS(=O)(=O)[O-])[C@@H](O[C@@H]3C(OS(=O)(=O)[O-])O[C@H](COS(=O)(=O)[O-])[C@@H](OS(=O)(=O)[O-])[C@@H]3OS(=O)(=O)[O-])O[C@H](COS(=O)(=O)[O-])[C@H]2OS(=O)(=O)[O-])[C@@H](OS(=O)(=O)[O-])[C@@H](O[C@H]2O[C@H](COS(=O)(=O)[O-])[C@@H](OS(=O)(=O)[O-])[C@H](OS(=O)(=O)[O-])[C@@H]2OS(=O)(=O)[O-])[C@@H]1OS(=O)(=O)[O-].[Na+].[Na+].[Na+].[Na+].[Na+].[Na+].[Na+].[Na+].[Na+].[Na+].[Na+].[Na+].[Na+].[Na+],O=C([C@H]1O[C@H](O[C@@H]2[C@@H](OCc3ccc4ccccc4c3)[C@H](O[C@H]3O[C@H](CNS(=O)(=O)[O-])[C@@H](OCc4ccc5ccccc5c4)C[C@H]3NS(=O)(=O)[O-])[C@@H](NS(=O)(=O)[O-])C[C@H]2NS(=O)(=O)[O-])[C@H](OCc2ccc3ccccc3c2)[C@@H](NS(=O)(=O)[O-])[C@@H]1OCc1ccc2ccccc2c1)N1CCc2ccccc21.[Na+].[Na+].[Na+].[Na+].[Na+],Q9Y251,6.0969,6.4559,=,=,IC50
COc1ccc2c(c1)cc(-c1cc(N3CCOCC3)nc3c(-c4ccn[nH]4)nccc13)n2C(=O)OC(C)(C)C,Cc1ncc(-c2cc(N3CCOC[C@H]3C)nc3c(-c4ccnn4C4CCCCO4)nccc23)s1,Q13535,5.4034,7.9586,=,=,IC50
CC[C@H](C)[C@@H]1NC(=O)CNC(=O)[C@H](CCCNC(=N)N)NC(=O)CNC(=O)[C@H]([C@@H](C)O)NC(=O)[C@@H](NC(=O)[C@H](Cc2c[nH]c3ccccc23)NC(=O)[C@H](C)NC(=O)[C@@H]2CCCN2C(=O)[C@H](CC(N)=O)NC(=O)[C@@H](NC(=O)[C@H](CC(=O)O)NC(=O)[C@@H]2CCCN2C(=O)[C@@H](N)[C@@H](C)O)[C@@H](C)CC)CSCC(=O)NCCCCNC(=O)CSC[C@@H](C(=O)N[C@H](C(=O)NCC(=O)N[C@@H](CCCNC(=N)N)C(=O)N[C@@H](Cc2ccccc2)C(N)=O)C(C)C)NC(=O)[C@H](CCCNC(=N)N)NC1=O,CC[C@H](C)[C@H](NC(=O)CNC(=O)[C@H](CCCNC(=N)N)NC(=O)CNC(=O)[C@@H](NC(=O)[C@@H]1CSCC(=O)N[C@@H](C(=O)NCCOCCOCCOCCNC(=O)CCCCCCCCCCCCCCCCC(=O)O)CCCNC(=O)CSC[C@H](NC(=O)[C@@H](NC(=O)[C@H](CCCNC(=N)N)NC(=O)[C@@H](NC(=O)[C@H](CCC(=O)O)NC(=O)[C@H](CCSC)NC(=O)[C@H](CO)NC(=O)[C@H](Cc2cnc[nH]2)NC(=O)[C@H](CCC(N)=O)NC(=O)[C@H](Cc2cnc[nH]2)NC(=O)[C@H](C)NC(=O)[C@H](CCCNC(=N)N)NC(=O)[C@@H](N)CO)[C@@H](C)O)[C@@H](C)O)C(=O)N[C@@H](CC(=O)O)C(=O)N[C@@H]([C@@H](C)CC)C(=O)N[C@@H](CC(N)=O)C(=O)N2CCC[C@H]2C(=O)N[C@@H](C)C(=O)N[C@@H](Cc2c[nH]c3ccccc23)C(=O)N1)[C@@H](C)O)C(=O)N[C@@H](CCCNC(=N)N)C(=O)N1CCC[C@H]1C(=O)N[C@H](C(=O)NCC(=O)N[C@@H](CCCNC(=N)N)C(=O)N[C@@H](Cc1ccccc1)C(N)=O)C(C)C,P49683,6.7959,6.2007,=,=,EC50
CNC(=O)c1cc(Oc2ccc(NC(=O)Nc3ccc(Cl)c(C(F)(F)F)c3)cc2)ccn1,CO[C@@H]1[C@H](NCCOCCOCCOCCNC(=O)CCC2=[N+]3C(=Cc4c(C)cc(C)n4[B-]3(F)F)C=C2)C[C@H]2O[C@]1(C)n1c3ccccc3c3c4c(c5c6ccccc6n2c5c31)C(=O)NC4,P06239,5.5686,7.0269,=,=,Kd
CC(=O)N(C)c1ccc(-c2nnn(C)c2NC(=O)O[C@H](C)c2ccccc2Cl)cc1,CCCCCCCCCCCCCCCCCC(=O)OC(COC)COP([O-])(O)=S.[Na+],Q92633,5.1233,7.9119,=,=,EC50
CCCn1cc(C(=O)c2ccc(I)c3ccccc23)c2ccccc21,CCCCCc1cc(OC)cc(OCCCCCCCCCCC(=O)NCC2CC2)c1,P34972,8.1805,7.9872,=,=,Ki
COC(=O)c1cccc(Cc2cn(C)nc2-c2cc(Cl)nc(N)n2)c1,Cc1c(Cc2cccs2)c(-c2cc(Cl)nc(N)n2)nn1C,Q96PN6,6.3605,7.0611,=,=,IC50
Cc1ccc2cccc(NS(=O)(=O)c3ccccc3)c2n1,O=c1c(O)c(-c2ccc(O)cc2)oc2cc(O)cc(O)c12,Q04760,4.8386,4.6861,=,=,IC50
CN(C)CCCN1CCN(C(=O)C[C@@H](NS(=O)(=O)Cc2ccccc2)C(=O)N2CCC[C@H]2C(=O)NCc2ccc(C(=N)N)cc2)CC1,N=C(N)NCCC[C@H](NCc1ccc(C(=N)N)cc1)C(=O)[C@@H](CCCNC(=N)N)NS(=O)(=O)Cc1ccccc1,O60235,6.8268,6.3401,=,=,Ki
C#CCN1C[C@H](C(=O)NO)[C@H](NC(=O)c2ccc(OCc3cc(C)nc4ccccc34)cc2)C1,O=C(NO)C(CNS(=O)(=O)c1ccc(Br)cc1)NS(=O)(=O)c1ccc(Br)cc1,P09237,8.2218,5.2596,=,=,Ki
Cc1c2c(=O)n(-c3ccccc3)[nH]c2cc(=O)n1Cc1ccco1,Cl.O=c1c2c3n(c(=O)cc2[nH]n1-c1ccccc1Cl)CCN(Cc1ccccc1)C3,Q9NPH5,5.0227,6.8477,=,=,Ki
Cc1ccc([C@@H](C)NC(=O)c2cc(OC3CCN(CC(F)F)CC3)cc(-c3ncc(C)s3)c2)nn1,Cc1cnc(-c2cc(OC3CCNCC3)cc(C(=O)N[C@H](C)c3cnc(C(F)(F)F)nc3)c2)s1,Q9UBL9,7.3565,6.2526,=,=,IC50
CC(C)C[C@H](NC(=O)CNC(=O)[C@H](Cc1ccccc1)NC(=O)[C@H](CO)NC(=O)[C@H](CC(N)=O)NC(=O)[C@H](Cc1c[nH]c2ccccc12)NC(=O)[C@H](CC(N)=O)NC(=O)[C@H](Cc1ccc(O)cc1)NC(=O)[C@H](CC(N)=O)NC(=O)[C@@H]1CCCN1C(=O)[C@@H](N)CC(C)C)C(=O)N[C@@H](CCCNC(=N)N)C(=O)N[C@@H](Cc1cccnc1)C(N)=O,CC(C)C[C@H](NC(=O)CNC(=O)[C@H](Cc1ccccc1)NC(=O)[C@H](CO)NC(=O)[C@H](CC(N)=O)NC(=O)[C@H](Cc1c[nH]c2ccccc12)NC(=O)[C@H](CC(N)=O)NC(=O)[C@@H](N)Cc1ccc(O)cc1)C(=O)N[C@H](CCCNC(=N)N)C(=O)N[C@@H](Cc1ccccc1)C(N)=O,Q969F8,6.9876,7.1192,=,=,EC50
Cc1cn([C@@H]2O[C@H](CO)[C@@H](O)[C@@H]2OCc2ccccc2)c(=O)[nH]c1=O,Cc1cn(CCCCCCCCOC(c2ccccc2)(c2ccccc2)c2ccccc2)c(=O)[nH]c1=O,O00142,3.0964,4.3468,=,=,IC50
CN1CCN(CCCN2c3ccccc3Sc3ccc(Cl)cc32)CC1,Oc1c(Cl)cc(Cl)cc1Sc1cc(Cl)cc(Cl)c1O,P18825,7.0862,5.3573,=,=,IC50
FC(F)Oc1ccccc1-c1cc(-c2ccc(NCc3cccnc3)cc2)no1,CN(C)CCCOc1ccc(-n2ccnc2)cc1,P05177,5.4815,5.4685,=,=,IC50
COc1ccc2c(Oc3cnc(NC(=O)c4c(C)n(C)n(-c5ccccc5)c4=O)nc3)ccnc2c1,COc1ccc2c(Oc3ccc(NC(=O)c4c(CN5CCCC5)n(C)n(-c5ccccc5)c4=O)nc3)ccnc2c1,P08069,6.6635,6.0521,=,=,Ki
CO[C@@H]1[C@H](NCCOCCOCCOCCNC(=O)CCC2=[N+]3C(=Cc4c(C)cc(C)n4[B-]3(F)F)C=C2)C[C@H]2O[C@]1(C)n1c3ccccc3c3c4c(c5c6ccccc6n2c5c31)C(=O)NC4,CO[C@@H]1[C@H](N(C)C(=O)c2ccccc2)C[C@H]2O[C@]1(C)n1c3ccccc3c3c4c(c5c6ccccc6n2c5c31)C(=O)NC4,Q16816,9.0,6.0458,=,=,Kd
NCCCC[C@@H]1NC(=O)[C@H](CCCN=C(N)N)NC(=O)[C@H](Cc2ccc(O)cc2)NC(=O)[C@@H](NC(=O)[C@H](Cc2ccc3ccccc3c2)NC(=O)[C@H](CCCN=C(N)N)NC(=O)[C@@H](N)CCCN=C(N)N)CSSC[C@@H](C(=O)N[C@@H](CCCN=C(N)N)C(=O)O)NC(=O)[C@H](CCCNC(N)=O)NC(=O)[C@H](CCCN=C(N)N)NC(=O)[C@H](Cc2ccc(O)cc2)NC(=O)[C@@H]2CCCN2C(=O)[C@@H](CCCCN)NC1=O,NCCCC[C@@H]1NC(=O)[C@H](CCCN=C(N)N)NC(=O)[C@H](Cc2ccc(O)cc2)NC(=O)[C@@H](NC(=O)[C@H](Cc2ccc3ccccc3c2)NC(=O)[C@H](CCCN=C(N)N)NC(=O)[C@@H](N)CCCN=C(N)N)CSSC[C@@H](C(=O)N[C@@H](CCCN=C(N)N)C(=O)O)NC(=O)[C@H](CCCNC(N)=O)NC(=O)[C@H](CCCNC(N)=O)NC(=O)[C@H](Cc2ccc(O)cc2)NC(=O)[C@@H]2CCCN2C(=O)[C@@H](CCCCN)NC1=O,P61073,8.4815,7.8239,=,=,EC50
CC(C)Oc1ncc2cc(-c3ccc4nc5n(c4c3)CCN(C)C5)c(=O)n(-c3ccc(OC(F)F)cc3)c2n1,Cc1[nH]c2c(-c3ccccc3)c(-c3ccccc3)nn2c(=O)c1-c1ccc2nccnc2c1,P31153,7.5686,7.0,=,=,IC50
CC1(C)CCc2ccc(/C=C/c3cccc([C@@H](CCc4ccccc4C(C)(C)O)SCC4(CC(=O)O)CC4)c3)nc2C1,CC1(C)Cc2ccc(/C=C/c3cccc([C@@H](CCc4ccccc4C(C)(C)O)SCC4(CC(=O)O)CC4)c3)nc2C1,Q9Y271,9.3768,9.3602,=,=,IC50
CC(C)(CO)CNCc1cccc(-c2ccc(C(F)(F)F)cc2)n1,CC(C)[C@H](CO)NCc1nc(-c2cc(C(F)(F)F)nn2C)ccc1F,Q8NET8,5.585,6.1024,=,=,IC50
CC(C)C[C@H](NC(=O)[C@H](CCCNN)NC(=O)[C@H](CO)NC(=O)[C@@H](CCCNC(=N)N)NC(=O)[C@H]1CCCN1)C(=O)N[C@H](C(=O)N[C@@H](CCCNC(=N)N)C(=O)N[C@@H](CCCCNC(=O)[C@@H](CCCNC(=N)N)NC(=O)[C@@H](CCCNC(=N)N)NC(=O)[C@@H](CCCNC(=N)N)NC(=O)[C@@H](CCCNC(=N)N)NC(=O)[C@@H](CCCNC(=N)N)NC(=O)[C@@H](CCCNC(=N)N)NC(=O)[C@@H](CCCNC(=N)N)NC(=O)[C@@H](N)CCCNC(=N)N)C(=O)N1CCC[C@H]1C(=O)N[C@@H](CO)C(=O)N[C@@H](CC(=O)O)C(=O)N1CCC[C@H]1C(=O)N[C@@H](CC(N)=O)C(=O)N[C@@H](CCCNC(=N)N)C(=O)N[C@@H](CCCCN)C(=O)N1CCC[C@H]1C(=O)N[C@H](CC(N)=O)C(=O)N[C@@H](Cc1ccc(O)cc1)C(=O)N[C@@H](CO)C(=O)N[C@@H](CCC(N)=O)C(N)=O)C(C)C,CN1CCN(c2ccc(C(=O)Nc3ccc([C@@H]4C[C@H]4N)cc3)cc2NC(=O)OCc2ccccc2)CC1.Cl.Cl,Q8NB78,4.8794,5.3665,=,=,IC50
CNS(=O)(=O)c1ccc(N2CCOCC2)c(Nc2ncnc3[nH]cc(Br)c23)c1,CNc1cc(Oc2ccc(NC(=O)Nc3cccc(C(F)(F)F)c3)cc2F)ncn1,Q59H18,8.2007,7.6021,=,=,IC50
Cc1c(O)c(O)c(O)c2c1COC2=O,CNC(=O)c1nn(C)c2c1C(C)(C)Cc1cnc(Nc3ccc(N4CCN(C)CC4)cc3)nc1-2,Q9HC98,4.8665,5.9727,=,=,IC50
COc1ccc(NC(=O)O[C@@H]2CCC[C@@H]2Oc2cc3sc(-c4cc(C)cc5nc(OC)cnc45)nc3cc2F)cc1,CCOc1nn2cc(-c3cc4c(OCc5cccc(OCc6ccccc6)c5)cc(OC)cc4o3)nc2s1,Q96RI0,8.8861,8.6459,=,=,IC50
N=C(N)NCCC[C@@H](NC(=O)[C@@H](CCCNC(=N)N)NC(=O)[C@@H](CCCNC(=N)N)NC(=O)[C@@H](CCCNC(=N)N)NC(=O)CCCCCNC(=O)[C@@H](CCCCN)NC(=O)CCCCCNC(=O)[C@H]1O[C@@H](n2cnc3c(N)ncnc32)[C@H](O)[C@@H]1O)C(N)=O,Nc1ncnc2c1ncn2[C@@H]1O[C@H](C(=O)NCCCCCC(=O)NCc2ccccc2)[C@@H](O)[C@H]1O,P17612,9.301,4.8697,=,=,Kd
O=S(=O)(Nc1cc(Cl)c(Cl)cc1Cn1ccnn1)c1ccc(Cl)c(Cl)c1,I.N#CC(CCCN1CCC(O)(c2ccc(Cl)cc2)CC1)c1ccc2ccccc2c1,P32246,6.5,6.6861,=,=,Ki
CN(c1ccc(-n2ccnc2)cc1)c1ccc2c(c1)OCC[C@H]2CNc1cnccc1C(=O)O,CCCCCCCCCSc1ncc(C(=O)O)c(=O)[nH]1,O15054,5.2596,4.1733,=,=,IC50
CSc1ccccc1NC1=C(c2ccccc2Cl)C(=O)NC1=O,COc1cccc(C2=C(Nc3ccc(SC)cc3)C(=O)NC2=O)c1,Q9H2G2,5.5376,6.3979,=,=,Ki
CCCCCCCCCN(N)C1CCN(S(=O)(=O)c2cccc3cnccc23)CC1,O=S(=O)(c1cccc2cnccc12)N1CCCNCC1,O75116,6.0969,7.1079,=,=,Kd
CCOC(=O)c1cc(CCn2cnc3c2NC=NCC3O)c2c(c1OC)CCCC2,O=C(O)c1cc(CCn2cnc3c2NC=NCC3O)c2c(c1OCc1ccccc1)CCCC2,Q01432,5.6383,8.0458,=,=,Ki
O=C(Nc1cccc(C(F)(F)F)c1)c1cc(Cl)ccc1O,O=C(Nc1cc(Br)cc(C(F)(F)F)c1)c1cc(Cl)ccc1O,Q9NRS4,4.8861,4.9208,=,=,IC50
CCCCS(=O)(=O)NC(=O)[C@@H](NC(=O)[C@H](Cc1ccc(-c2ccno2)cc1)N(C)C(=O)c1cc(C)cc(C)c1)C(C)C,CCCN1c2ccccc2C(=O)N(CC(=O)O)c2cc(Cc3c[nH]c4ccccc34)ccc21,P25101,5.1675,4.3872,=,=,Ki
CO[C@@H]1[C@H](NCCOCCOCCOCCNC(=O)CCC2=[N+]3C(=Cc4c(C)cc(C)n4[B-]3(F)F)C=C2)C[C@H]2O[C@]1(C)n1c3ccccc3c3c4c(c5c6ccccc6n2c5c31)C(=O)NC4,CCOc1cc2ncc(C#N)c(Nc3ccc(F)c(Cl)c3)c2cc1NC(=O)/C=C/CN(C)C,Q9H093,8.0,5.5686,=,=,Kd
CNC(=O)[C@@H](NC(=O)C(CCCc1ccccc1)[C@H](C)N(O)C=O)C(C)(C)C,O=C(NO)[C@H]1CC(CC(=O)N2CCCCC2)CC[C@@H]1C(=O)N1CCN(c2ccccc2)CC1,O14672,8.2757,7.2366,=,=,IC50
O=C(Cc1ccc2ncccc2c1)Nc1ccc(-n2nc(C3CC3)cc2C2CC2)cc1,Cc1cccc(C2=NN(C(=O)Cc3ccccc3Cl)C(O)(C(F)(F)F)C2)c1,Q96D31,6.8336,4.3768,=,=,IC50
CCCCCCc1cn(C[C@@H](O)[C@@H](O)[C@@H]2OC(C(=O)O)=C[C@H](O)[C@H]2NC(C)=O)nn1,CC(=O)N[C@H]1[C@H]([C@H](O)[C@H](O)CO)OC(C(=O)O)=C[C@@H]1NC(=N)N,Q9UQ49,4.6383,5.2827,=,=,IC50
COc1cc(OC)c2nnc3c(c(-c4ccccc4Cl)nn3C)c2c1,Cc1cnc2c(C(=O)NC3(c4ccc(C(F)(F)F)cn4)CCOCC3)cnn2c1,O00408,4.8894,6.1226,=,=,IC50
Cc1oc(-c2ccccc2Cl)nc1Cn1cccc1C1=NC(c2ccccc2)CO1,CCNC(=O)C[C@@H]1N=C(c2ccc(Cl)cc2)c2cc(OC)ccc2-n2c(C)nnc21,Q92835,4.3316,5.3645,=,=,IC50
Cc1ccc(-n2nc(C(C)(C)C)cc2NC(=O)Nc2ccc(OCCN3CCOCC3)c3ccccc23)cc1,CCOc1cc2ncc(C#N)c(Nc3ccc(F)c(Cl)c3)c2cc1NC(=O)/C=C/CN(C)C,P35590,8.0809,6.0,=,=,Kd
COc1cc(CN(C)C(=O)c2c(OCCCC3CCN(C(=O)OC4(C)CC4)CC3)c3cccnc3n(C)c2=O)cc(OC)c1,O=C(COc1ccc(S(=O)(=O)NCCc2ccccc2)cc1)Nc1ccccc1,Q86VZ5,4.7447,4.8327,=,=,IC50
Cc1c(Nc2c(CO)nc3c(-c4c[nH]cn4)cc(N4CCOC(CO)C4)nn23)cccc1C(F)(F)F,Cc1nc2c(N)cc(N3CCOCC3)nn2c1Nc1cccc(C(F)(F)F)c1CN1CC2(CCS2(=O)=O)C1,O00750,8.7212,8.301,=,=,Kd
CON(C)C(=O)[C@@H](c1ccc(-c2ccc(F)cc2)cc1)[C@H](N)C(=O)N1CC[C@H](F)C1.O=C(O)C(F)(F)F,N[C@@H](CCC(=O)O)C(=O)N1C[C@@H](O)C[C@H]1B(O)O,Q6V1X1,4.5686,7.2676,=,=,IC50
COC(=O)[C@H](CO)NC(=O)[C@H](CCCCNC(N(C)C)=[N+](C)C)NC(=O)[C@H](CC(C)C)NC(=O)[C@H](C)NC(=O)[C@H](Cc1ccccc1)NC(=O)CNC(=O)c1ccccc1,COC(=O)[C@H](CO)NC(=O)[C@H](CCCC[N+](C)(C)C)NC(=O)[C@H](CC(C)C)NC(=O)[C@H](C)NC(=O)[C@H](Cc1ccccc1)NC(=O)c1ccccc1,Q8N8U2,5.6021,6.2441,=,=,IC50
Cc1nc(-n2nc(Nc3ccc(OCCN4CCCC4)cc3)nc2N)c2ccccc2n1,Cn1cc(-c2cnc(N)c(C(=O)N[C@H]3CCC[C@@H]3OCc3ccc(-c4ccc(S(=O)(=O)C5CCN(CCO)CC5)cc4)cc3)c2)cn1,P30530,7.4949,6.1057,=,=,IC50
CN1C(=O)[C@@H](N2CCc3cn(CC4CCS(=O)(=O)CC4)nc3C2=O)COc2ccccc21,Cc1ccc(-n2nc(C(C)(C)C)cc2NC(=O)Nc2ccc(OCCN3CCOCC3)c3ccccc23)cc1,P54764,6.0,7.1549,=,=,IC50
Cc1c(Cc2c(CN(C)CCS(C)(=O)=O)nc3c(N)cc(N4CCOCC4)nn23)cccc1C(F)(F)F,Cc1c(F)cccc1Cc1c(CO)nc2c(N)cc(N3CCOCC3)nn12,O00750,8.6198,8.5686,=,=,Kd
COc1cc(C)c(S(=O)(=O)N[C@@H](Cc2ccccc2)C(=O)N(C)CCCN2CCN(C)CC2)c(C)c1C,COc1ccc(S(=O)(=O)N(Cc2csc(-c3ccc(CNCc4ccoc4)cc3)n2)C2CCCC2)cc1,P47901,6.0,6.4,=,=,Ki
CO[C@@H]1[C@H](NCCOCCOCCOCCNC(=O)CCC2=[N+]3C(=Cc4c(C)cc(C)n4[B-]3(F)F)C=C2)C[C@H]2O[C@]1(C)n1c3ccccc3c3c4c(c5c6ccccc6n2c5c31)C(=O)NC4,CN1CC[C@H](c2c(O)cc(O)c3c(=O)cc(-c4ccccc4Cl)oc23)[C@H](O)C1,Q7L7X3,7.6021,6.1707,=,=,Kd
c1ccc2c(Nc3cc(C4CCC4)[nH]n3)nc(Nc3ccc4[nH]cnc4c3)nc2c1,CN1C(=O)[C@@H](N2CCc3cn(CC4CCS(=O)(=O)CC4)nc3C2=O)COc2ccccc21,Q8IYT8,7.8861,6.0,=,=,IC50
COC(=O)c1cccc(S(=O)(=O)c2ccc(CN)s2)c1,NCc1ccc(S(=O)(=O)c2cccc(S(=O)(=O)N3CCC[C@H]3CNS(=O)(=O)c3ccccc3)c2)s1,P28300,5.6198,5.7696,=,=,IC50
CN(C)c1ccc(Nc2c3cc(NC(=O)CCN4CCCC4)ccc3nc3ccc(NC(=O)CCN4CCCC4)cc23)cc1,O=C(CCN1CCCC1)Nc1ccc2c(Nc3ccc(NC(=O)CN4CCCC4)cc3)c3ccc(NC(=O)CCN4CCCC4)cc3nc2c1,O14746,6.301,6.7773,=,=,EC50
O=C(NCCNCCCNCCNC(=O)C(F)(F)F)C(F)(F)F,NCCCNCCCCNCCCNC(=O)Cc1cccc2ccccc12,P07451,4.0177,4.9355,=,=,Ki
CC(C)C(=O)N(CC1CCCO1)c1ncc(C(O)(C(F)(F)F)C(F)(F)F)s1,CC(C)C1N=C/C(=N/O)N1c1ccc(C(O)(C(F)(F)F)C(F)(F)F)cc1,O95822,5.8024,6.8191,=,=,IC50
Cc1oc(-c2ccccc2Cl)nc1Cn1cccc1C1=NC(c2ccccc2)CO1,Cl.O[C@H](c1cc(-c2ccccc2)nc2c1ccc1ccccc12)[C@@H]1CCCCN1,Q92835,4.3316,4.5229,=,=,IC50
Cc1cc2c(F)c(Oc3ncnn4cc(OC[C@@H](C)OC(=O)[C@H](C)N)c(C)c34)ccc2[nH]1,CC(C)(C)c1cc(NC(=O)Nc2ccc(-c3cn4c(n3)sc3cc(OCCN5CCOCC5)ccc34)cc2)no1,O95819,4.3355,5.6021,=,=,Kd
CNC(=O)CN(Cc1ccc(Cl)cc1)C(=O)C1(C)CCN1C(=O)Cc1cc(C)cc(C)c1,CC(C)[C@H](C(=O)Nc1ccncc1)c1ccc(Cl)cc1,O15552,6.3546,4.2518,=,=,IC50
COc1cc([C@H]2CN3CCN(C[C@H](O)c4ccc5c(c4C)COC5=O)C[C@@H]3CO2)ccc1C#N,Cc1c(C(O)CN(C)Cc2ccc(-c3ccc(C#N)c(F)c3)cc2)ccc2c1COC2=O,P48048,6.9586,7.3979,=,=,IC50
COc1c(F)cc(Cn2cc[nH]c2=S)cc1F,Cc1ccccc1Cn1cc[nH]c1=S,P09172,4.44,3.47,=,=,IC50
COc1ccc2oc(-c3cnc4ccc(OCCCS(C)(=O)=O)nn34)cc2c1,Cc1cc(Nc2ncnc3ccc(C(F)(F)F)cc23)c(=O)n2c1C(=O)NC21CCCCC1,Q9BUB5,8.301,7.3019,=,=,IC50
c1ccc(-c2[nH]c3ncnc(NC[C@@H]4CCCO4)c3c2-c2ccccc2)cc1,CN(C)CCOc1ccc(-c2oc3ncnc(NC[C@@H]4CCCCS4)c3c2-c2ccccc2)cc1,Q07912,8.2218,7.1612,=,=,Ki
CC(C)n1nc(-c2cc3cc(O)ccc3[nH]2)c2c(N)ncnc21,CN1CC[C@H](c2c(O)cc(O)c3c(=O)cc(-c4ccccc4Cl)oc23)[C@H](O)C1,P29317,6.2076,5.6021,=,=,Kd
NC1=NCC2c3ccccc3Cc3ccccc3N12,CCOC(=O)c1ccc(OC(=O)CCCCCNC(=N)N)cc1,Q96FL8,5.9586,6.301,=,=,IC50
CCCCCCCCCCCCNC(=O)NC1CCCCC1,O=C(Nc1ccc(OC(F)(F)F)c(F)c1)NC1CCN(C(=O)N2CCC(NC(=O)Nc3ccc(OC(F)(F)F)c(F)c3)CC2)CC1,P34913,8.1549,7.9957,=,=,Ki
CC(=O)N1CCN(c2ccc(Nc3nccc(-c4sc(N)nc4C)n3)cc2)CC1,Cc1nc(N)sc1-c1ccnc(Nc2ccc(O)cc2)n1,P11802,5.9038,6.4949,=,=,Ki
CC(=O)C1=C(O)C=C2Oc3c4c(c(C)c(O)c3[C@@]2(C)C1=O)O/C(=C\c1ccccc1)C4=O,N#C/C(=C\c1ccc(O)c(O)c1)C(N)=S,Q9NUW8,6.1427,4.9208,=,=,IC50
O=C(N[C@H]1CC[C@H](Cn2cc(Cl)c(CO)n2)CC1)c1cc(C(F)(F)F)ccc1Cl,CCCN(Cc1sc(Nc2c(Cl)cc(Cl)cc2Cl)nc1C(F)(F)F)CC1CC1,Q13324,5.3145,5.0,=,=,IC50
NCc1sc2cc(C#Cc3ccc4c(c3)CN(CC(F)F)CC4)ccc2c1Cl,c1cc2c(cc1-c1cnc3c(c1)CCN3)CCNC2,Q9UHC3,4.9914,4.7122,=,=,IC50
CC(C)(C)c1cc(NC(=O)Cc2ccc(-n3cnc4cc(-c5cn[nH]c5)ccc43)cc2)on1,Cc1cnc(Nc2ccc(N3CCNCC3)cc2)nc1Nc1ccc2cn[nH]c2c1,P16234,9.7447,6.9897,=,=,IC50
CCCC[C@]1(CC)CS(=O)(=O)c2cc(CCCNCCS(=O)(=O)O)c(OC)cc2[C@@H](c2ccccc2)N1,CCCCC1(CCCC)CS(=O)(=O)c2ccc(N(C)C)cc2[C@@H](c2ccc[n+](C)c2)[C@H]1O,Q12908,5.6126,6.6576,=,=,IC50
CC(C)c1cnc(NC(=O)Cc2ccccc2)s1,CC(C)n1cnc2c(NCc3ccccc3)nc(N[C@@H](CO)c3ccccc3)nc21,Q00535,7.1938,5.2218,=,=,IC50
CN1C(=O)[C@@H](N2CCc3cn(CC4CCS(=O)(=O)CC4)nc3C2=O)COc2ccccc21,COc1cccc([C@@H](C)NC(=O)N2CCN(c3ccncn3)C[C@H]2C)c1,Q13976,6.0,4.4377,=,=,IC50
CN1CCN(C2CCN(c3nnc(N)[nH]3)CC2)C(Cc2ccc(Cl)cc2)C1,CN(CCc1ccc(C(C)(C)C)cc1)C1CCN(c2nc(N)n[nH]2)CC1,Q9BZP6,6.2596,4.8794,=,=,IC50
C[S+]([O-])c1ccc(-c2nc(-c3ccc(F)cc3)c(-c3ccncc3)[nH]2)cc1,CC[C@@H]1C(=O)N(C)c2cnc(Nc3ccc(C(=O)NC4CCN(C)CC4)cc3OC)nc2N1C1CCCC1,Q15418,6.4949,5.2676,=,=,Kd
CS[C@@H](NC(=O)[C@@H](Cc1cccnc1)NC(=O)[C@@H](Cc1ccc(Cl)cc1)NC(=O)[C@@H](Cc1ccc2ccccc2c1)NC(C)=O)C(=O)N[C@@H](Cc1ccc(NC(C)=O)cc1)C(=O)N[C@H](Cc1ccc(NC(C)=O)cc1)C(=O)N[C@@H](CC(C)C)C(=O)N[C@@H](CCCCNC(C)C)C(=O)N1CCC[C@H]1C(=O)N[C@H](C)C(N)=O,Cc1cc(C)cc(-c2[nH]c3ccc(C(=O)N(CC(C)C)CC(C)C)cc3c2CCNCCCCc2cccnc2)c1,P30968,7.6021,7.6109,=,=,IC50
COc1cccc(N2CCN(c3ccc4c(N)nncc4c3)CC2)c1,Nc1nncc2cc(N3CCN(C(=O)c4ccccc4)CC3)ccc12,P09871,5.8539,5.2924,=,=,IC50
Nc1ncc(-c2cc(N3CC4CCC(C3)N4C3COC3)nc(N3CC4CC3C4)n2)cn1,Nc1ncc(-c2cc([C@H]3[C@@H]4CC(N5CCOCC5)C[C@@H]43)nc(C3CC3)n2)cc1OC(F)F,Q12852,6.6778,8.3285,=,=,Ki
O=C(O)[C@H]1C[C@@H](O)CN1,CC(C)C[C@H](N)C(=O)O,Q7Z2H8,2.4815,1.0,=,=,Ki
Cn1c(=O)c(Oc2ccc(F)cc2F)cc2cnc(NC3CCOCC3)nc21,Cc1ccc(-n2nc(C(C)(C)C)cc2NC(=O)Nc2ccc(OCCN3CCOCC3)c3ccccc23)cc1,Q15759,7.5376,6.6576,=,=,Kd
Cn1c(/C=C/C(=O)NO)ccc1C(=O)Cc1ccccc1,O=C(/C=C/c1ccc2c(c1)nc(CCc1ccccc1)n2CCN1CCCCC1)NO,P56524,4.757,8.0605,=,=,Ki
O=C1c2c(O)ccc(O)c2C(=O)c2c(NCCNCCO)ccc(NCCNCCO)c21,N=C(N)Nc1ccc(Cl)cc1,O75751,4.2182,5.5528,=,=,IC50
O=C(NO)C(c1ccc(F)cc1)c1ccc(F)cc1,O=C(NO)[C@@H]1[C@H](c2ccccc2)[C@H]1c1ccc(-c2cnco2)cc1,Q8WUI4,5.7545,7.5229,=,=,IC50
CC(=O)N1CCC[C@H]1C(=O)N[C@@H](CC(C)C)C(=O)N[C@H]1Cc2c[n+](cn2CCCCCCCCc2ccccc2)CCCCNC(=O)[C@H]([C@@H](C)OP(=O)(O)O)NC(=O)[C@H](CO)NC1=O,CC[C@@H]1C(=O)N(C)c2cnc(-n3ccc4cc(C(=O)NC)ccc43)nc2N1C1CCCC1,Q9NYY3,6.2147,8.0655,=,=,IC50
NC1=NC(CC(=O)O)CN1,NCCCC(=O)O,Q9NSD5,3.8894,4.585,=,=,IC50
COCC(COC)n1c(NS(=O)(=O)[C@@H](C)[C@H](C)c2ncc(Cl)cn2)nnc1-c1nn(C)c2ccc(C)cc12,COc1cccc(OC)c1-n1c(NS(=O)(=O)C[C@](C)(O)c2ncc(C#N)cn2)nnc1-c1ccc(C)o1,P35414,8.0,8.7959,=,=,EC50
CCC1(CC(C)C(=O)N2CCN(c3cccc(F)c3)[C@@H](C)C2)NC(=O)NC1=O,C[C@]1(CS(=O)(=O)N2CCN(c3ncc(OCc4cccc(C#N)c4)cn3)CC2)NC(=O)NC1=O,P50281,5.4389,4.271,=,=,IC50
COc1ccc(Cl)cc1S(=O)(=O)c1nn(C)c2ccc(C(=O)Nc3ccc(C(=O)O)c(Cl)c3)cc12,O=C(COc1ccccc1)N1CCCC[C@@H]1c1nc(-c2ccc3nccn3c2)no1,P23786,4.6708,4.8392,=,=,IC50
CC[C@H](C)[C@H]1NC(=O)[C@H](CCCN=C(N)N)NC(=O)[C@H]2CCCN2C(=O)[C@H](CC(N)=O)NC(=O)[C@@H](CC(=O)O)NC(=O)[C@H](NC(=O)[C@H](CC(C)C)NC(=O)[C@H](C)NC(=O)[C@H](C)c2ccc(CC(C)C)cc2)CSSC[C@H](C(=O)N[C@@H](CCC(N)=O)C(=O)N[C@@H](Cc2ccccc2)C(=O)N[C@H](C(=O)N[C@@H](CCC(=O)O)C(=O)NCC(N)=O)C(C)C)NC(=O)[C@@H](Cc2ccc(O)cc2)NC(=O)[C@H](Cc2c[nH]c3ccccc23)NC(=O)[C@@H](CCCN=C(N)N)NC(=O)[C@H](CC(=O)O)NC1=O,N=C(N)NCCC[C@H](NC(=O)[C@H](CC(N)=O)NC(=O)[C@@H](Cc1ccccc1)NS(=O)(=O)Cc1ccccc1)C(=O)c1nccs1,P08709,7.8356,5.9872,=,=,IC50
CCOC(=O)C(=O)Nc1cc(C(=O)OCC(C)C)cc(NC(=O)C(=O)OCC)c1Cl,COc1ccc(C(=O)Nc2cc(Cl)cc3c(=O)cc(C(=O)O)oc23)cc1,Q9HC97,7.5935,7.7724,=,=,EC50
Cc1ncc(C(=O)Nc2cccc([C@H](C)Sc3nncn3C)c2)nc1C1CC1,C[C@H](Cc1nncn1C)c1cccc(NC(=O)c2cccc(S(C)(=O)=O)n2)c1,Q13191,6.7607,6.5214,=,=,IC50
O=C(Nc1nc2ccccc2s1)C(c1ccccc1)S(=O)(=O)O,Oc1cc2ccccc2cc1C(O)(C(F)(F)F)C(F)(F)F,Q12923,4.4685,3.8931,=,=,IC50
N#Cc1ccc(-c2nc3sccn3c2CNCCc2ccc(Cl)c(Cl)c2)cc1,Clc1ccc(-c2nc3sccn3c2COCCc2ccc(Cl)c(Cl)c2)cc1,Q14994,5.8239,6.7212,=,=,EC50
COc1ccc(C(OCCN2CCCC(C(=O)O)C2)(c2ccc(C)cc2)c2ccc(C)cc2)cc1,COc1ccc(C(OCCN2CCCC(C(=O)O)C2)(c2ccccc2)c2ccccc2)cc1,P48066,4.699,3.7496,=,=,IC50
Fc1ccc2[nH]cc(C3CCN(C4Cc5cccc6cccc4c56)CC3)c2c1,CC[C@H](C)[C@H](NC(=O)[C@H](CCCNC(=N)N)NC(=O)[C@H](Cc1ccc(O)cc1)NC(=O)[C@H](Cc1ccccc1)NC(=O)[C@H](CCCNC(=N)N)NC(=O)c1ccccc1)C(=O)N[C@@H](CCCCN)C(N)=O,P41146,4.5654,7.7375,=,=,EC50
Cc1ccc(NC(=O)Nc2nnc(COc3ccc(C)cc3C)s2)cc1,Cc1ccc(OCc2nnc(NC(=O)Nc3ccc(F)c(Cl)c3)s2)c(C)c1,P23469,5.6073,5.7305,=,=,IC50
N#Cc1ccc(C(=O)Nc2ccc(S(=O)(=O)Nc3ccccc3)cc2)c(Cl)c1,O=C(Nc1ccc(S(=O)(=O)Nc2ccccc2)cc1)c1cc(F)c(Br)cc1F,Q9NS67,6.01,6.38,=,=,EC50
N#Cc1cc(CC(C#N)C(=O)Nc2nc(-c3ccccc3)cs2)ccc1O,Cc1ccnc(-c2csc(NC(=O)C(C#N)Cc3ccc(O)c(O)c3)n2)c1,P49959,4.301,5.2218,=,=,IC50
O=Cc1cccc(C2=C(NC(=O)c3ccccc3)C(=O)c3ccccc3C2=O)c1,O=C1NC(=S)S/C1=C\c1cc(I)c(O)c(I)c1,P18440,5.0,6.6708,=,=,IC50
CO[C@@H]1[C@H](N(C)C(=O)c2ccccc2)C[C@H]2O[C@]1(C)n1c3ccccc3c3c4c(c5c6ccccc6n2c5c31)C(=O)NC4,CC(C)n1nc(-c2cc3cc(O)ccc3[nH]2)c2c(N)ncnc21,P24723,6.5376,6.0915,=,=,Kd
NCCNC(=O)/C=C/c1ccc(C(=C2C3CC4CC(C3)CC2C4)c2ccc(O)cc2)cc1,O=S(=O)(Oc1ccccc1)C1CC2OC1C(c1ccc(/C=C/c3cc(O)cc(O)c3)cc1)=C2c1ccc(O)cc1,P03372,9.2441,7.2069,=,=,Ki
CC1(C)Oc2ccc(C#N)cc2[C@@H](Nc2nc(=O)c3ccccc3[nH]2)[C@@H]1O,CC1(C)Oc2cc(Cl)c(Cl)cc2[C@@H](Nc2noc3ccc(Cl)cc23)[C@@H]1O,O60706,5.4306,4.6055,=,=,EC50
CC1=CCC(C/C=C/C(=O)O)C1(C)C,OC[C@H]1O[C@@H](Oc2ccccc2)[C@H](O)[C@@H](O)[C@@H]1O,Q9NYV7,3.6021,3.6778,=,=,EC50
CCN1CCS/C1=C\C=C\C1=[N+](CC)CCS1,CC(=O)NCC1CCN(Cc2cc(Oc3ccc(N4CCN(CCS(C)(=O)=O)CC4)nc3)nc(-c3cc(Cl)cc(Cl)c3)c2)CC1,P09958,4.4867,8.3,=,=,IC50
CN1CC[C@H](c2c(O)cc(O)c3c(=O)cc(-c4ccccc4Cl)oc23)[C@H](O)C1,CCc1nc(C(N)=O)c(Nc2ccc(N3CCC(N4CCN(C)CC4)CC3)c(OC)c2)nc1NC1CCOCC1,P19784,5.1816,6.0177,=,=,Kd
CCCCCCCCc1ccc(CCC(N)COP(=O)(O)O)cc1,CCC(CC)CC1(O)CCN(C(=O)Nc2cc(Oc3ccncc3)cc(Oc3ccc(F)cc3)c2)CC1,O95136,8.7447,7.1892,=,=,IC50
Cc1cc(Nc2ncnc3[nH]ccc23)c(=O)n2c1C(=O)NC21CCCC1,OCCNc1ncc(Cl)c(-n2cnc3ccccc32)n1,Q9BUB5,9.5229,6.3468,=,=,IC50
CC#CCn1c(N2CCC[C@@H](N)C2)nc2c1c(=O)n(CCCN1CCC(c3cc(-c4ccccc4)on3)CC1)c(=O)n2C,O=C(Nc1ccc(F)cc1)c1cnn(-c2ccccc2)c1NC(=O)C(F)(F)F,P27487,6.7212,5.9031,=,=,IC50
COCCN1CCC(n2cc(-c3cnc(N)c(-c4ccc(=O)n(-c5cc(OC)cc(OC)c5)n4)c3)cn2)CC1,COc1cc(OC)c(F)c(N(Cc2ncc[nH]2)c2cc3cc(-c4cnn(C)c4)cnc3cn2)c1,P22607,8.2441,8.0101,=,=,IC50
CS(=O)(=O)c1cccc(N2CCN(C(=O)C3CCC(C(F)F)CC3)[C@@H](c3ccccc3)C2)c1,Cc1cc(C(F)(F)F)nc(N2CCN(c3ccc(F)c(S(C)(=O)=O)c3)C[C@H]2C(C)C)n1,Q13133,6.8632,6.9788,=,=,Ki
Cc1nn(C)c(C)c1S(=O)(=O)N1CCC(Oc2ccccc2)CC1,FC(F)(F)c1ccc2c(c1)N(CCCN1CCCCC1)c1ccccc1S2,P25090,5.2518,5.8508,=,=,IC50
COc1ccc(S(=O)(=O)NC(=O)c2cc(C(=O)O)ccn2)cc1,O=C(O)c1ccnc(C(=O)NS(=O)(=O)c2cccc3ccccc23)c1,Q6P6C2,4.7181,4.8959,=,=,IC50
CN(C)Cc1ccc(/C=C/c2n[nH]c3cc([C@@H]4C[C@@]45C(=O)Nc4ccc(F)cc45)ccc23)cc1,Brc1cccc(Sc2ccnc(Nc3ccc(N4CCOCC4)cc3)n2)c1,O00444,9.1024,5.6242,=,=,IC50
OCc1ccc(-c2ccc(Oc3cncc4sc(-c5nn[nH]n5)cc34)cc2)cc1,N#Cc1cnc2ccc(NCCN3CCOCC3)cc2c1Nc1ccc(F)c(Cl)c1,P41279,7.3979,6.0,=,=,IC50
CC(C)Oc1ccc(COc2ccc3c(c2)c(Cl)c2n3CC[C@@H]2CC(=O)O)cc1C#N,Cc1cc(CN2CC(C(=O)O)C2)ccc1NC(=O)c1cc(N(CC2CC2)C2CCCCC2)ncn1,Q9H228,7.3279,9.2218,=,=,EC50
CC(=O)c1ccccc1NS(=O)(=O)c1ccc(OC(=O)C(C)(C)C)cc1,COc1ccc(C(=O)N2C(=O)OC(C)(C)C2=O)cc1,P24158,6.3279,5.8539,=,=,IC50
CCN(CCCOc1ccc2c(Nc3cc(CC(=O)Nc4cccc(F)c4)[nH]n3)ncnc2c1)CCOP(=O)(O)O,Cc1ccc(-n2nc(C(C)(C)C)cc2NC(=O)Nc2ccc(OCCN3CCOCC3)c3ccccc23)cc1,O43353,5.7328,5.2366,=,=,Kd
Cl.O=C(NO)c1ccc(CN2c3ccccc3Sc3ccccc32)nc1,CC1(C)c2cccc(C(=O)NO)c2CN1c1nc2ncccc2o1,Q96DB2,5.3661,8.199,=,=,IC50
CC(=O)O/N=C1\C(c2c(O)[nH]c3ccccc23)=Nc2ccccc21,O=C(Nc1n[nH]c2cc(C(=O)N[C@H](CN3CCCC3)c3ccccc3)sc12)c1ccc(N2CCOCC2)cc1,Q9UQB9,6.1549,7.2076,=,=,IC50
O=C(O)c1cc(CCn2cnc3c2NC=NCC3O)c2ccccc2c1,CCOC(=O)c1cc(CCn2cnc3c2NC=NCC3O)c2c(c1OCc1ccccc1)CCCC2,Q01432,7.699,6.5229,=,=,Ki
O=C(O)Cc1cc(Cl)c(Oc2ccc(O)c(-c3ccccc3O)c2)c(Cl)c1,CCCCCCSc1cc(Cl)c(C(=O)CCN2CCN(C(C)=O)CC2)c(Cl)c1,P10828,7.3,5.9586,=,=,IC50
C#CCN(C)Cc1ccc(Br)cc1,C#CCN(C)Cc1ccc(Br)cc1C,P32322,5.0555,4.4202,=,=,IC50
CCCCCSc1ncc(C(=O)O)c(=O)[nH]1,O=C(O)CC[C@H](O)C(=O)O,Q9NWT6,4.9788,3.2737,=,=,IC50
CO[C@@H]([C@H](O)[C@@H](O)CO)[C@H](O)C[S@+]1C[C@@H](O)[C@H](O)[C@H]1CO.[Cl-],O=S(=O)([O-])O[C@@H]([C@H](O)[C@@H](O)[C@H](O)CO)[C@H](O)C[S+]1C[C@@H](O)[C@H](O)[C@H]1CO,O43451,6.301,6.8861,=,=,Ki
O=C(/C=C/c1ccc(O)c(O)c1)OCCc1ccccc1,O=C(NCCCc1ccc(F)cc1)c1cc2ccc(O)cc2oc1=O,P17516,5.3609,6.4559,=,=,IC50
C/C(C(=O)O)=C(/C)c1nc(-c2ccccc2)c(-c2ccccc2)o1,C=C(c1ccc(C(=O)O)cc1)c1cc2c(cc1C)CCCC2(C)C,P48443,5.2403,5.585,=,=,EC50
COc1cc(Br)ccc1S(=O)(=O)N1C[C@H](S(=O)(=O)c2ccc(C#N)cc2)[C@](O)(CO)C1,CC(C)(O)c1cnc(N2C[C@@]3(CCC[C@](C)(Cn4cnc5ccc(C#N)cc54)C3)OC2=O)cn1,Q9HBA0,7.2596,8.7447,=,=,IC50
COCc1nnc(C2CCN(Cc3ccc(F)cc3Cl)CC2)n1-c1ccc(OC)nc1,COCc1nnc(N2CC3(CCc4cc(F)ccc4O3)C2)n1-c1ccc(OC)nc1,P30559,5.5538,6.3969,=,=,IC50
CCCC[C@H](NC(=O)[C@H](CC(C)C)NC(=O)CNC(=O)C(CCNc1ccc([N+](=O)[O-])c2nonc12)NC(=O)[C@H](Cc1ccccc1)NC(=O)[C@H](CO)NC(=O)[C@H](CC(=O)O)NC(C)=O)C(N)=O,O=C(NC1(C(=O)N[C@H](Cc2ccccc2)C(=O)NCCCN2CCOCC2)CCCC1)c1cc2ccccc2[nH]1,P21452,5.71,8.64,=,=,Ki
C[C@@H](O)[C@H](N)C(=O)NS(=O)(=O)N1CCc2ccc(-c3ncnc4[nH]ccc34)cc2C1,CC(C)[C@@H](O)[C@H](N)C(=O)NS(=O)(=O)/C=C/c1cccc(-c2cc(N)ncn2)c1,P26639,8.284,6.2211,=,=,Ki
O=C(O)c1cccn2c(=O)c3ccccc3nc12,Cc1cc(C)nc(SCC(=O)c2ccc(O)c(O)c2)n1,P10696,3.0969,6.2218,=,=,IC50
COc1ccc(CC(=O)N2CCC3(CC2)CN([C@@H]2CCc4cc(-c5cc(C)ncn5)ccc42)C3)nc1,COc1ccc(CC(=O)N2CCC3(CC2)CN([C@H]2CCc4cc(-c5ncccn5)ccc42)C3)cc1,Q92847,7.8539,6.56,=,=,Ki
C=C1Cc2ccc(C)cc2C1=O,CC(C)SCC[C@@H](N)[C@H](O)C(=O)NCCc1ccc(Cl)cc1Cl,P53582,4.9136,4.1612,=,=,IC50
COc1cc(F)ccc1-c1cc(Nc2cc(CS(C)(=O)=O)ccn2)ncc1F,COCC(=O)Nc1cc(Oc2ccc(NC(=O)Nc3cc(C(C)(C)C)nn3-c3ccc(C)cc3)c3ccccc23)ccn1,P49840,8.1308,6.7447,=,=,Kd
CC(C)[C@H]1NC(=O)C[C@@H](C/C=C\CCC(=O)O)NC(=O)[C@@H](Cc2ccc(O)cc2)NC(=O)[C@@H](C)NC1=O,CN1C(=O)N2Cc3c(c4cc(OCCN5CCOCC5)ccc4n3Cc3ccc(C(=O)NO)cc3)[C@](C)(C2)C1=O.Cl,O15379,6.5229,6.1733,=,=,Ki
COc1ccc(-n2c(C)nc3ccc(C(=O)c4c(C)nn(C)c4O)cc3c2=O)cc1,Cc1cccc(-n2c(C)nc3ccc(C(=O)c4c(C)nn(C)c4O)cc3c2=O)c1,P32754,6.6234,7.1308,=,=,Ki
CC(C)Oc1ccc2cc(-c3nn(C(C)C)c4ncnc(N)c34)ccc2c1,O=C(Nc1nc(-c2ccc(Cl)c(Cl)c2)cs1)c1cncs1,P00519,5.6271,6.5,=,=,IC50
CC1(C)[C@@H]2C[C@H]3OB([C@@H]4CCCN4C(=O)c4ccccc4)O[C@@]3(C)[C@H]1C2,CC(C)c1cc(C(=O)O)ccc1OC[C@H]1CC[C@@H](C(=O)N2CCC[C@H]2C#N)N1,P48147,6.1152,6.6108,=,=,Ki
CC1(C)CC(O)c2cc(OCc3ccc([N+](=O)[O-])cc3)c(OCc3ccc([N+](=O)[O-])cc3)cc2O1,CC1(C)C=Cc2cc(OCc3ccc([N+](=O)[O-])cc3)c(OCc3ccc([N+](=O)[O-])cc3)cc2O1,O15455,4.3716,4.6517,=,=,EC50
